"","MAPE","MSE","THEIL","BIAS","LOG.LIK","CONF","R2.ADJ","COMMON.TREND"
"1",99.8451855206938,98.8843858208339,98.8843858208339,99.8451855206938,102.810870340335,98.9957183843787,98.9957183843787,100.498611560376
"2",100.263847749367,98.7257286569319,98.7257286569319,100.263847749367,103.193992844022,99.2381293096749,99.2381293096749,99.7196884357444
"3",99.9548216586494,98.8340853317771,98.8340853317771,99.9548216586494,103.600406579839,99.6902888813156,99.6902888813156,99.3523008035902
"4",99.6361861183467,98.8491469195224,98.8491469195224,99.6361861183467,103.962406617643,100.549034034054,100.549034034054,99.6610216527759
"5",100.50807523781,99.0644597579451,99.0644597579451,100.50807523781,104.291645193778,101.272270482204,101.272270482204,100.296428665912
"6",101.257444349098,99.8827889307341,99.8827889307341,101.257444349098,104.597462337683,102.106021096064,102.106021096064,101.218515066594
