"","MAPE","MSE","THEIL","BIAS","LOG.LIK","CONF","R2.ADJ","COMMON.TREND"
"1",102.871862575901,102.871862575901,102.871862575901,102.869305509235,102.799708895653,102.851787980793,102.851787980793,102.840190557293
"2",103.771400505395,103.771400505395,103.771400505395,103.676099426434,103.091295785927,103.712770127708,103.712770127708,103.818002772432
"3",104.076361336077,104.076361336077,104.076361336077,104.050063161066,103.348688260472,104.128151668257,104.128151668257,104.073242545418
