"","MAPE","MSE","THEIL","BIAS","LOG.LIK","CONF","R2.ADJ","COMMON.TREND"
"Frontera.norte",97.4974405571372,97.4974405571372,97.4950801805219,96.2434269771098,96.9025782530148,98.2566380535273,98.2566380535273,96.2434269771098
