"","MAPE","MSE","THEIL","BIAS","LOG.LIK","CONF","R2.ADJ","COMMON.TREND"
"1",94.9493377759477,94.802601391878,94.9493377759477,94.8622747478096,94.7175148341627,94.9248609975362,94.9248609975362,94.9931870242939
"2",95.4228626078073,95.1041038939832,95.4228626078073,95.17700755815,94.8212322633574,95.643370337197,95.643370337197,95.5778138965678
"3",95.1449648221093,94.9494344423839,95.1449648221093,94.8382942645921,94.8605405962268,95.6677908484546,95.6677908484546,95.320412611967
"4",95.6199204318678,95.4706328466132,95.6199204318678,95.2025639186702,94.9900831944697,96.1794306079387,96.1794306079387,95.7301907290118
"5",96.2074940970678,95.818761502079,96.2074940970678,95.4258508396265,95.1792191705156,96.9043301459887,96.9043301459887,96.0470491766065
"6",96.5735125770758,96.2289552755656,96.5735125770758,95.6444455808728,95.3177283652074,97.344884530058,97.344884530058,96.3143785188488
