"","MAPE","MSE","THEIL","BIAS","LOG.LIK","CONF","R2.ADJ","COMMON.TREND"
"1",100.757000143002,100.757000143002,100.757000143002,100.067596723833,100.814528746776,99.7863755586872,99.7863755586872,100.075435981391
"2",100.765297573409,100.765297573409,100.765297573409,100.189088345368,100.974699933304,99.6678378415777,99.6678378415777,100.348680109378
"3",101.036162535425,101.036162535425,101.036162535425,100.788246153537,101.226416263744,100.405076263462,100.405076263462,100.225150022815
