"","MAPE","MSE","THEIL","BIAS","LOG.LIK","CONF","R2.ADJ","COMMON.TREND"
"Noroeste",101.617678497562,101.617678497562,101.67395744354,101.617678497562,101.115951407039,101.681615566489,101.681615566489,100.708003254169
