"","MAPE","MSE","THEIL","BIAS","LOG.LIK","CONF","R2.ADJ","COMMON.TREND"
"1",98.1408061810009,98.1408061810009,98.1408061810009,98.4450650993187,98.6641488641136,98.5189661990748,98.5189661990748,98.4432886908199
"2",98.5297109111415,98.5297109111415,98.5297109111415,98.6351861523681,99.0963518174043,98.8900501331439,98.8900501331439,98.9111456187716
"3",97.9216561132487,97.9216561132487,97.9216561132487,98.3748820826502,99.3806967051674,98.5986693977498,98.5986693977498,98.2921957480151
