"","MAPE","MSE","THEIL","BIAS","LOG.LIK","CONF","R2.ADJ","COMMON.TREND"
"1",101.189659620352,101.189659620352,101.189659620352,101.352070074003,101.621966718645,102.057351495281,102.057351495281,101.843500009363
"2",98.9776889571193,98.9776889571193,98.9776889571193,101.009345656475,101.82245356998,101.442527789243,101.442527789243,101.367983738401
"3",98.4732265686056,98.4732265686056,98.4732265686056,100.75243452985,102.037436191002,100.860072321058,100.860072321058,100.681477582911
