"","MAPE","MSE","THEIL","BIAS","LOG.LIK","CONF","R2.ADJ","COMMON.TREND"
"1",97.3339315334235,97.3339315334235,97.3339315334235,97.5547077553535,97.0916781360895,98.0509525872468,98.0509525872468,97.7231864795184
"2",97.8937495171833,97.8937495171833,97.8937495171833,97.9013240670234,97.3501739786795,98.3693276441651,98.3693276441651,98.1148363533308
"3",98.1921110512879,98.1921110512879,98.1921110512879,97.9594438842594,97.399556016043,98.7194970781044,98.7194970781044,98.4689457787931
