"","MAPE","MSE","THEIL","BIAS","LOG.LIK","CONF","R2.ADJ","COMMON.TREND"
"Sur",102.097536639172,102.097536639172,102.097536639172,102.03094449822,102.011486223095,102.355537686438,102.355537686438,102.117686800772
