"","MAPE","MSE","THEIL","BIAS","LOG.LIK","CONF","R2.ADJ","COMMON.TREND"
"Noreste",95.1913843446823,95.1913843446823,95.169087398321,94.9430984465671,94.8585961214776,95.1564291725144,95.1564291725144,94.727022189514
