"","MAPE","MSE","THEIL","BIAS","LOG.LIK","CONF","R2.ADJ","COMMON.TREND"
"1",92.6925996529281,92.6925996529281,92.6925996529281,92.7370525162242,92.7165248332189,92.8074104456594,92.8074104456594,92.6881470237691
"2",92.9331809066118,92.9331809066118,92.9331809066118,92.9946902404609,92.9825366486445,93.2178069459671,93.2178069459671,92.9557601182157
"3",93.1552447982188,93.1552447982188,93.1552447982188,93.2133995138512,93.2385955108825,93.3426179032426,93.3426179032426,93.1599697225821
