"","MAPE","MSE","THEIL","BIAS","LOG.LIK","CONF","R2.ADJ","COMMON.TREND"
"1",98.0426199930433,98.0426199930433,98.0426199930433,97.8264129977837,97.7689818232826,98.0880491573664,98.2722272602492,98.2437426115106
"2",98.6684056730267,98.6684056730267,98.6684056730267,98.3106779702445,98.2557838977124,98.5161728534887,98.9697046616874,98.8475520562337
"3",99.0698776718263,99.0698776718263,99.0698776718263,98.706775118378,98.6473153490304,98.8361684090512,99.4843593439056,99.3157732358373
"4",99.5397868850806,99.5397868850806,99.5397868850806,99.2069297892902,99.0529158101226,99.281085469721,100.131825035213,99.9413158510002
"5",99.7992375082742,99.7992375082742,99.7992375082742,99.4743646379733,99.448098230899,99.4647296534806,100.412143312744,100.147341098606
"6",100.063746414381,100.063746414381,100.063746414381,99.7554634337119,99.7783542081164,99.7103062688465,100.737851616794,100.410771204394
