"","MAPE","MSE","THEIL","BIAS","LOG.LIK","CONF","R2.ADJ","COMMON.TREND"
"Nacional",94.8441690462466,94.8443418916878,94.8443418916878,94.6954001725467,95.0822794229424,94.9477090404336,94.9477090404336,94.705798090883
