"","MAPE","MSE","THEIL","BIAS","LOG.LIK","CONF","R2.ADJ","COMMON.TREND"
"1",93.9209721952875,93.817963433282,93.817963433282,93.9516833799682,93.9476435914857,93.817963433282,93.8225700380961,93.8077437580914
"2",94.2080063905603,94.0782508597245,94.0782508597245,94.334566967235,94.300805833535,94.0782508597245,94.2003537290496,93.9515309219123
"3",94.3995605017607,94.4550333416036,94.4550333416036,94.6877681215229,94.6459920199398,94.4550333416036,94.3865984985922,94.0819023020294
"4",94.6900886646057,94.8245356985694,94.8245356985694,94.9977878603966,94.9663722674842,94.8245356985694,94.7667682927811,94.4704220807563
"5",94.9873052067428,95.1557572314192,95.1557572314192,95.27560980953,95.2535312533988,95.1557572314192,95.2026387688911,94.866300259609
"6",95.2509168998143,95.5623072909313,95.5623072909313,95.5228663978832,95.5141466321231,95.5623072909313,95.8878818362278,95.3330454747621
