"","MAPE","MSE","THEIL","BIAS","LOG.LIK","CONF","R2.ADJ","COMMON.TREND"
"1",99.2553231675594,99.2553231675594,99.2553231675594,99.7924878026283,99.5145112459733,99.3611059482916,99.3611059482916,98.4234971084237
"2",99.5715585802412,99.5715585802412,99.5715585802412,99.9907921940585,99.713150871383,99.4774226669163,99.4774226669163,97.7943304993963
"3",99.8679741518691,99.8679741518691,99.8679741518691,100.209839874798,100.454570760946,100.490876218396,100.490876218396,98.5148316519472
"4",99.8486373750572,99.8486373750572,99.8486373750572,100.291191887819,101.132961987255,101.013170381391,101.013170381391,98.764116588325
"5",100.834460720735,100.834460720735,100.834460720735,101.566885909021,101.719093785456,101.756235498859,101.756235498859,99.6882745464587
"6",104.38486178961,104.38486178961,104.38486178961,104.481411433808,102.244735931391,105.97403737202,105.97403737202,100.600143394649
