"","MAPE","MSE","THEIL","BIAS","LOG.LIK","CONF","R2.ADJ","COMMON.TREND"
"1",101.166474005025,101.166474005025,101.166474005025,101.166474005025,101.273296265256,101.471195371606,101.471195371606,101.07017294045
"2",101.480245833237,101.480245833237,101.480245833237,101.480245833237,101.594275333947,102.355403954148,102.355403954148,101.339664502327
"3",101.796629982492,101.796629982492,101.796629982492,101.796629982492,101.909597088911,102.990468568803,102.990468568803,101.663725872032
