"","MAPE","MSE","THEIL","BIAS","LOG.LIK","CONF","R2.ADJ","COMMON.TREND"
"1",93.6443224534894,93.6443224534894,93.6443224534894,93.6446974870683,93.5679214770046,93.704889879514,93.85402822227,93.5162429833505
"2",94.0372906621637,94.0372906621637,94.0372906621637,93.8962624607739,93.751596980821,93.9880716865755,94.3923458634315,93.69959118264
"3",94.2038205079606,94.2038205079606,94.2038205079606,94.0005668225826,93.9195275511324,94.0401586931945,94.5768523741893,93.6603839932473
"4",94.4156442580322,94.4156442580322,94.4156442580322,94.2906321644741,94.1563205249257,94.2904823756195,95.096458466193,93.7309784542784
"5",94.7663484477394,94.7663484477394,94.7663484477394,94.6719661386745,94.4112802439414,94.5516798882533,95.7202884397905,93.8598060643225
"6",95.1290367060861,95.1290367060861,95.1290367060861,94.9899783746783,94.6624758190978,94.8315586136695,96.2626316508036,94.1646855703139
