"","MAPE","MSE","THEIL","BIAS","LOG.LIK","CONF","R2.ADJ","COMMON.TREND"
"1",98.312369450433,98.4620666710121,98.4620666710121,98.38409957414,98.4281218144117,98.2921036737604,98.2921036737604,98.4034386074754
"2",98.6465124640717,98.8025480512423,98.8025480512423,98.7107220383357,98.8377458903764,98.6600893886164,98.6600893886164,98.5053409562819
"3",98.9931185601013,99.1942131618924,99.1942131618924,99.1297769953338,99.2880452385692,98.9777400658954,98.9777400658954,98.8839741591056
"4",99.3502641873175,99.5109367724482,99.5109367724482,99.4425896175763,99.7534085322932,99.0696747932227,99.0696747932227,99.2103133470881
"5",99.7169041983323,99.9363125279304,99.9363125279304,99.9496588447515,100.229938522809,99.5914009924061,99.5914009924061,99.659151624227
"6",100.065540031924,100.343885618943,100.343885618943,100.339304253136,100.708283480185,100.202403280445,100.202403280445,100.156173154681
