"","MAPE","MSE","THEIL","BIAS","LOG.LIK","CONF","R2.ADJ","COMMON.TREND"
"1",98.5408519590282,98.4107407631154,98.4107407631154,98.7253124122936,98.6725166638425,98.7502920193191,98.7502920193191,98.7502920193191
"2",98.9986975223765,98.4597461398107,98.4597461398107,99.0847806394115,98.9593215734753,99.2225467541551,99.2225467541551,99.2225467541551
"3",99.2478076652811,98.3440173116363,98.3440173116363,99.4239526780489,99.2079508649628,99.6096658026808,99.6096658026808,99.6096658026808
"4",98.908218947296,98.0013260221488,98.0013260221488,99.8024306047086,99.4798848244494,99.1077537183784,99.1077537183784,99.1077537183784
"5",98.8261476859758,98.0256577911953,98.0256577911953,100.189283684359,99.7815779878876,99.0256037053624,99.0256037053624,99.0256037053624
"6",99.4207166796405,98.2523913739628,98.2523913739628,100.586446290048,100.106111893883,99.4200248827005,99.4200248827005,99.4200248827005
