"","MAPE","MSE","THEIL","BIAS","LOG.LIK","CONF","R2.ADJ","COMMON.TREND"
"1",97.8616056804229,97.8616056804229,97.8616056804229,97.7122564455964,97.7465624774595,98.0006094632748,98.0006094632748,97.9440698317729
"2",98.1825480898948,98.1825480898948,98.1825480898948,97.893378240438,98.0315291153043,98.3729786871146,98.3729786871146,98.2835695339687
"3",98.494485095814,98.494485095814,98.494485095814,98.1117099466225,98.1999533548653,99.1174386363626,99.1174386363626,98.7365640939646
