"","MAPE","MSE","THEIL","BIAS","LOG.LIK","CONF","R2.ADJ","COMMON.TREND"
"1",99.2584842436994,99.2584842436994,99.2584842436994,99.1152319941591,99.9294576463173,99.2326676686213,99.2326676686213,99.4077076575326
"2",98.7506946195607,98.7506946195607,98.7506946195607,99.1885793388858,100.144317781298,98.8691931016029,98.8691931016029,100.036746205401
"3",98.8634217611582,98.8634217611582,98.8634217611582,99.1956988525254,100.42982723691,98.8736275540927,98.8736275540927,100.205613061083
"4",99.3069284778443,99.3069284778443,99.3069284778443,99.5465454000945,100.825068243964,99.5642458506197,99.5642458506197,100.574681778339
"5",99.8805950291041,99.8805950291041,99.8805950291041,99.882921317773,101.143972030332,100.008053201577,100.008053201577,100.913025802021
"6",100.395569463278,100.395569463278,100.395569463278,100.287846026184,101.497470783018,100.694878378445,100.694878378445,101.672170359349
