"","MAPE","MSE","THEIL","BIAS","LOG.LIK","CONF","R2.ADJ","COMMON.TREND"
"1",99.6012659455017,99.6012659455017,99.6012659455017,99.3377212654532,99.4630070811161,99.3606020113767,99.3606020113767,99.2077423796098
"2",99.322518118704,99.322518118704,99.322518118704,99.7221117028967,99.8238131299638,99.1763448323976,99.1763448323976,98.4050369786466
"3",99.2333262793113,99.2333262793113,99.2333262793113,100.077044595607,100.238722511648,99.1777392200465,99.1777392200465,98.762420200068
