"","MAPE","MSE","THEIL","BIAS","LOG.LIK","CONF","R2.ADJ","COMMON.TREND"
"1",97.2840578087453,97.2840578087453,97.2840578087453,97.1626149741655,96.7241335479352,97.3116680484281,97.3116680484281,97.2840578087453
"2",98.3939065923,98.3939065923,98.3939065923,98.0907586665718,97.0679100147491,98.7258954681074,98.7258954681074,98.3939065923
"3",98.9132018589305,98.9132018589305,98.9132018589305,98.3684343575307,97.2883823328236,99.3567422203769,99.3567422203769,98.9132018589305
