"","MAPE","MSE","THEIL","BIAS","LOG.LIK","CONF","R2.ADJ","COMMON.TREND"
"1",98.7591741734586,98.7591741734586,98.7591741734586,98.8163982509067,98.7314951283814,98.6942656222156,98.6942656222156,98.8978924035502
"2",99.1192143348046,99.1192143348046,99.1192143348046,99.1329200654401,98.9398780202832,99.0268838511656,99.0268838511656,99.1404195686712
"3",99.5431912592932,99.5431912592932,99.5431912592932,99.6561528725363,99.2031948982169,99.6192769546776,99.6192769546776,99.624293063441
"4",99.992521286518,99.992521286518,99.992521286518,100.041406259021,99.4898496709888,100.072242938868,100.072242938868,100.124383315178
"5",100.39491035212,100.39491035212,100.39491035212,100.46744374587,99.7892631471654,100.697123998056,100.697123998056,100.66768844275
"6",100.754662669642,100.754662669642,100.754662669642,100.707001953837,100.093049171604,101.126203182653,101.126203182653,101.021548336536
