"","MAPE","MSE","THEIL","BIAS","LOG.LIK","CONF","R2.ADJ","COMMON.TREND"
"1",98.8753581068,98.9120383418935,98.8753581068,98.9424292865763,98.8628214384208,98.816248957166,98.816248957166,99.0349982208354
"2",99.2210632712458,99.2271197298633,99.2210632712458,99.1580917301017,99.0708252212568,98.9300388693317,98.9300388693317,99.0714703805337
"3",99.6384024250036,99.6612858460551,99.6384024250036,99.6958429979961,99.3638702704508,99.2694851531488,99.2694851531488,99.3597557080121
