"","MAPE","MSE","THEIL","BIAS","LOG.LIK","CONF","R2.ADJ","COMMON.TREND"
"1",102.155985004952,102.17316163619,102.17316163619,102.17316163619,102.150789684429,102.475215942862,102.475215942862,102.360523545036
"2",102.564811817921,102.494469140258,102.494469140258,102.494469140258,102.554514777506,103.009124347666,103.009124347666,102.829687473548
"3",102.91426740861,102.79419622927,102.79419622927,102.79419622927,102.956583700523,103.438007599492,103.438007599492,103.199845190384
