"","MAPE","MSE","THEIL","BIAS","LOG.LIK","CONF","R2.ADJ","COMMON.TREND"
"1",93.9209721952875,93.817963433282,93.817963433282,93.9516833799682,93.9476435914857,93.817963433282,93.817963433282,93.8890819214529
"2",94.2080063905603,94.0782508597245,94.0782508597245,94.334566967235,94.300805833535,94.0782508597245,94.0782508597245,94.1864467138563
"3",94.3995605017607,94.4550333416036,94.4550333416036,94.6877681215229,94.6459920199398,94.4550333416036,94.4550333416036,94.4167154001066
