"","MAPE","MSE","THEIL","BIAS","LOG.LIK","CONF","R2.ADJ","COMMON.TREND"
"1",94.6353436753982,94.989561564059,94.989561564059,94.8956271551103,94.8734966647717,94.6353436753982,94.6353436753982,94.6623923105775
"2",94.8310074787901,95.0460669295244,95.0460669295244,95.1659390068287,95.0981174677184,94.8310074787901,94.8310074787901,94.7937809728688
"3",95.2286891022988,95.4437138310126,95.4437138310126,95.38255920647,95.3240897860193,95.2286891022988,95.2286891022988,95.1071988757441
