"","MAPE","MSE","THEIL","BIAS","LOG.LIK","CONF","R2.ADJ","COMMON.TREND"
"1",99.3489159025128,99.3489159025128,99.3489159025128,99.4583988401123,99.0918068043184,99.4187566200598,99.4187566200598,99.4495723998727
"2",99.8441074775897,99.8441074775897,99.8441074775897,100.10325832104,99.3122006176909,99.9271335086135,99.9271335086135,99.9944002077763
"3",100.359152046051,100.359152046051,100.359152046051,100.640600463747,99.6234760508202,100.391817428108,100.391817428108,100.541717739314
"4",100.781273217272,100.781273217272,100.781273217272,101.244996702588,99.9988954017633,101.007453644486,101.007453644486,101.07639063509
"5",101.360769896461,101.360769896461,101.360769896461,101.831634356516,100.411063406808,101.783555201533,101.783555201533,101.730041422899
"6",101.967731189158,101.967731189158,101.967731189158,102.34099998322,100.839784226807,102.420139679981,102.420139679981,102.234636403234
