"","MAPE","MSE","THEIL","BIAS","LOG.LIK","CONF","R2.ADJ","COMMON.TREND"
"1",98.0068686008781,98.0068686008781,98.0068686008781,97.9818721529988,97.877407397958,98.3525724611641,98.3525724611641,98.0972150520427
"2",98.2863346793023,98.2863346793023,98.2863346793023,98.3087636935793,98.3273984463724,98.8541297583131,98.8541297583131,98.4235090734343
"3",98.7010213326957,98.7010213326957,98.7010213326957,98.7382233287173,98.5563565679423,99.6820314760673,99.6820314760673,98.9507739308798
"4",99.0421733595383,99.0421733595383,99.0421733595383,99.2174478393156,98.7938413636506,100.237737617558,100.237737617558,99.3724362392756
"5",99.4099606570112,99.4099606570112,99.4099606570112,99.5129841216118,98.9851041319327,100.711197502257,100.711197502257,99.7650661950701
"6",99.2262862440017,99.2262862440017,99.2262862440017,99.5067429264856,99.1819983354825,100.572012669497,100.572012669497,99.7066611650201
