"","MAPE","MSE","THEIL","BIAS","LOG.LIK","CONF","R2.ADJ","COMMON.TREND"
"1",99.2553231675594,99.2553231675594,99.2553231675594,99.7924878026283,99.5145112459733,99.3611059482916,99.3611059482916,98.4234971084237
"2",99.5715585802412,99.5715585802412,99.5715585802412,99.9907921940585,99.713150871383,99.4774226669163,99.4774226669163,97.7943304993963
"3",99.8679741518691,99.8679741518691,99.8679741518691,100.209839874798,100.454570760946,100.490876218396,100.490876218396,98.5148316519472
