"","MAPE","MSE","THEIL","BIAS","LOG.LIK","CONF","R2.ADJ","COMMON.TREND"
"1",97.7860781850119,97.7860781850119,97.7860781850119,97.7860781850119,97.7040111716146,97.7279008742414,97.7279008742414,97.7181581440028
"2",98.1078976609359,98.1078976609359,98.1078976609359,98.1078976609359,98.0705000188677,97.9887823457622,97.9887823457622,98.1198073527429
"3",98.5291564447374,98.5291564447374,98.5291564447374,98.5291564447374,98.4145572773514,98.3484183398514,98.3484183398514,98.4381338731522
