"","MAPE","MSE","THEIL","BIAS","LOG.LIK","CONF","R2.ADJ","COMMON.TREND"
"1",102.532684622674,102.532684622674,102.532684622674,100.572751296855,101.907817822483,102.739865315975,102.739865315975,100.258265123294
"2",101.546737160805,101.546737160805,101.546737160805,99.5625177829967,102.424192220726,102.904055888687,102.904055888687,98.6768565773842
"3",98.7030892509034,98.7030892509034,98.7030892509034,98.7550094851809,102.865570223563,99.5736834183788,99.5736834183788,98.1439461492221
