"","MAPE","MSE","THEIL","BIAS","LOG.LIK","CONF","R2.ADJ","COMMON.TREND"
"1",96.5626693759287,96.5626693759287,96.5626693759287,96.5212598620723,96.5300247649925,96.5224124381828,96.494048659373,96.4910442049632
"2",96.9181037632262,96.9181037632262,96.9181037632262,96.9511272924974,96.775685888949,96.8064219550526,96.9196264726574,96.9536760207238
"3",97.275618890348,97.275618890348,97.275618890348,97.3338525269723,97.0053881016946,97.1747201185365,97.3327358440891,97.4036862016949
"4",97.4642753483751,97.4642753483751,97.4642753483751,97.5774498118099,97.256604224333,97.4611220246536,97.6855408110607,97.8240082370396
"5",97.7195975719568,97.7195975719568,97.7195975719568,97.8994257943114,97.513217837918,97.8214119263336,98.0933689839388,98.3154935823578
"6",98.0001183299968,98.0001183299968,98.0001183299968,98.176950172134,97.7788447149947,98.0017940779454,98.3346796040633,98.6059806408959
