"","MAPE","MSE","THEIL","BIAS","LOG.LIK","CONF","R2.ADJ","COMMON.TREND"
"1",97.3339315334235,97.3339315334235,97.3339315334235,97.5547077553535,97.0916781360895,98.0509525872468,98.0509525872468,98.0063204422564
"2",97.8937495171833,97.8937495171833,97.8937495171833,97.9013240670234,97.3501739786795,98.3693276441651,98.3693276441651,98.4966667100469
"3",98.1921110512879,98.1921110512879,98.1921110512879,97.9594438842594,97.399556016043,98.7194970781044,98.7194970781044,99.1373458112761
"4",98.5660526268051,98.5660526268051,98.5660526268051,98.2733204021716,97.4879816717565,99.399305465253,99.399305465253,100.039319445422
"5",98.6489688286401,98.6489688286401,98.6489688286401,98.40991046271,97.4409156840901,99.4395853909363,99.4395853909363,99.99687154809
"6",98.9906390190476,98.9906390190476,98.9906390190476,98.6141262480268,97.412060311457,99.8802652946714,99.8802652946714,100.590898738636
