"","MAPE","MSE","THEIL","BIAS","LOG.LIK","CONF","R2.ADJ","COMMON.TREND"
"1",98.867659942076,98.867659942076,98.867659942076,99.0361765726651,99.0707432094246,99.3458517650628,99.3458517650628,98.9835867466468
"2",99.0697182767114,99.0697182767114,99.0697182767114,99.3301280996,99.1428640743578,99.7192942838326,99.7192942838326,99.1469716130248
"3",99.3692445388012,99.3692445388012,99.3692445388012,99.7094157465872,99.3207418421671,100.184532674642,100.184532674642,99.313045919832
"4",99.8076338767431,99.8076338767431,99.8076338767431,100.248445890048,99.5634254290262,100.748395298902,100.748395298902,99.5828521722714
"5",100.274356279297,100.274356279297,100.274356279297,100.889407366869,99.845049484188,101.615259328165,101.615259328165,100.131321644172
"6",100.788446793864,100.788446793864,100.788446793864,101.456963307177,100.147834062683,102.320880696803,102.320880696803,100.611631113664
