"","MAPE","MSE","THEIL","BIAS","LOG.LIK","CONF","R2.ADJ","COMMON.TREND"
"1",100.444156227947,100.444156227947,100.444156227947,100.36796153051,100.335756981815,100.439902080376,100.48781868088,100.52889952696
"2",100.863010800763,100.863010800763,100.863010800763,100.795632124626,100.804229149305,101.097881242716,101.267948769554,101.198074993178
"3",101.262023988103,101.262023988103,101.262023988103,101.28083506827,101.273299220094,101.890034734125,102.037850733037,101.804375800878
"4",101.780521755579,101.780521755579,101.780521755579,101.819378195413,101.751730411536,102.744008282327,102.975595830719,102.693580470003
"5",102.217470851918,102.217470851918,102.217470851918,102.329310098126,102.232363819134,103.417577146867,103.713818983653,103.240937373171
"6",102.646509090854,102.646509090854,102.646509090854,102.766716041234,102.703928726342,103.994118293583,104.326334584087,103.717579832152
