"","MAPE","MSE","THEIL","BIAS","LOG.LIK","CONF","R2.ADJ","COMMON.TREND"
"1",98.9245691064464,98.9245691064464,98.9245691064464,98.9260490782184,98.8489778787603,98.9474491581291,98.9474491581291,99.2136707350638
"2",99.049815071163,99.049815071163,99.049815071163,99.0086052163334,98.9392360829702,99.1168900448912,99.1168900448912,99.2692400876007
"3",99.4472759997066,99.4472759997066,99.4472759997066,99.2987583330972,99.1577808791973,99.555093460755,99.555093460755,99.6399010638582
