"","MAPE","MSE","THEIL","BIAS","LOG.LIK","CONF","R2.ADJ","COMMON.TREND"
"Centro.sur",99.3782050767508,99.3782050767508,99.3782050767508,99.4934451971657,99.3388337438756,99.4612094334434,99.4612094334434,99.3863626595749
