"","MAPE","MSE","THEIL","BIAS","LOG.LIK","CONF","R2.ADJ","COMMON.TREND"
"Sur",99.2584842436994,99.2584842436994,99.2584842436994,99.1152319941591,99.9294576463173,99.2326676686213,99.2326676686213,98.88605305477
