"","MAPE","MSE","THEIL","BIAS","LOG.LIK","CONF","R2.ADJ","COMMON.TREND"
"1",100.482271208108,100.482271208108,100.482271208108,100.505099232432,100.420620514666,100.856878160166,100.856878160166,100.869191635084
"2",100.833291657704,100.833291657704,100.833291657704,100.885070897869,100.671216921239,101.413290427424,101.413290427424,101.436075624044
"3",101.574279492278,101.574279492278,101.574279492278,101.648664245146,101.027116113939,102.536332301876,102.536332301876,102.625559790899
