"","MAPE","MSE","THEIL","BIAS","LOG.LIK","CONF","R2.ADJ","COMMON.TREND"
"1",101.023317720952,100.961874154737,101.023317720952,101.023317720952,101.008188957008,101.253961859008,101.308774606707,101.07563334341
"2",101.212581352628,101.389834064349,101.212581352628,101.212581352628,101.491545989546,101.991992840858,102.073468604895,101.642048967429
"3",101.314546222061,101.912305253764,101.314546222061,101.314546222061,101.969789853541,102.876536590784,103.049898794728,102.377539256245
"4",101.484333846019,102.340634476784,101.484333846019,101.484333846019,102.445340077017,103.496874845685,103.795400358905,102.990787495593
"5",101.750984125694,102.710739584762,101.750984125694,101.750984125694,102.911809663261,103.968836989315,104.41238700176,103.501454545316
"6",101.942111238058,103.036116780704,101.942111238058,101.942111238058,103.351059591286,104.376206053195,104.766651846728,103.90746233868
