"","MAPE","MSE","THEIL","BIAS","LOG.LIK","CONF","R2.ADJ","COMMON.TREND"
"Nacional",97.4607121590434,97.4607121590434,97.4607121590434,97.5822975676411,97.1953076045667,97.5194243734839,97.5194243734839,97.5603477987145
