"","MAPE","MSE","THEIL","BIAS","LOG.LIK","CONF","R2.ADJ","COMMON.TREND"
"1",98.1814376010069,98.1814376010069,98.2380112175598,98.4092087996964,98.4560206272206,98.3956008796171,98.4768536745863,98.2397758140252
"2",98.5204153425034,98.5204153425034,98.6262322555086,99.0217920623227,99.0701871363632,99.0008958177777,99.1227506935928,98.651139666088
"3",98.7271738275626,98.7271738275626,98.8972593820573,99.51109821323,99.5839015218411,99.506143611634,99.72819481886,99.1053455052995
