"","MAPE","MSE","THEIL","BIAS","LOG.LIK","CONF","R2.ADJ","COMMON.TREND"
"Centro.sur",93.6443224534894,93.6443224534894,93.6443224534894,93.6446974870683,93.5679214770046,93.704889879514,93.85402822227,93.5831608808315
