"","MAPE","MSE","THEIL","BIAS","LOG.LIK","CONF","R2.ADJ","COMMON.TREND"
"1",99.4221129962042,99.4221129962042,99.4221129962042,99.573080847436,98.8659182416195,99.4703216439768,99.4703216439768,98.4899030699
"2",99.4220545219083,99.4220545219083,99.4220545219083,99.7046082839197,98.9570515074168,99.6437966167805,99.6437966167805,97.9945336197392
"3",99.7401022163162,99.7401022163162,99.7401022163162,99.8741465228633,99.3191046544074,100.1482793921,100.1482793921,98.1952627339354
