"","MAPE","MSE","THEIL","BIAS","LOG.LIK","CONF","R2.ADJ","COMMON.TREND"
"1",105.495245808216,105.754100498127,105.754100498127,105.754100498127,105.173990344868,105.611731711031,105.611731711031,105.347795574917
"2",106.313381389963,106.650971827691,106.650971827691,106.650971827691,105.330738927507,106.435924830734,106.435924830734,105.953402955729
"3",106.642314352553,106.740068785179,106.740068785179,106.740068785179,105.524711913022,106.982397846486,106.982397846486,106.145955122296
"4",106.603890290307,106.866867644349,106.866867644349,106.866867644349,105.769498775912,107.037691264318,107.037691264318,106.044242844327
"5",105.169668507921,105.648098504426,105.648098504426,105.648098504426,106.035078558527,105.988915295488,105.988915295488,104.655357247217
"6",105.243863924135,105.660161531113,105.660161531113,105.660161531113,106.313231212168,106.373836472021,106.373836472021,104.949204535472
