"","MAPE","MSE","THEIL","BIAS","LOG.LIK","CONF","R2.ADJ","COMMON.TREND"
"1",95.4984005546157,95.4984005546157,95.4984005546157,95.6035952920608,95.2212499052299,95.6048399997105,95.6048399997105,95.3245144420228
"2",96.1159300463147,96.1159300463147,96.1159300463147,96.3075074022573,95.5156505345595,96.3113018058136,96.3113018058136,96.0035521047129
"3",96.9661186766437,96.9661186766437,96.9661186766437,97.2035226298817,95.8331664085535,97.2078456195301,97.2078456195301,96.570752688261
