"","MAPE","MSE","THEIL","BIAS","LOG.LIK","CONF","R2.ADJ","COMMON.TREND"
"1",99.8455124433382,99.8861042203928,99.8455124433382,100.1017593883,99.9678554178156,100.392834759853,100.392834759853,100.060924662628
"2",99.9572106939803,100.038078738089,99.9572106939803,100.604103436861,100.106283805463,100.664670241964,100.664670241964,100.526892393484
"3",100.224699486199,100.266889939132,100.224699486199,100.837004005714,100.401670977323,101.050127021306,101.050127021306,100.744798408155
