"","MAPE","MSE","THEIL","BIAS","LOG.LIK","CONF","R2.ADJ","COMMON.TREND"
"1",101.596972894926,101.596972894926,101.596972894926,101.596972894926,101.406280137524,101.808134728064,101.808134728064,102.141615473297
"2",101.784118271743,101.784118271743,101.784118271743,101.784118271743,101.681995533381,102.059308078685,102.059308078685,102.510401340973
"3",102.15928722239,102.15928722239,102.15928722239,102.15928722239,101.97644251749,102.337276306022,102.337276306022,102.83651271989
"4",102.597433584593,102.597433584593,102.597433584593,102.597433584593,102.247365419242,102.844935244054,102.844935244054,103.527683174444
"5",102.902805414261,102.902805414261,102.902805414261,102.902805414261,102.521813713327,103.106672254903,103.106672254903,103.700186918528
"6",103.290929068281,103.290929068281,103.290929068281,103.290929068281,102.785803447967,103.422147832652,103.422147832652,104.090661179583
