"","MAPE","MSE","THEIL","BIAS","LOG.LIK","CONF","R2.ADJ","COMMON.TREND"
"1",99.3410650402962,99.3410650402962,99.3410650402962,99.6688538039586,99.9200238946505,99.3478020577262,99.3478020577262,99.1400335289556
"2",99.8186070434722,99.8186070434722,99.8186070434722,99.7877575631912,100.703676042967,100.13587374604,100.13587374604,98.8562937558003
"3",100.418162049449,100.418162049449,100.418162049449,100.400996050841,101.678388853998,100.797002177839,100.797002177839,98.8144863037082
"4",100.894433679442,100.894433679442,100.894433679442,101.06007512483,102.529950348127,101.559200295165,101.559200295165,99.1220964194501
"5",104.856001943427,104.856001943427,104.856001943427,104.272624791588,103.258488395393,105.754173754549,105.754173754549,102.338115694428
"6",105.541579929395,105.541579929395,105.541579929395,105.277944501434,103.878698213141,106.342097021499,106.342097021499,102.469269913139
