"","MAPE","MSE","THEIL","BIAS","LOG.LIK","CONF","R2.ADJ","COMMON.TREND"
"Centro.sur",100.409962994465,100.409962994465,100.409962994465,100.362074657941,100.386536699819,100.564291485586,100.564291485586,100.561936042985
