"","MAPE","MSE","THEIL","BIAS","LOG.LIK","CONF","R2.ADJ","COMMON.TREND"
"1",96.4757888861711,96.4757888861711,96.4757888861711,96.3557221450407,96.4519026067374,96.3736487194474,96.3736487194474,96.4554539871871
"2",96.8182715000899,96.8182715000899,96.8182715000899,96.6109904244175,96.7241217840399,96.5681836063967,96.5681836063967,96.7260375074728
"3",97.4210671969294,97.4210671969294,97.4210671969294,96.8637068212601,96.9599325790546,96.8603767563824,96.8603767563824,97.1174738898074
"4",98.0498803665158,98.0498803665158,98.0498803665158,97.1242446920756,97.1823143242954,97.2600207931841,97.2600207931841,97.6180425691684
"5",98.4760331367193,98.4760331367193,98.4760331367193,97.2409149773239,97.3983462368684,97.534575040919,97.534575040919,97.9903326842287
"6",98.9189525746827,98.9189525746827,98.9189525746827,97.4240117401035,97.6104053353597,97.8562429771841,97.8562429771841,98.4193416349956
