"","MAPE","MSE","THEIL","BIAS","LOG.LIK","CONF","R2.ADJ","COMMON.TREND"
"1",102.155985004952,102.17316163619,102.17316163619,102.17316163619,102.150789684429,102.475215942862,102.475215942862,102.360523545036
"2",102.564811817921,102.494469140258,102.494469140258,102.494469140258,102.554514777506,103.009124347666,103.009124347666,102.829687473548
"3",102.91426740861,102.79419622927,102.79419622927,102.79419622927,102.956583700523,103.438007599492,103.438007599492,103.199845190384
"4",103.350223524918,103.167227077732,103.167227077732,103.167227077732,103.362929610864,103.989795578616,103.989795578616,103.705708212901
"5",103.599677280442,103.45022732612,103.45022732612,103.45022732612,103.773976512565,104.291105395684,104.291105395684,103.983069021285
"6",103.898013129298,103.738009660582,103.738009660582,103.738009660582,104.187464818503,104.672802928929,104.672802928929,104.319418736628
