"","MAPE","MSE","THEIL","BIAS","LOG.LIK","CONF","R2.ADJ","COMMON.TREND"
"1",95.0137668798839,95.0137668798839,95.0137668798839,94.9764735784919,95.3212108950031,95.2178792213303,95.2178792213303,94.8510413565234
"2",95.4229539603863,95.4229539603863,95.4229539603863,95.3236319855327,95.6209800768987,95.4198383199869,95.4198383199869,94.7123223236278
"3",96.2543635240766,96.2543635240766,96.2543635240766,96.0976821640609,95.9060959407721,96.1980082763713,96.1980082763713,94.9671636934645
"4",96.7172707427097,96.7172707427097,96.7172707427097,96.4890830351398,96.0588407290671,96.6347533241405,96.6347533241405,95.1735154866945
"5",97.4666258438743,97.4666258438743,97.4666258438743,97.1431498812651,96.1329283001852,97.0983971690797,97.0983971690797,95.1856872346654
"6",98.4296035846309,98.4296035846309,98.4296035846309,98.0270335511634,96.2028420664111,97.564032483375,97.564032483375,95.1494631259056
