"","MAPE","MSE","THEIL","BIAS","LOG.LIK","CONF","R2.ADJ","COMMON.TREND"
"1",99.649259949922,99.649259949922,99.649259949922,99.6568351718444,100.021292529429,99.8050059111753,99.8050059111753,99.5059298037435
"2",99.5355750654265,99.5355750654265,99.5355750654265,99.7385472785761,100.505517050919,100.077197457251,100.077197457251,99.691194856861
"3",100.084528379676,100.084528379676,100.084528379676,100.549405868903,101.02928690675,100.888343884777,100.888343884777,99.7406363293557
"4",101.361883866634,101.361883866634,101.361883866634,102.042628642333,101.533196838047,102.251851045379,102.251851045379,99.9611514126527
"5",103.617604000436,103.617604000436,103.617604000436,104.127709728073,102.005454688703,104.65589324156,104.65589324156,100.473474977976
"6",104.435667193584,104.435667193584,104.435667193584,105.028427197413,102.443854614757,105.631010761094,105.631010761094,100.952582127735
