"","MAPE","MSE","THEIL","BIAS","LOG.LIK","CONF","R2.ADJ","COMMON.TREND"
"Frontera.norte",100.439090900305,100.439090900305,100.439090900305,101.813320920225,102.232587572262,101.187103478172,101.187103478172,101.963944214044
