"","MAPE","MSE","THEIL","BIAS","LOG.LIK","CONF","R2.ADJ","COMMON.TREND"
"Mexico",94.9457654245811,94.9457654245811,94.9457654245811,94.8010214633355,94.8099404695822,94.9457654245811,94.9457654245811,94.745215448416
