"","MAPE","MSE","THEIL","BIAS","LOG.LIK","CONF","R2.ADJ","COMMON.TREND"
"1",99.2584842436994,99.2584842436994,99.2584842436994,99.1152319941591,99.9294576463173,99.2326676686213,99.2326676686213,99.4320426268741
"2",98.7506946195607,98.7506946195607,98.7506946195607,99.1885793388858,100.144317781298,98.8691931016029,98.8691931016029,99.9035779834358
"3",98.8634217611582,98.8634217611582,98.8634217611582,99.1956988525254,100.42982723691,98.8736275540927,98.8736275540927,100.25209840412
