"","MAPE","MSE","THEIL","BIAS","LOG.LIK","CONF","R2.ADJ","COMMON.TREND"
"1",94.2851359066604,94.1507404769431,94.1507404769431,93.9980037466723,94.2928964620843,94.1507404769431,94.1507404769431,94.2120804502876
"2",94.5537194114028,94.1741142515045,94.1741142515045,94.3295931851214,94.5754649952922,94.1741142515045,94.1741142515045,94.4682548619717
"3",94.7125215130114,94.3883741225358,94.3883741225358,94.6485906701813,94.865609854118,94.3883741225358,94.3883741225358,94.6858299697671
