"","MAPE","MSE","THEIL","BIAS","LOG.LIK","CONF","R2.ADJ","COMMON.TREND"
"Centro.sur",96.3945878727969,96.7845412538672,96.7845412538672,96.3904853787352,96.3480397639174,96.9147597244588,96.9147597244588,96.7845412538672
