"","MAPE","MSE","THEIL","BIAS","LOG.LIK","CONF","R2.ADJ","COMMON.TREND"
"1",99.8840820298481,99.8840820298481,99.8840820298481,100.165526400534,99.892644168814,100.192428509275,100.192428509275,100.188825092167
"2",100.257084653416,100.257084653416,100.257084653416,100.731251306691,100.30595441085,100.712778952414,100.712778952414,100.834272058014
"3",100.738247193758,100.738247193758,100.738247193758,101.16999024305,100.739180451457,101.270825864738,101.270825864738,101.332570612204
