"","MAPE","MSE","THEIL","BIAS","LOG.LIK","CONF","R2.ADJ","COMMON.TREND"
"1",100.671813340055,100.671813340055,100.671813340055,100.04162305918,101.600083998721,100.852154868325,100.852154868325,100.446792104002
"2",100.251242010987,100.251242010987,100.251242010987,99.6135299242011,101.888470746332,99.5064978630296,99.5064978630296,99.6890207002878
"3",100.602119476537,100.602119476537,100.602119476537,98.8608772309195,102.225110083862,99.7638176666693,99.7638176666693,99.6410267471761
