"","MAPE","MSE","THEIL","BIAS","LOG.LIK","CONF","R2.ADJ","COMMON.TREND"
"1",95.1055608370142,95.1055608370142,95.1055608370142,95.2978428652465,95.0277302568282,95.1055608370142,95.1055608370142,95.1198475711215
"2",95.3847071007687,95.3847071007687,95.3847071007687,95.6420440560152,95.2886638890078,95.3847071007687,95.3847071007687,95.5861100955167
"3",95.5719985420603,95.5719985420603,95.5719985420603,96.116666270036,95.4977833560634,95.5719985420603,95.5719985420603,96.2023429070011
