"","MAPE","MSE","THEIL","BIAS","LOG.LIK","CONF","R2.ADJ","COMMON.TREND"
"Frontera.norte",99.8349072128391,99.8349072128391,99.8349072128391,99.8349072128391,100.117690508735,100.10638888942,100.10638888942,99.8349079512
