"","MAPE","MSE","THEIL","BIAS","LOG.LIK","CONF","R2.ADJ","COMMON.TREND"
"1",99.7208221756297,99.7208221756297,99.7208221756297,99.7208221756297,99.7200065054142,99.3815267497605,99.3815267497605,99.3542943278012
"2",99.8157103796591,99.8157103796591,99.8157103796591,99.8157103796591,99.9176375029643,99.6354386039057,99.6354386039057,99.3288707738648
"3",100.078417649044,100.078417649044,100.078417649044,100.078417649044,100.12363254704,99.8800840546915,99.8800840546915,99.5450611598816
