"","MAPE","MSE","THEIL","BIAS","LOG.LIK","CONF","R2.ADJ","COMMON.TREND"
"1",96.0365070713031,96.0365070713031,96.0365070713031,97.4141283356182,96.9094063479599,97.4540420478954,97.4540420478954,97.0821760301089
"2",96.8569305162958,96.8569305162958,96.8569305162958,97.5575197558551,97.4192206358799,98.3860252846245,98.3860252846245,96.6630140652419
"3",100.339907266027,100.339907266027,100.339907266027,99.9273292616091,97.9285560294227,102.713430993475,102.713430993475,98.3916894720027
"4",101.12778534386,101.12778534386,101.12778534386,100.968315428624,98.2566913606458,103.577401198377,103.577401198377,98.917683613404
"5",101.340228762349,101.340228762349,101.340228762349,101.546771532076,98.5788502473775,103.765715563212,103.765715563212,99.5434224839552
"6",101.691684006098,101.691684006098,101.691684006098,101.999227093057,98.8600490867203,104.15429770221,104.15429770221,99.6623598973623
