"","MAPE","MSE","THEIL","BIAS","LOG.LIK","CONF","R2.ADJ","COMMON.TREND"
"1",95.7225281576994,95.7225281576994,95.7225281576994,95.6008562210644,95.7260399553403,95.9844781099517,95.9844781099517,95.462675386983
"2",96.2407611201326,96.2407611201326,96.2407611201326,96.062990015759,95.9877679473794,96.799277641085,96.799277641085,95.936749317426
"3",97.074058536173,97.074058536173,97.074058536173,96.6211763197723,96.2917624960085,97.68685631829,97.68685631829,96.5893349463333
