"","MAPE","MSE","THEIL","BIAS","LOG.LIK","CONF","R2.ADJ","COMMON.TREND"
"Sur",99.0096721165271,99.0096721165271,99.0096721165271,98.7477776093534,98.94854166783,99.055224054923,99.055224054923,98.9365325101736
