"","MAPE","MSE","THEIL","BIAS","LOG.LIK","CONF","R2.ADJ","COMMON.TREND"
"1",96.1996786635113,96.1996786635113,96.1996786635113,96.1996786635113,95.9022331327742,96.2872477048823,96.2872477048823,95.9566247902609
"2",97.8032600854151,97.8032600854151,97.8032600854151,97.8032600854151,95.9607006298948,97.7997560192729,97.7997560192729,95.5264745264399
"3",99.852825406516,99.852825406516,99.852825406516,99.852825406516,95.9759676287505,99.5940908819949,99.5940908819949,96.1785093555357
"4",100.595276882284,100.595276882284,100.595276882284,100.595276882284,95.9315296667481,100.132081389177,100.132081389177,96.4719636580286
"5",101.382698006548,101.382698006548,101.382698006548,101.382698006548,95.7261315416837,100.670113677762,100.670113677762,97.0723393554365
"6",101.722636108151,101.722636108151,101.722636108151,101.722636108151,95.7314026065867,101.06228275249,101.06228275249,97.3892954530822
