"","MAPE","MSE","THEIL","BIAS","LOG.LIK","CONF","R2.ADJ","COMMON.TREND"
"1",100.794497497459,100.794497497459,100.794497497459,100.938895756172,100.797584180355,100.984043100966,100.984043100966,101.017575049924
"2",101.525474168327,101.525474168327,101.525474168327,101.950296642461,101.04517749195,101.835056590732,101.835056590732,102.021147406436
"3",101.900227097235,101.900227097235,101.900227097235,102.395480134157,101.317853556127,102.197738196238,102.197738196238,102.556696177638
"4",102.396152140784,102.396152140784,102.396152140784,102.749106784673,101.613250526174,102.422208527514,102.422208527514,102.926555595173
"5",102.773467390317,102.773467390317,102.773467390317,103.242968619688,101.929186608789,102.904200488656,102.904200488656,103.629230339989
"6",102.952762254705,102.952762254705,102.952762254705,103.5314899131,102.248239470728,103.165569560497,103.165569560497,103.965922947222
