"","MAPE","MSE","THEIL","BIAS","LOG.LIK","CONF","R2.ADJ","COMMON.TREND"
"1",94.6347129714123,94.6347129714123,94.6347129714123,94.6057738949839,94.322139777441,94.5366549002073,94.5366549002073,94.2450832209945
"2",94.7618609021257,94.7618609021257,94.7618609021257,94.5382474505062,94.4494023725756,94.5843117911373,94.5843117911373,94.0694550264694
"3",94.6077693498922,94.6077693498922,94.6077693498922,94.2004594772361,94.6363177716987,94.3057059171952,94.3057059171952,93.9392932405097
"4",94.6657266303101,94.6657266303101,94.6657266303101,94.3497058241453,94.8233686397602,94.2914130238393,94.2914130238393,93.9378324724395
"5",94.7116071563977,94.7116071563977,94.7116071563977,94.4026018036697,94.9880121835645,94.5811585394534,94.5811585394534,94.120116021726
"6",95.0769436866513,95.0769436866513,95.0769436866513,94.7484073013152,95.1444923467799,94.8772074105098,94.8772074105098,94.2054667475374
