"","MAPE","MSE","THEIL","BIAS","LOG.LIK","CONF","R2.ADJ","COMMON.TREND"
"1",99.8349072128391,99.8349072128391,99.8349072128391,99.8349072128391,100.117690508735,100.10638888942,100.10638888942,99.8916959268326
"2",100.697902276115,100.697902276115,100.697902276115,100.697902276115,100.799298373639,101.157241859068,101.157241859068,100.113390675864
"3",101.892823523533,101.892823523533,101.892823523533,101.892823523533,101.415342411459,102.437626877117,102.437626877117,100.684326544105
