"","MAPE","MSE","THEIL","BIAS","LOG.LIK","CONF","R2.ADJ","COMMON.TREND"
"1",96.4404934456864,96.4404934456864,96.4404934456864,96.2967407170569,96.4094033567763,96.805434628296,96.805434628296,96.5335779209633
"2",96.985130946571,96.985130946571,96.985130946571,96.7348448078953,96.6498439172195,97.6660406045396,97.6660406045396,97.0895334183677
"3",97.4253449156572,97.4253449156572,97.4253449156572,97.2560854083649,96.8113499551657,98.5138777023646,98.5138777023646,97.4137933823749
