"","MAPE","MSE","THEIL","BIAS","LOG.LIK","CONF","R2.ADJ","COMMON.TREND"
"Noreste",98.0068686008781,98.0068686008781,98.0068686008781,97.9818721529988,97.877407397958,98.3525724611641,98.3525724611641,97.9206015048756
