"","MAPE","MSE","THEIL","BIAS","LOG.LIK","CONF","R2.ADJ","COMMON.TREND"
"1",94.8108719118091,94.8108719118091,94.8108719118091,94.7575262789195,94.8234851618019,94.9349218524716,94.9349218524716,94.8052739912935
"2",95.1691516937861,95.1691516937861,95.1691516937861,95.1560606935837,95.0264092714832,95.423748288113,95.423748288113,95.1813992030875
"3",95.5551988279327,95.5551988279327,95.5551988279327,95.6448020305676,95.2410197926558,95.7739299954603,95.7739299954603,95.6401748157945
