"","MAPE","MSE","THEIL","BIAS","LOG.LIK","CONF","R2.ADJ","COMMON.TREND"
"1",94.8441690462466,94.8443418916878,94.8443418916878,94.6954001725467,95.0822794229424,94.9477090404336,94.9477090404336,94.705798090883
"2",94.6137752527708,94.9191836088596,94.9191836088596,94.3672703551865,95.4337848553874,94.9068243328331,94.9068243328331,94.5689623909252
"3",94.7844721007792,95.0096242643214,95.0096242643214,94.7828269267723,95.7216364342321,95.2192285653335,95.2192285653335,94.7752076441108
