"","MAPE","MSE","THEIL","BIAS","LOG.LIK","CONF","R2.ADJ","COMMON.TREND"
"1",101.565419036385,101.565419036385,101.565419036385,101.491507475112,101.537420585068,101.544622086907,101.544622086907,101.704143423536
"2",101.92046562463,101.92046562463,101.92046562463,101.814743250226,101.914733230034,102.163071991903,102.163071991903,102.185477005555
"3",102.426613255343,102.426613255343,102.426613255343,102.152967156017,102.290707328232,102.709216328936,102.709216328936,102.819178070877
