"","MAPE","MSE","THEIL","BIAS","LOG.LIK","CONF","R2.ADJ","COMMON.TREND"
"Nacional",98.5408519590282,98.4107407631154,98.4107407631154,98.7253124122936,98.6725166638425,98.7502920193191,98.7502920193191,98.4964843691754
