"","MAPE","MSE","THEIL","BIAS","LOG.LIK","CONF","R2.ADJ","COMMON.TREND"
"1",95.7149491531977,95.7149491531977,95.7149491531977,95.7444986228973,95.6250493501141,95.6696264932674,95.6696264932674,95.7126007860144
"2",96.5753643130056,96.5753643130056,96.5753643130056,96.2404909123668,95.8495123399775,96.4746882428775,96.4746882428775,96.5603889381179
"3",97.2076291662997,97.2076291662997,97.2076291662997,96.7473118228898,95.9862432866684,97.3198635911429,97.3198635911429,97.519087588198
"4",97.7807932290834,97.7807932290834,97.7807932290834,97.3559372336256,96.052893141336,98.0801610361639,98.0801610361639,98.4232737566139
"5",98.1876228527898,98.1876228527898,98.1876228527898,97.7274378360854,96.0818430870619,98.697915049987,98.697915049987,99.1349441034241
"6",98.6227472464683,98.6227472464683,98.6227472464683,98.0847187073871,96.095684297726,99.2515247457157,99.2515247457157,99.8305572942304
