"","MAPE","MSE","THEIL","BIAS","LOG.LIK","CONF","R2.ADJ","COMMON.TREND"
"1",95.8436840064591,95.8436840064591,95.8436840064591,95.8436840064591,95.8006487148718,95.7531370157947,95.7531370157947,95.8728750354232
"2",96.5280608934299,96.5280608934299,96.5280608934299,96.5280608934299,96.1787171162746,96.1460872439417,96.1460872439417,96.5990205109827
"3",96.9911667934265,96.9911667934265,96.9911667934265,96.9911667934265,96.5370797186171,96.4053205338977,96.4053205338977,96.9883162372478
"4",97.4378198897519,97.4378198897519,97.4378198897519,97.4378198897519,96.8625781975001,96.6310898687992,96.6310898687992,97.3508183382185
"5",98.0024409100484,98.0024409100484,98.0024409100484,98.0024409100484,97.1632470865435,96.9821262264298,96.9821262264298,97.8136332980111
"6",98.5343637457062,98.5343637457062,98.5343637457062,98.5343637457062,97.4451973895367,97.4348566209859,97.4348566209859,98.2758749570383
