"","MAPE","MSE","THEIL","BIAS","LOG.LIK","CONF","R2.ADJ","COMMON.TREND"
"1",95.0168875505134,95.0168875505134,95.0168875505134,94.9941238626848,94.9240067333914,95.0080948910994,95.0080948910994,96.1005500430303
"2",94.8574829478179,94.8574829478179,94.8574829478179,94.9059379268319,95.0364515716612,95.1552506462151,95.1552506462151,96.7248537723463
"3",95.1414004601598,95.1414004601598,95.1414004601598,95.5341813148091,95.3492427818682,95.6389135710643,95.6389135710643,97.6821420329116
"4",96.8026800227555,96.8026800227555,96.8026800227555,97.238471793307,95.4815182485406,96.9839238304009,96.9839238304009,99.576661165106
"5",98.5678404038108,98.5678404038108,98.5678404038108,98.9205353926033,95.5656313760626,99.0096792447025,99.0096792447025,100.698630408433
"6",98.9312829106444,98.9312829106444,98.9312829106444,99.3328318759666,95.6516210880092,99.7612879614044,99.7612879614044,100.456952295298
