"","MAPE","MSE","THEIL","BIAS","LOG.LIK","CONF","R2.ADJ","COMMON.TREND"
"1",97.3631619245613,97.3631619245613,97.3631619245613,97.3631619245613,97.1255190056245,97.4066187050755,97.4066187050755,97.4274862273491
"2",97.9118312553419,97.9118312553419,97.9118312553419,97.9118312553419,97.4469460936408,97.880713803529,97.880713803529,97.9532849501947
"3",98.2732946726397,98.2732946726397,98.2732946726397,98.2732946726397,97.7229693117102,98.1575519744563,98.1575519744563,98.34701490607
"4",98.6840397477017,98.6840397477017,98.6840397477017,98.6840397477017,98.0201004570836,98.5296356130202,98.5296356130202,98.8445361674682
"5",98.9446525651272,98.9446525651272,98.9446525651272,98.9446525651272,98.3325143487277,98.792179248482,98.792179248482,99.1449174436901
"6",99.1517606987381,99.1517606987381,99.1517606987381,99.1517606987381,98.6066304825398,99.0262381686433,99.0262381686433,99.3825605253964
