"","MAPE","MSE","THEIL","BIAS","LOG.LIK","CONF","R2.ADJ","COMMON.TREND"
"1",96.7411141844608,96.7411141844608,96.7411141844608,96.3954407250725,97.4647352110775,97.5209939457705,97.5209939457705,96.6540824044957
"2",94.1807267294453,94.1807267294453,94.1807267294453,94.4829876303036,97.1568620334359,95.0706233535257,95.0706233535257,94.5738154513115
"3",93.3096624159733,93.3096624159733,93.3096624159733,94.7497862276395,96.6684190388152,95.1799694674999,95.1799694674999,93.9606873646238
