"","MAPE","MSE","THEIL","BIAS","LOG.LIK","CONF","R2.ADJ","COMMON.TREND"
"Mexico",95.4581129157708,95.4581129157708,95.4581129157708,95.484080947151,95.4175451385183,95.4581129157708,95.4581129157708,95.4892699424095
