"","MAPE","MSE","THEIL","BIAS","LOG.LIK","CONF","R2.ADJ","COMMON.TREND"
"1",99.7822904463479,99.7822904463479,99.7822904463479,99.7822904463479,99.5464221585656,99.8081913294117,99.8081913294117,99.6074178851384
"2",100.199683468442,100.199683468442,100.199683468442,100.199683468442,99.7700640984969,100.551522403734,100.551522403734,100.393961541346
"3",100.707575922048,100.707575922048,100.707575922048,100.707575922048,99.9994410922476,101.339462454978,101.339462454978,101.045329369167
"4",101.536810373206,101.536810373206,101.536810373206,101.536810373206,100.274806958848,102.435470837306,102.435470837306,101.957173481287
"5",102.088238420138,102.088238420138,102.088238420138,102.088238420138,100.589648619388,103.202719681195,103.202719681195,102.622570611898
"6",102.521041055649,102.521041055649,102.521041055649,102.521041055649,100.932605942839,103.618295748948,103.618295748948,103.239898606379
