"","MAPE","MSE","THEIL","BIAS","LOG.LIK","CONF","R2.ADJ","COMMON.TREND"
"Mexico",98.312369450433,98.4620666710121,98.4620666710121,98.38409957414,98.4281218144117,98.2921036737604,98.2921036737604,98.4034386074754
