"","MAPE","MSE","THEIL","BIAS","LOG.LIK","CONF","R2.ADJ","COMMON.TREND"
"1",99.4502719486126,99.4502719486126,99.4502719486126,99.4502719486126,99.3772339127773,99.4006088069734,99.4006088069734,99.4561652611451
"2",99.8580567624708,99.8580567624708,99.8580567624708,99.8580567624708,99.761785323584,99.9990907027482,99.9990907027482,99.91840620509
"3",100.226834613101,100.226834613101,100.226834613101,100.226834613101,100.153505122829,100.485475624542,100.485475624542,100.274972419182
