"","MAPE","MSE","THEIL","BIAS","LOG.LIK","CONF","R2.ADJ","COMMON.TREND"
"1",102.212066786268,102.575390716309,102.561839115118,102.561839115118,102.160846988334,102.575390716309,102.575390716309,102.493981703848
"2",102.388793735774,103.008804664788,102.966754727057,102.966754727057,102.494940021561,103.008804664788,103.008804664788,102.833834986133
"3",103.1070790058,103.85087042833,103.793409311463,103.793409311463,102.753918760364,103.85087042833,103.85087042833,103.599038654509
"4",103.366431409062,104.319616298345,104.16390612551,104.16390612551,103.063554013581,104.319616298345,104.319616298345,104.106622096349
"5",103.646460053055,104.810021570214,104.581342194745,104.581342194745,103.370435721152,104.810021570214,104.810021570214,104.56369591607
"6",103.543418819059,104.552898839203,104.44320485034,104.44320485034,103.680777272079,104.552898839203,104.552898839203,104.398840654073
