"","MAPE","MSE","THEIL","BIAS","LOG.LIK","CONF","R2.ADJ","COMMON.TREND"
"1",98.7100052520015,98.7100052520015,98.7100052520015,98.7571400808419,99.048675407214,98.7278351882781,98.7278351882781,98.8823699848947
"2",99.0087591680768,99.0087591680768,99.0087591680768,98.9435967889229,99.3486900600769,98.7893803290813,98.7893803290813,99.3274549888418
"3",99.2278416088046,99.2278416088046,99.2278416088046,99.1514239059908,99.7275128638072,98.8880120891543,98.8880120891543,99.6232858999361
"4",99.6839231910161,99.6839231910161,99.6839231910161,99.5923018151136,100.117164066743,99.1951803713112,99.1951803713112,100.11340587582
"5",100.163679716922,100.163679716922,100.163679716922,100.013919914328,100.528776170823,99.6288595641468,99.6288595641468,100.528808381087
"6",100.67337488658,100.67337488658,100.67337488658,100.39731808119,100.943425218666,100.05176422421,100.05176422421,101.122469674679
