"","MAPE","MSE","THEIL","BIAS","LOG.LIK","CONF","R2.ADJ","COMMON.TREND"
"Centro.sur",94.4427808968416,94.5098970895582,94.4427808968416,94.2300596505001,94.5397570014555,94.2612571213318,94.2612571213318,94.4383937246793
