"","MAPE","MSE","THEIL","BIAS","LOG.LIK","CONF","R2.ADJ","COMMON.TREND"
"1",96.5626693759287,96.5626693759287,96.5626693759287,96.5212598620723,96.5300247649925,96.5224124381828,96.494048659373,96.5180805674842
"2",96.9181037632262,96.9181037632262,96.9181037632262,96.9511272924974,96.775685888949,96.8064219550526,96.9196264726574,96.9940909846958
"3",97.275618890348,97.275618890348,97.275618890348,97.3338525269723,97.0053881016946,97.1747201185365,97.3327358440891,97.4003965642535
