"","MAPE","MSE","THEIL","BIAS","LOG.LIK","CONF","R2.ADJ","COMMON.TREND"
"1",99.4502719486126,99.4502719486126,99.4502719486126,99.4502719486126,99.3772339127773,99.4006088069734,99.4831225836568,99.4561652611451
"2",99.8580567624708,99.8580567624708,99.8580567624708,99.8580567624708,99.761785323584,99.9990907027482,100.227758840313,99.91840620509
"3",100.226834613101,100.226834613101,100.226834613101,100.226834613101,100.153505122829,100.485475624542,100.762469488359,100.274972419182
"4",100.705530435049,100.705530435049,100.705530435049,100.705530435049,100.571501417696,100.953750002874,101.343322193799,100.70355226093
"5",100.989902293671,100.989902293671,100.989902293671,100.989902293671,101.001817443198,101.306061480487,101.692997076156,100.938465511092
"6",101.301894275186,101.301894275186,101.301894275186,101.301894275186,101.441840131738,101.710612578222,102.07149605485,101.21868541441
