"","MAPE","MSE","THEIL","BIAS","LOG.LIK","CONF","R2.ADJ","COMMON.TREND"
"1",94.3317196933625,94.3317196933625,94.3317196933625,94.5100900314266,94.4700569263908,94.3317196933625,94.5118855960755,94.3543678896555
"2",94.6326649521438,94.6326649521438,94.6326649521438,94.8075748776874,94.7377102096678,94.6326649521438,94.6858342940344,94.4299866656833
"3",95.0382121209917,95.0382121209917,95.0382121209917,95.0716618095486,94.9994101414511,95.0382121209917,95.0745921110281,94.921723390917
