"","MAPE","MSE","THEIL","BIAS","LOG.LIK","CONF","R2.ADJ","COMMON.TREND"
"1",101.671885069539,101.671885069539,101.671885069539,101.652271521855,102.39831485965,101.595416527732,101.595416527732,101.948387387754
"2",100.894649563624,100.894649563624,100.894649563624,102.860768514339,102.386071759556,101.308470410373,101.308470410373,101.345612480904
"3",101.858901962389,101.858901962389,101.858901962389,104.646911756459,103.027549616498,101.833191982805,101.833191982805,101.093840008268
"4",99.9893426515476,99.9893426515476,99.9893426515476,102.153910938363,103.659653178757,101.311710467047,101.311710467047,98.211145130833
"5",97.3429559805669,97.3429559805669,97.3429559805669,99.6626391453791,104.273953020544,97.8420735888961,97.8420735888961,96.729631504192
"6",97.2241127040062,97.2241127040062,97.2241127040062,98.2794935080001,104.803443658338,98.0729503435619,98.0729503435619,96.2003595064058
