"","MAPE","MSE","THEIL","BIAS","LOG.LIK","CONF","R2.ADJ","COMMON.TREND"
"1",99.3782050767508,99.3782050767508,99.3782050767508,99.4934451971657,99.3388337438756,99.4612094334434,99.4612094334434,99.3695340404018
"2",99.7497240284306,99.7497240284306,99.7497240284306,100.008232306006,99.6782195278746,100.08308564668,100.08308564668,99.7482157496148
"3",100.066660460872,100.066660460872,100.066660460872,100.417069488899,100.006379814351,100.729373937571,100.729373937571,100.086450696044
"4",100.546531138972,100.546531138972,100.546531138972,100.868748904715,100.385723719107,101.384924059644,101.384924059644,100.45631088925
"5",100.808565463908,100.808565463908,100.808565463908,101.287895662433,100.778734609548,101.919685735634,101.919685735634,100.852004228673
"6",101.111504506226,101.111504506226,101.111504506226,101.732336384835,101.189674590816,102.338858253176,102.338858253176,101.247637436358
