"","MAPE","MSE","THEIL","BIAS","LOG.LIK","CONF","R2.ADJ","COMMON.TREND"
"Noreste",99.7642933551609,99.7642933551609,99.7642933551609,100.31476076607,99.8863677723468,99.5518880126315,99.5518880126315,99.4529750244925
