"","MAPE","MSE","THEIL","BIAS","LOG.LIK","CONF","R2.ADJ","COMMON.TREND"
"1",99.1203444887323,99.1203444887323,99.1203444887323,99.0634434818871,99.1172972577743,98.9795409834446,98.9678267807123,99.08832549908
"2",99.5079330832223,99.5079330832223,99.5079330832223,99.3772388682503,99.5001725789232,99.2020757288156,99.1874738562512,99.4093258945989
"3",99.9162545642099,99.9162545642099,99.9162545642099,99.7085908897936,99.8990593761505,99.5211549751388,99.5217124116099,99.6370223201591
"4",100.279958811693,100.279958811693,100.279958811693,100.028531382582,100.309940099823,99.8876593013346,99.9034482033734,99.9736658918694
"5",100.686020951787,100.686020951787,100.686020951787,100.35414623819,100.731301913848,100.321806856816,100.31887688744,100.335761640179
"6",101.08489248083,101.08489248083,101.08489248083,100.6787656019,101.158462293843,100.910752060428,100.865988451685,100.677634692731
