"","MAPE","MSE","THEIL","BIAS","LOG.LIK","CONF","R2.ADJ","COMMON.TREND"
"1",104.937047014341,104.937047014341,104.937047014341,105.261759685708,105.798174370949,105.11857518551,105.11857518551,104.629951467273
"2",105.370833332074,105.370833332074,105.370833332074,105.743430791854,106.288972351031,105.40891117756,105.40891117756,104.699789764114
"3",106.191743654891,106.191743654891,106.191743654891,106.472365834048,106.568726482048,106.139372488757,106.139372488757,104.531496239522
