"","MAPE","MSE","THEIL","BIAS","LOG.LIK","CONF","R2.ADJ","COMMON.TREND"
"1",96.0234755547257,96.0234755547257,96.0234755547257,96.1620323262329,96.0923127384631,96.2287233920164,96.2287233920164,96.2287233920164
"2",96.8218129734762,96.8218129734762,96.8218129734762,97.0733770215125,96.4428759875623,96.8103785787436,96.8103785787436,96.8103785787436
"3",97.5126858360664,97.5126858360664,97.5126858360664,97.7612461801182,96.6529718007542,97.9340286142514,97.9340286142514,97.9340286142514
"4",97.8573920758979,97.8573920758979,97.8573920758979,98.2736456511186,96.7227344725639,98.4225818123069,98.4225818123069,98.4225818123069
"5",98.1052266559813,98.1052266559813,98.1052266559813,98.5878112607922,96.7191993326512,98.6037932221445,98.6037932221445,98.6037932221445
"6",98.6365199285022,98.6365199285022,98.6365199285022,99.1006044008811,96.6791770027248,99.1728354963078,99.1728354963078,99.1728354963078
