"","MAPE","MSE","THEIL","BIAS","LOG.LIK","CONF","R2.ADJ","COMMON.TREND"
"Mexico",95.8315950697573,95.8315950697573,95.8315950697573,95.8700041315391,95.8668891501385,96.2351114670199,96.2351114670199,95.9906015616046
