"","MAPE","MSE","THEIL","BIAS","LOG.LIK","CONF","R2.ADJ","COMMON.TREND"
"Frontera.norte",94.5809774620372,94.5809774620372,94.5809774620372,94.5809774620372,93.9171261997485,94.5809774620372,94.5809774620372,94.2703641226291
