"","MAPE","MSE","THEIL","BIAS","LOG.LIK","CONF","R2.ADJ","COMMON.TREND"
"1",93.9451046737707,93.9451046737707,93.9451046737707,94.2906636860192,96.125077431229,94.0100307947331,94.0100307947331,94.5246792606765
"2",93.2310751753336,93.2310751753336,93.2310751753336,94.0076768668659,95.868368422315,94.0349143174813,94.0349143174813,94.0606541702172
"3",92.4232070065512,92.4232070065512,92.4232070065512,93.0370519285952,95.8348069135788,93.0783579125989,93.0783579125989,93.4368216965895
