"","MAPE","MSE","THEIL","BIAS","LOG.LIK","CONF","R2.ADJ","COMMON.TREND"
"1",94.6353436753982,94.989561564059,94.989561564059,94.8956271551103,94.8734966647717,94.6353436753982,94.6353436753982,94.6623923105775
"2",94.8310074787901,95.0460669295244,95.0460669295244,95.1659390068287,95.0981174677184,94.8310074787901,94.8310074787901,94.7937809728688
"3",95.2286891022988,95.4437138310126,95.4437138310126,95.38255920647,95.3240897860193,95.2286891022988,95.2286891022988,95.1071988757441
"4",95.5369372656449,95.8403186112045,95.8403186112045,95.6120590178349,95.5576308421014,95.5369372656449,95.5369372656449,95.5278786251369
"5",95.8805425575416,96.506769769378,96.506769769378,95.8152041898726,95.7902192579119,95.8805425575416,95.8805425575416,95.8497504380625
"6",96.0728826949155,96.7239507631645,96.7239507631645,96.0545053637639,96.0105011127802,96.0728826949155,96.0728826949155,96.1878780515879
