"","MAPE","MSE","THEIL","BIAS","LOG.LIK","CONF","R2.ADJ","COMMON.TREND"
"1",94.7902855980096,94.8682877851101,94.7902855980096,95.2189927148838,95.0415696091152,95.4923237456176,95.4923237456176,94.903373597658
"2",94.516909204096,94.5558078219797,94.516909204096,94.6839560832805,94.9104433609503,95.2730035805047,95.2730035805047,94.6784937122604
"3",94.5163986854841,94.7573005532222,94.5163986854841,95.0654452945173,94.9738989649075,95.8761441114855,95.8761441114855,94.6322915596561
"4",94.6151497798697,95.0161248195222,94.6151497798697,95.2108983340643,95.0869917133193,96.5591448489865,96.5591448489865,94.6597046189531
"5",94.7048955092263,95.1467093038666,94.7048955092263,95.3031870396827,95.1366794830822,96.7933603183204,96.7933603183204,94.8426051652363
"6",94.9327844546479,95.172385295402,94.9327844546479,95.8286173198085,95.2877275972511,97.5875137047589,97.5875137047589,94.943825705355
