"","MAPE","MSE","THEIL","BIAS","LOG.LIK","CONF","R2.ADJ","COMMON.TREND"
"1",93.0453951262379,93.0453951262379,93.0453951262379,93.2031447272135,93.042099836195,93.1467829122858,93.1467829122858,93.1589188328049
"2",93.192231254136,93.192231254136,93.192231254136,93.3528823789004,93.1904172634754,93.1938375966385,93.1938375966385,93.382311905929
"3",93.419437327675,93.419437327675,93.419437327675,93.5444377409628,93.4216896395541,93.3844486029846,93.3844486029846,93.6213421952599
"4",93.5982562276647,93.5982562276647,93.5982562276647,93.8655937327008,93.679265262124,93.7682433441186,93.7682433441186,93.8472274360797
"5",93.8681862875407,93.8681862875407,93.8681862875407,94.1794472959828,93.9312249273983,94.1567844595091,94.1567844595091,94.303653946212
"6",94.1638051357791,94.1638051357791,94.1638051357791,94.4475102146253,94.1765062972635,94.4946899356939,94.4946899356939,94.8808477315732
