"","MAPE","MSE","THEIL","BIAS","LOG.LIK","CONF","R2.ADJ","COMMON.TREND"
"1",95.0494205433186,95.0494205433186,95.0494205433186,95.0494205433186,95.0892115080943,95.0190188138296,95.0190188138296,94.7887143774446
"2",95.1682652643801,95.1682652643801,95.1682652643801,95.1682652643801,94.9935979950842,95.6409275553312,95.6409275553312,94.9485249076125
"3",95.2233435106773,95.2233435106773,95.2233435106773,95.2233435106773,94.9170776580925,95.964574086919,95.964574086919,94.9770487017156
"4",95.0380263355147,95.0380263355147,95.0380263355147,95.0380263355147,94.8605838665617,96.4869097190839,96.4869097190839,94.960531395809
"5",95.2125370248982,95.2125370248982,95.2125370248982,95.2125370248982,94.8500302866974,96.8349772380645,96.8349772380645,94.9961628443084
"6",95.5549643300017,95.5549643300017,95.5549643300017,95.5549643300017,94.8600391204804,97.8541453166767,97.8541453166767,95.256482540715
