"","MAPE","MSE","THEIL","BIAS","LOG.LIK","CONF","R2.ADJ","COMMON.TREND"
"1",99.3493346526838,99.3493346526838,99.3493346526838,99.3493346526838,99.0356753886985,98.9634733592567,98.9634733592567,99.3671329703091
"2",99.5714619367194,99.5714619367194,99.5714619367194,99.5714619367194,99.4316604302967,99.0730665797054,99.0730665797054,99.4016891077694
"3",100.188252509967,100.188252509967,100.188252509967,100.188252509967,99.8807506847268,99.3377730614164,99.3377730614164,99.9347848888157
"4",100.521213696353,100.521213696353,100.521213696353,100.521213696353,100.335632689948,99.452097762079,99.452097762079,100.347109818409
"5",101.024241267707,101.024241267707,101.024241267707,101.024241267707,100.80906350124,99.6787127065446,99.6787127065446,100.833808713094
"6",101.584137733195,101.584137733195,101.584137733195,101.584137733195,101.283688070337,100.059342233135,100.059342233135,101.379550536569
