"","MAPE","MSE","THEIL","BIAS","LOG.LIK","CONF","R2.ADJ","COMMON.TREND"
"1",99.0840697631499,99.0840697631499,99.0840697631499,99.0840697631499,99.4243861774581,99.5025177547746,99.5025177547746,99.3123984794099
"2",98.9930695994489,98.9930695994489,98.9930695994489,98.9930695994489,99.647246104067,99.3795016528833,99.3795016528833,99.4049675497455
"3",99.1316379362779,99.1316379362779,99.1316379362779,99.1316379362779,99.8918216214818,99.6997711313742,99.6997711313742,99.4977447719341
"4",99.3793885577952,99.3793885577952,99.3793885577952,99.3793885577952,100.158632065758,100.029937039228,100.029937039228,99.6376326274595
"5",99.7411926428994,99.7411926428994,99.7411926428994,99.7411926428994,100.440120958927,100.55731923529,100.55731923529,99.8405380094952
"6",100.220556978783,100.220556978783,100.220556978783,100.220556978783,100.728479907984,101.236009754341,101.236009754341,100.102082711689
