"","MAPE","MSE","THEIL","BIAS","LOG.LIK","CONF","R2.ADJ","COMMON.TREND"
"1",95.370522938611,95.370522938611,95.370522938611,95.2829320723664,94.7192011076812,95.7688327380111,95.7688327380111,95.3435844146479
"2",95.4852261926808,95.4852261926808,95.4852261926808,95.3370226603794,94.841711803499,96.0203718375676,96.0203718375676,95.4011450592651
"3",96.1049079992572,96.1049079992572,96.1049079992572,96.0926122909628,94.846592685297,96.8938656909027,96.8938656909027,96.0704168743561
"4",96.6344547778214,96.6344547778214,96.6344547778214,96.3036884869363,94.8583839208574,97.463995142145,97.463995142145,96.2757630999893
"5",97.4388018528131,97.4388018528131,97.4388018528131,96.8553719673358,94.8528892540515,98.4506551647854,98.4506551647854,96.8264486302087
"6",97.822868067852,97.822868067852,97.822868067852,97.1465493835548,94.8849116316012,98.821280045994,98.821280045994,97.1522316135839
