"","MAPE","MSE","THEIL","BIAS","LOG.LIK","CONF","R2.ADJ","COMMON.TREND"
"1",96.6393829216842,96.6393829216842,96.6393829216842,96.6393829216842,96.5443023509869,96.6393829216842,96.6393829216842,96.6747839573398
"2",96.9819061048307,96.9819061048307,96.9819061048307,96.9819061048307,96.8289721689261,96.9819061048307,96.9819061048307,97.1134579265646
"3",97.424275690213,97.424275690213,97.424275690213,97.424275690213,97.019486889628,97.424275690213,97.424275690213,97.6160296513665
"4",97.8752243365627,97.8752243365627,97.8752243365627,97.8752243365627,97.2272866579751,97.8752243365627,97.8752243365627,97.99080143022
"5",98.2499777306436,98.2499777306436,98.2499777306436,98.2499777306436,97.3843453562742,98.2499777306436,98.2499777306436,98.339357245529
"6",98.6792828427755,98.6792828427755,98.6792828427755,98.6792828427755,97.5578002388199,98.6792828427755,98.6792828427755,98.7682819069603
