"","MAPE","MSE","THEIL","BIAS","LOG.LIK","CONF","R2.ADJ","COMMON.TREND"
"1",99.0096721165271,99.0096721165271,99.0096721165271,98.7477776093534,98.94854166783,99.0096721165271,99.055224054923,99.3804810000198
"2",99.5223570931539,99.5223570931539,99.5223570931539,99.1535019783094,99.3087924700305,99.5223570931539,99.4636715906527,99.1285477994432
"3",99.0928512864205,99.0928512864205,99.0928512864205,98.3445773878969,99.5394296605929,99.0928512864205,99.0067692657606,98.6379805538973
"4",98.7694283440417,98.7694283440417,98.7694283440417,98.1372456695323,99.8893806679422,98.7694283440417,98.511112017778,98.7407304512275
"5",98.8576333673158,98.8576333673158,98.8576333673158,98.2652170661488,100.218585907097,98.8576333673158,98.5724140211991,98.9021380698345
"6",99.1610172011963,99.1610172011963,99.1610172011963,98.58506502249,100.704099338545,99.1610172011963,98.8219037110277,99.1717749533232
