"","MAPE","MSE","THEIL","BIAS","LOG.LIK","CONF","R2.ADJ","COMMON.TREND"
"1",96.1996786635113,96.1996786635113,96.1996786635113,96.1996786635113,95.9022331327742,96.2872477048823,96.2872477048823,95.9566247902609
"2",97.8032600854151,97.8032600854151,97.8032600854151,97.8032600854151,95.9607006298948,97.7997560192729,97.7997560192729,95.5264745264399
"3",99.852825406516,99.852825406516,99.852825406516,99.852825406516,95.9759676287505,99.5940908819949,99.5940908819949,96.1785093555357
