"","MAPE","MSE","THEIL","BIAS","LOG.LIK","CONF","R2.ADJ","COMMON.TREND"
"Nacional",94.6347129714123,94.6347129714123,94.6347129714123,94.6057738949839,94.322139777441,94.5366549002073,94.6421360405513,94.7292777419555
