"","MAPE","MSE","THEIL","BIAS","LOG.LIK","CONF","R2.ADJ","COMMON.TREND"
"1",93.0453951262379,93.0453951262379,93.0453951262379,93.2031447272135,93.042099836195,93.1467829122858,93.1467829122858,93.1410172461181
"2",93.192231254136,93.192231254136,93.192231254136,93.3528823789004,93.1904172634754,93.1938375966385,93.1938375966385,93.1431842914635
"3",93.419437327675,93.419437327675,93.419437327675,93.5444377409628,93.4216896395541,93.3844486029846,93.3844486029846,93.2778089156183
