"","MAPE","MSE","THEIL","BIAS","LOG.LIK","CONF","R2.ADJ","COMMON.TREND"
"Noroeste",100.958732633883,100.958732633883,100.958732633883,100.647357689192,100.80953743707,101.267286113359,101.267286113359,100.568200257216
