"","MAPE","MSE","THEIL","BIAS","LOG.LIK","CONF","R2.ADJ","COMMON.TREND"
"1",103.434231526784,103.434231526784,103.434231526784,103.534345456285,103.341717580326,103.487281093404,103.487281093404,103.434231526784
"2",103.824281501473,103.824281501473,103.824281501473,104.011633239409,103.722686076064,103.90347822976,103.90347822976,103.824281501473
"3",104.251668347434,104.251668347434,104.251668347434,104.532681652128,104.052856771655,104.632864203399,104.632864203399,104.251668347434
