"","MAPE","MSE","THEIL","BIAS","LOG.LIK","CONF","R2.ADJ","COMMON.TREND"
"1",96.6982271512722,96.6982271512722,96.6982271512722,96.6982271512722,96.322779186876,96.6982271512722,96.6982271512722,96.6634601056713
"2",97.798823802448,97.798823802448,97.798823802448,97.798823802448,96.7372140514163,97.798823802448,97.798823802448,97.4394864509787
"3",98.4211367023048,98.4211367023048,98.4211367023048,98.4211367023048,97.0973535423396,98.4211367023048,98.4211367023048,97.9596084257949
