"","MAPE","MSE","THEIL","BIAS","LOG.LIK","CONF","R2.ADJ","COMMON.TREND"
"1",98.0068686008781,98.0068686008781,98.0068686008781,97.9818721529988,97.877407397958,98.3525724611641,98.3525724611641,98.1368519463156
"2",98.2863346793023,98.2863346793023,98.2863346793023,98.3087636935793,98.3273984463724,98.8541297583131,98.8541297583131,98.6427604113789
"3",98.7010213326957,98.7010213326957,98.7010213326957,98.7382233287173,98.5563565679423,99.6820314760673,99.6820314760673,99.4030785892488
