"","MAPE","MSE","THEIL","BIAS","LOG.LIK","CONF","R2.ADJ","COMMON.TREND"
"1",93.5822072077866,93.5822072077866,93.5822072077866,93.6578211183157,93.5054976996831,93.5678624155591,93.5678624155591,93.6313268209759
"2",93.8924578723518,93.8924578723518,93.8924578723518,93.8312955050236,93.732721400629,93.9224797886452,93.9224797886452,93.9889834916887
"3",94.061268978193,94.061268978193,94.061268978193,93.7849040734124,93.8939125936976,93.9799424062907,93.9799424062907,94.207400902775
