"","MAPE","MSE","THEIL","BIAS","LOG.LIK","CONF","R2.ADJ","COMMON.TREND"
"Sur",95.2026221260995,95.1533961460608,95.1533961460608,95.2026221260995,95.2059014048241,95.4010230217628,95.4010230217628,95.3071259170532
