"","MAPE","MSE","THEIL","BIAS","LOG.LIK","CONF","R2.ADJ","COMMON.TREND"
"1",94.7904950551522,94.7904950551522,94.7904950551522,95.239332017856,94.9292033271592,94.8084011902389,95.239332017856,94.7766214996076
"2",94.9469081160294,94.9469081160294,94.9469081160294,95.6530327259182,95.0953612931982,95.0172070752195,95.6530327259182,94.9304448886948
"3",95.2405117147093,95.2405117147093,95.2405117147093,95.9720685075312,95.234931947715,95.2217378757923,95.9720685075312,95.0529172792507
"4",95.4933670768022,95.4933670768022,95.4933670768022,96.3222590619486,95.4207920197065,95.3950543212093,96.3222590619486,95.1327563775948
"5",95.8471659275431,95.8471659275431,95.8471659275431,97.1424345282983,95.6055422453355,95.7003554845792,97.1424345282983,95.3220263075105
"6",96.0339014379823,96.0339014379823,96.0339014379823,97.7723050747528,95.7978724263477,95.9216239460927,97.7723050747528,95.4334399304199
