"","MAPE","MSE","THEIL","BIAS","LOG.LIK","CONF","R2.ADJ","COMMON.TREND"
"1",98.5810901415233,98.1329118564834,98.1329118564834,96.1634992618096,96.3004846255786,99.1831544041392,99.1831544041392,97.3645362559174
"2",98.6600112293903,98.1487510292311,98.1487510292311,96.8028387461384,96.679838924109,99.9112897299585,99.9112897299585,96.9503725340263
"3",95.4859092747714,94.6794228498944,94.6794228498944,96.3009744573659,96.8011270317834,97.3260602872271,97.3260602872271,94.1110524359794
