"","MAPE","MSE","THEIL","BIAS","LOG.LIK","CONF","R2.ADJ","COMMON.TREND"
"Centro.norte",95.7175114292513,95.7175114292513,95.7175114292513,95.7175114292513,95.3516560281277,95.7175114292513,95.7175114292513,95.2957020583734
