"","MAPE","MSE","THEIL","BIAS","LOG.LIK","CONF","R2.ADJ","COMMON.TREND"
"Frontera.norte",96.7411141844608,96.7411141844608,96.7411141844608,96.3954407250725,97.4647352110775,97.5209939457705,97.5209939457705,96.3954407250725
