"","MAPE","MSE","THEIL","BIAS","LOG.LIK","CONF","R2.ADJ","COMMON.TREND"
"Noreste",103.735006591909,103.735006591909,103.735006591909,103.379171462519,103.314827830527,103.964225924191,103.964225924191,104.055361025853
