"","MAPE","MSE","THEIL","BIAS","LOG.LIK","CONF","R2.ADJ","COMMON.TREND"
"1",95.1913843446823,95.1913843446823,95.169087398321,94.9430984465671,94.8585961214776,95.1564291725144,95.1564291725144,94.7349732488329
"2",95.9868749052674,95.9868749052674,95.9824450913602,95.3921380624672,95.0867141228312,96.2159557468863,96.2159557468863,95.0076655960655
"3",95.8894328911429,95.8894328911429,96.0683632502292,95.1660777667336,95.2537883420706,96.4129852679866,96.4129852679866,94.391985438028
"4",96.4719445977788,96.4719445977788,96.8140139149547,95.7925228581652,95.4832854788233,96.8281800537178,96.8281800537178,94.2047113568375
"5",97.0002922975941,97.0002922975941,97.6475356518369,96.0563089153889,95.701492138109,97.5046232707428,97.5046232707428,94.2771950507594
"6",97.2542343964711,97.2542343964711,98.2066650100167,96.3404741249682,95.8927698401444,97.9194570265447,97.9194570265447,94.2638529221035
