"","MAPE","MSE","THEIL","BIAS","LOG.LIK","CONF","R2.ADJ","COMMON.TREND"
"1",101.189659620352,101.189659620352,101.189659620352,101.352070074003,101.621966718645,102.057351495281,102.057351495281,101.400724394379
"2",98.9776889571193,98.9776889571193,98.9776889571193,101.009345656475,101.82245356998,101.442527789243,101.442527789243,99.887788825164
"3",98.4732265686056,98.4732265686056,98.4732265686056,100.75243452985,102.037436191002,100.860072321058,100.860072321058,99.0670161118317
"4",98.5267495328515,98.5267495328515,98.5267495328515,100.874251809672,102.260825569165,100.830780805376,100.830780805376,99.6601996510226
"5",99.6787164423145,99.6787164423145,99.6787164423145,101.389502995937,102.46485671409,101.748192635553,101.748192635553,100.068585033698
"6",99.4468029381719,99.4468029381719,99.4468029381719,101.874770059566,102.655438315565,102.315352146307,102.315352146307,100.014041918982
