"","MAPE","MSE","THEIL","BIAS","LOG.LIK","CONF","R2.ADJ","COMMON.TREND"
"1",92.6925996529281,92.6925996529281,92.6925996529281,92.7370525162242,92.7165248332189,92.8074104456594,92.8074104456594,92.7556589224383
"2",92.9331809066118,92.9331809066118,92.9331809066118,92.9946902404609,92.9825366486445,93.2178069459671,93.2178069459671,93.1074232254817
"3",93.1552447982188,93.1552447982188,93.1552447982188,93.2133995138512,93.2385955108825,93.3426179032426,93.3426179032426,93.3993086978456
"4",93.409126875655,93.409126875655,93.409126875655,93.4982955939182,93.5410664700681,93.5010935820094,93.5010935820094,93.6017457978642
"5",93.5828121834998,93.5828121834998,93.5828121834998,93.7300927035832,93.8601206600776,93.8467524003592,93.8467524003592,93.8325353975137
"6",93.8505608848834,93.8505608848834,93.8505608848834,94.0462359473703,94.1784209706232,94.2169102293595,94.2169102293595,94.2677733765728
