"","MAPE","MSE","THEIL","BIAS","LOG.LIK","CONF","R2.ADJ","COMMON.TREND"
"1",94.9045980288231,94.9045980288231,94.9045980288231,95.0380085075444,94.6838979071613,94.9794210403401,94.9794210403401,94.7083283093411
"2",95.224710809407,95.224710809407,95.224710809407,95.5038975235486,94.7746425451586,95.2645218614307,95.2645218614307,94.9600452604086
"3",95.6261650423481,95.6261650423481,95.6261650423481,95.9643983197825,94.8762794004375,95.7113256833553,95.7113256833553,95.0607565279006
"4",95.9098659720813,95.9098659720813,95.9098659720813,96.6626017444384,94.9647105204133,96.2120546182659,96.2120546182659,95.1509009590667
"5",96.3278471961294,96.3278471961294,96.3278471961294,97.2214863125494,95.0509141534318,96.8659345538104,96.8659345538104,95.3368580449696
"6",96.7910944649594,96.7910944649594,96.7910944649594,97.7421136591256,95.1492944987387,97.7398798281831,97.7398798281831,95.696325823982
