"","MAPE","MSE","THEIL","BIAS","LOG.LIK","CONF","R2.ADJ","COMMON.TREND"
"1",99.7286110745508,99.7286110745508,99.7286110745508,99.9391228964604,99.6495478281225,99.9525130338612,99.9525130338612,99.789364557024
"2",100.207754900969,100.207754900969,100.207754900969,100.436405044243,100.026842247976,100.498996608263,100.498996608263,100.193368152335
"3",100.642066664714,100.642066664714,100.642066664714,100.907741853157,100.449576096633,101.012596098204,101.012596098204,100.667983090626
"4",101.029808327726,101.029808327726,101.029808327726,101.238994241089,100.86689646952,101.428798072904,101.428798072904,101.152988852623
"5",101.447160241204,101.447160241204,101.447160241204,101.658354206106,101.322177766985,101.823707222716,101.823707222716,101.568312400673
"6",101.867944137799,101.867944137799,101.867944137799,102.098729161124,101.746285220468,102.419534829514,102.419534829514,102.096408626272
