"","MAPE","MSE","THEIL","BIAS","LOG.LIK","CONF","R2.ADJ","COMMON.TREND"
"1",101.166474005025,101.166474005025,101.166474005025,101.166474005025,101.273296265256,101.471195371606,101.471195371606,101.07017294045
"2",101.480245833237,101.480245833237,101.480245833237,101.480245833237,101.594275333947,102.355403954148,102.355403954148,101.339664502327
"3",101.796629982492,101.796629982492,101.796629982492,101.796629982492,101.909597088911,102.990468568803,102.990468568803,101.663725872032
"4",102.135763209433,102.135763209433,102.135763209433,102.135763209433,102.224888535952,103.485551384309,103.485551384309,102.090903386928
"5",102.472063082238,102.472063082238,102.472063082238,102.472063082238,102.539759240076,103.894217269782,103.894217269782,102.415912288351
"6",102.797617489603,102.797617489603,102.797617489603,102.797617489603,102.853068567754,104.453113450919,104.453113450919,102.832522188532
