"","MAPE","MSE","THEIL","BIAS","LOG.LIK","CONF","R2.ADJ","COMMON.TREND"
"1",100.671813340055,100.671813340055,100.671813340055,100.04162305918,101.600083998721,100.852154868325,100.852154868325,100.543366461303
"2",100.251242010987,100.251242010987,100.251242010987,99.6135299242011,101.888470746332,99.5064978630296,99.5064978630296,99.8278837125829
"3",100.602119476537,100.602119476537,100.602119476537,98.8608772309195,102.225110083862,99.7638176666693,99.7638176666693,99.9271782341411
"4",98.023391344432,98.023391344432,98.023391344432,97.0763971189142,102.576216485523,97.6871571839286,97.6871571839286,97.6910266348947
"5",96.8299701738374,96.8299701738374,96.8299701738374,96.7760055878574,102.958265449948,96.8236113984578,96.8236113984578,96.4506824501005
"6",97.734647660105,97.734647660105,97.734647660105,97.8885127457365,103.327811411836,97.5469913151638,97.5469913151638,96.8018149505165
