"","MAPE","MSE","THEIL","BIAS","LOG.LIK","CONF","R2.ADJ","COMMON.TREND"
"1",94.9045980288231,94.9045980288231,94.9045980288231,95.0380085075444,94.6838979071613,94.9794210403401,94.9794210403401,94.9629551714757
"2",95.224710809407,95.224710809407,95.224710809407,95.5038975235486,94.7746425451586,95.2645218614307,95.2645218614307,95.3744399608612
"3",95.6261650423481,95.6261650423481,95.6261650423481,95.9643983197825,94.8762794004375,95.7113256833553,95.7113256833553,95.832906360684
