"","MAPE","MSE","THEIL","BIAS","LOG.LIK","CONF","R2.ADJ","COMMON.TREND"
"1",97.3631619245613,97.3631619245613,97.3631619245613,97.3631619245613,97.1255190056245,97.4066187050755,97.4066187050755,97.3742903144698
"2",97.9118312553419,97.9118312553419,97.9118312553419,97.9118312553419,97.4469460936408,97.880713803529,97.880713803529,97.7342900369048
"3",98.2732946726397,98.2732946726397,98.2732946726397,98.2732946726397,97.7229693117102,98.1575519744563,98.1575519744563,98.0371829922298
