"","MAPE","MSE","THEIL","BIAS","LOG.LIK","CONF","R2.ADJ","COMMON.TREND"
"1",99.8451855206938,98.8843858208339,98.8843858208339,99.8451855206938,102.810870340335,98.9957183843787,98.9957183843787,100.498611560376
"2",100.263847749367,98.7257286569319,98.7257286569319,100.263847749367,103.193992844022,99.2381293096749,99.2381293096749,99.7196884357444
"3",99.9548216586494,98.8340853317771,98.8340853317771,99.9548216586494,103.600406579839,99.6902888813156,99.6902888813156,99.3523008035902
