"","MAPE","MSE","THEIL","BIAS","LOG.LIK","CONF","R2.ADJ","COMMON.TREND"
"Noroeste",100.338012125222,100.338012125222,100.338012125222,100.274130220217,98.1496848317691,100.994287093775,100.994287093775,100.526088731146
