"","MAPE","MSE","THEIL","BIAS","LOG.LIK","CONF","R2.ADJ","COMMON.TREND"
"Centro.norte",100.860109251377,100.836194420921,100.836194420921,100.860109251377,100.726641482048,101.009976258991,101.009976258991,100.88549251863
