"","MAPE","MSE","THEIL","BIAS","LOG.LIK","CONF","R2.ADJ","COMMON.TREND"
"Frontera.norte",101.189659620352,101.189659620352,101.189659620352,101.352070074003,101.621966718645,102.057351495281,102.057351495281,100.97078759494
