"","MAPE","MSE","THEIL","BIAS","LOG.LIK","CONF","R2.ADJ","COMMON.TREND"
"1",97.4974405571372,97.4974405571372,97.4950801805219,96.2434269771098,96.9025782530148,98.2566380535273,98.2566380535273,96.2434269771098
"2",96.7459419470721,96.7459419470721,96.7038222595115,95.0634979139725,96.5329775539687,98.0385824518158,98.0385824518158,95.0634979139725
"3",94.7142363538494,94.7142363538494,94.6481121729502,93.8427331281088,96.1448010705071,95.6033795271966,95.6033795271966,93.8427331281088
"4",94.7516196252575,94.7516196252575,94.6783660711324,93.2827770602571,95.8204174654029,95.4328014045574,95.4328014045574,93.2827770602571
"5",93.5622492832643,93.5622492832643,93.4512315604608,92.9117579157043,95.6136428578301,94.3631040818549,94.3631040818549,92.9117579157043
"6",93.4425412233724,93.4425412233724,93.2853192371457,92.8204426981029,95.5009646118918,94.3016965009353,94.3016965009353,92.8204426981029
