"","MAPE","MSE","THEIL","BIAS","LOG.LIK","CONF","R2.ADJ","COMMON.TREND"
"1",96.9086411181385,96.8609708697698,96.9086411181385,97.0190800655703,97.0734918330123,97.1421582963585,97.1421582963585,97.0190800655703
"2",98.106462164686,97.9632167440961,98.106462164686,96.185915340736,96.8853971332128,98.1652831812471,98.1652831812471,96.185915340736
"3",97.1307689592718,97.0061944959937,97.1307689592718,94.2773404835655,96.6995687748883,97.3443569205711,97.3443569205711,94.2773404835655
