"","MAPE","MSE","THEIL","BIAS","LOG.LIK","CONF","R2.ADJ","COMMON.TREND"
"1",99.3145390195522,99.3326489830424,99.3326489830424,99.1994298712792,99.3001179965073,99.3987618987716,99.3987618987716,99.3325750206269
"2",99.6532043981519,99.5972805202435,99.5972805202435,99.4570862047774,99.5922872724782,99.6607637117759,99.6607637117759,99.4806623747918
"3",100.069905944578,99.903192817231,99.903192817231,99.8145789464768,99.922807343033,99.9621789965911,99.9621789965911,99.711079022485
"4",100.442631811223,100.3281392555,100.3281392555,100.19748136052,100.277155116574,100.321751334261,100.321751334261,99.8903301649262
"5",100.833736947211,100.853651029291,100.853651029291,100.595458364382,100.653219975394,100.899096400353,100.899096400353,100.240344875007
"6",101.212819395274,101.281515239361,101.281515239361,101.110531050192,101.041041066878,101.510648140527,101.510648140527,100.534985350661
