"","MAPE","MSE","THEIL","BIAS","LOG.LIK","CONF","R2.ADJ","COMMON.TREND"
"1",98.3913888600022,98.3913888600022,98.3913888600022,98.3913888600022,98.4432637130802,98.3521604631247,98.3521604631247,98.3739982857003
"2",98.8230482076811,98.8230482076811,98.8230482076811,98.8230482076811,98.8053664801537,98.7372156389452,98.7372156389452,98.5269326192583
"3",99.0839960492928,99.0839960492928,99.0839960492928,99.0839960492928,99.1957390292815,98.9557644679924,98.9557644679924,98.7702973430065
