"","MAPE","MSE","THEIL","BIAS","LOG.LIK","CONF","R2.ADJ","COMMON.TREND"
"1",98.3913888600022,98.3913888600022,98.3913888600022,98.3913888600022,98.4432637130802,98.3521604631247,98.446045691767,98.562138240805
"2",98.8230482076811,98.8230482076811,98.8230482076811,98.8230482076811,98.8053664801537,98.7372156389452,98.9476189064592,98.7546654470872
"3",99.0839960492928,99.0839960492928,99.0839960492928,99.0839960492928,99.1957390292815,98.9557644679924,99.2640332834302,99.0618406172566
"4",99.3066839375563,99.3066839375563,99.3066839375563,99.3066839375563,99.5954271023985,99.1495215597358,99.5116967369815,99.5047234917099
"5",99.6423525689062,99.6423525689062,99.6423525689062,99.6423525689062,100.004422209833,99.4666304588127,99.875472407717,99.9963303901308
"6",100.090053696374,100.090053696374,100.090053696374,100.090053696374,100.412918587645,99.9042088631715,100.392201125163,100.485529798478
