"","MAPE","MSE","THEIL","BIAS","LOG.LIK","CONF","R2.ADJ","COMMON.TREND"
"1",100.645058438337,100.645058438337,100.645058438337,102.528048533262,101.45957211273,101.565629463491,101.565629463491,100.41013920113
"2",102.171323316514,102.171323316514,102.171323316514,103.042949208198,101.849155916114,102.599950868031,102.599950868031,99.9635142863661
"3",99.937773666751,99.937773666751,99.937773666751,99.8461203263101,102.230615573178,102.136200531108,102.136200531108,97.8109009155394
