"","MAPE","MSE","THEIL","BIAS","LOG.LIK","CONF","R2.ADJ","COMMON.TREND"
"1",99.7822904463479,99.7822904463479,99.7822904463479,99.7822904463479,99.5464221585656,99.8081913294117,99.8081913294117,99.4987016678173
"2",100.199683468442,100.199683468442,100.199683468442,100.199683468442,99.7700640984969,100.551522403734,100.551522403734,100.173096195662
"3",100.707575922048,100.707575922048,100.707575922048,100.707575922048,99.9994410922476,101.339462454978,101.339462454978,100.71058445965
