"","MAPE","MSE","THEIL","BIAS","LOG.LIK","CONF","R2.ADJ","COMMON.TREND"
"1",99.6876197042781,99.8014354046217,99.8014354046217,99.7894092891629,99.6741344479688,99.7485442675702,99.8593321457397,99.8106983389517
"2",100.039674070472,100.252779476825,100.252779476825,100.237522377489,100.006441878884,100.280232194704,100.535756800631,100.190133238718
"3",100.546458160029,100.699321035707,100.699321035707,100.71907113662,100.379888457417,100.861766579626,101.226690323031,100.713243618391
