"","MAPE","MSE","THEIL","BIAS","LOG.LIK","CONF","R2.ADJ","COMMON.TREND"
"1",99.1203444887323,99.1203444887323,99.1203444887323,99.0634434818871,99.1172972577743,98.9795409834446,98.9795409834446,99.0743385671148
"2",99.5079330832223,99.5079330832223,99.5079330832223,99.3772388682503,99.5001725789232,99.2020757288156,99.2020757288156,99.3932465520453
"3",99.9162545642099,99.9162545642099,99.9162545642099,99.7085908897936,99.8990593761505,99.5211549751388,99.5211549751388,99.7066360561477
