"","MAPE","MSE","THEIL","BIAS","LOG.LIK","CONF","R2.ADJ","COMMON.TREND"
"Frontera.norte",94.3422690710949,94.3422690710949,94.3422690710949,94.4059987525252,94.786294307103,94.7758127098605,94.7758127098605,94.368555471181
