"","MAPE","MSE","THEIL","BIAS","LOG.LIK","CONF","R2.ADJ","COMMON.TREND"
"Noroeste",97.2324373496175,97.2324373496175,97.2324373496175,94.6095916896697,94.8621389035649,95.4537924632156,95.4537924632156,94.0053448611013
