"","MAPE","MSE","THEIL","BIAS","LOG.LIK","CONF","R2.ADJ","COMMON.TREND"
"1",103.735006591909,103.735006591909,103.735006591909,103.379171462519,103.314827830527,103.964225924191,103.964225924191,104.055361025853
"2",104.255256061566,104.255256061566,104.255256061566,103.641727370822,103.561256042921,104.634201578964,104.634201578964,104.420441843988
"3",104.676352413528,104.676352413528,104.676352413528,103.793834379308,103.856910656443,105.373157398618,105.373157398618,105.00700895957
