"","MAPE","MSE","THEIL","BIAS","LOG.LIK","CONF","R2.ADJ","COMMON.TREND"
"1",95.4984005546157,95.4984005546157,95.4984005546157,95.6035952920608,95.2212499052299,95.6048399997105,95.6089436183388,95.6089436183388
"2",96.1159300463147,96.1159300463147,96.1159300463147,96.3075074022573,95.5156505345595,96.3113018058136,96.2980885009027,96.2980885009027
"3",96.9661186766437,96.9661186766437,96.9661186766437,97.2035226298817,95.8331664085535,97.2078456195301,97.1863604934143,97.1863604934143
"4",97.7393149422177,97.7393149422177,97.7393149422177,98.2360745070044,96.1533531982177,98.1284444432122,98.1325143027369,98.1325143027369
"5",98.4733850489533,98.4733850489533,98.4733850489533,99.1423698570273,96.4685191288828,98.966642735401,99.0758060380438,99.0758060380438
"6",99.0723206584315,99.0723206584315,99.0723206584315,99.6878261295445,96.7764107029576,99.5877911260909,99.7352280673789,99.7352280673789
