"","MAPE","MSE","THEIL","BIAS","LOG.LIK","CONF","R2.ADJ","COMMON.TREND"
"1",99.6012659455017,99.6012659455017,99.6012659455017,99.3377212654532,99.4630070811161,99.3606020113767,99.3606020113767,99.4325370827302
"2",99.322518118704,99.322518118704,99.322518118704,99.7221117028967,99.8238131299638,99.1763448323976,99.1763448323976,99.0573413367297
"3",99.2333262793113,99.2333262793113,99.2333262793113,100.077044595607,100.238722511648,99.1777392200465,99.1777392200465,99.0274887593744
"4",99.3250389185675,99.3250389185675,99.3250389185675,100.338791322506,100.662597443007,99.1236647543299,99.1236647543299,98.9620367122104
"5",99.6829671696472,99.6829671696472,99.6829671696472,100.656779557002,101.10387608798,99.7237077647857,99.7237077647857,99.347602180855
"6",100.018419456844,100.018419456844,100.018419456844,101.181151740731,101.535300435734,100.359369931619,100.359369931619,99.7880651139611
