"","MAPE","MSE","THEIL","BIAS","LOG.LIK","CONF","R2.ADJ","COMMON.TREND"
"1",95.2026221260995,95.1533961460608,95.1533961460608,95.2026221260995,95.2059014048241,95.4010230217628,95.4010230217628,95.0778136922317
"2",94.9964392991603,95.5177614398751,95.5177614398751,94.9964392991603,95.0194361963595,96.1455798679336,96.1455798679336,95.078212900797
"3",95.213673858357,95.6251300951337,95.6251300951337,95.213673858357,94.9096860729399,96.482823735286,96.482823735286,95.2809792126948
"4",95.2413917811493,96.1310427631516,96.1310427631516,95.2413917811493,94.9114882843426,97.2348003024262,97.2348003024262,95.3475607314327
"5",95.4967024146773,96.6846386416473,96.6846386416473,95.4967024146773,94.8827326541372,97.7422423391005,97.7422423391005,95.6208488427904
"6",95.6188106857618,97.5135023405423,97.5135023405423,95.6188106857618,94.8948123882531,98.7796501263042,98.7796501263042,95.8329365183017
