"","MAPE","MSE","THEIL","BIAS","LOG.LIK","CONF","R2.ADJ","COMMON.TREND"
"1",99.0086488970423,99.0086488970423,99.0086488970423,99.0086488970423,98.9454762270732,99.4920622844362,99.4920622844362,99.4358822873324
"2",99.1860392632438,99.1860392632438,99.1860392632438,99.1860392632438,98.9767416377081,99.6423941115251,99.6423941115251,99.3436331817801
"3",99.5002202303898,99.5002202303898,99.5002202303898,99.5002202303898,99.1764530560031,100.113797961523,100.113797961523,100.028181760101
"4",99.9356937881638,99.9356937881638,99.9356937881638,99.9356937881638,99.4015355823632,100.750671465949,100.750671465949,100.715657086573
"5",100.201443421407,100.201443421407,100.201443421407,100.201443421407,99.6846887803885,101.300302197333,101.300302197333,101.422564910562
"6",100.737284161114,100.737284161114,100.737284161114,100.737284161114,99.9884259562314,102.306363823476,102.306363823476,102.444325515264
