"","MAPE","MSE","THEIL","BIAS","LOG.LIK","CONF","R2.ADJ","COMMON.TREND"
"1",93.6443224534894,93.6443224534894,93.6443224534894,93.6446974870683,93.5679214770046,93.704889879514,93.85402822227,93.6688128334038
"2",94.0372906621637,94.0372906621637,94.0372906621637,93.8962624607739,93.751596980821,93.9880716865755,94.3923458634315,94.0132366081245
"3",94.2038205079606,94.2038205079606,94.2038205079606,94.0005668225826,93.9195275511324,94.0401586931945,94.5768523741893,93.9525390181462
