"","MAPE","MSE","THEIL","BIAS","LOG.LIK","CONF","R2.ADJ","COMMON.TREND"
"1",94.3317196933625,94.3317196933625,94.3317196933625,94.5100900314266,94.4700569263908,94.3317196933625,94.5118855960755,94.501025259464
"2",94.6326649521438,94.6326649521438,94.6326649521438,94.8075748776874,94.7377102096678,94.6326649521438,94.6858342940344,94.7094149606293
"3",95.0382121209917,95.0382121209917,95.0382121209917,95.0716618095486,94.9994101414511,95.0382121209917,95.0745921110281,95.0407942010795
"4",95.4171289773172,95.4171289773172,95.4171289773172,95.3307376874069,95.2651624072492,95.4171289773172,95.4342074280382,95.3947815825313
"5",95.8761006200642,95.8761006200642,95.8761006200642,95.5785522693754,95.5376323730672,95.8761006200642,96.0250130375533,96.0200318044016
"6",96.1465217222733,96.1465217222733,96.1465217222733,95.8598691667413,95.8129704384291,96.1465217222733,96.3320816769962,96.4746330373579
