"","MAPE","MSE","THEIL","BIAS","LOG.LIK","CONF","R2.ADJ","COMMON.TREND"
"1",100.958732633883,100.958732633883,100.958732633883,100.647357689192,100.80953743707,101.267286113359,101.267286113359,100.364196850631
"2",105.108267932416,105.108267932416,105.108267932416,103.523189789228,101.22770147227,105.096179935211,105.096179935211,101.664856110716
"3",106.381520166877,106.381520166877,106.381520166877,104.425092513153,101.605021678129,105.707990945239,105.707990945239,102.51781502337
