"","MAPE","MSE","THEIL","BIAS","LOG.LIK","CONF","R2.ADJ","COMMON.TREND"
"Noreste",96.6982271512722,96.6982271512722,96.6982271512722,96.6982271512722,96.322779186876,96.6982271512722,96.6982271512722,96.5929223873101
