"","MAPE","MSE","THEIL","BIAS","LOG.LIK","CONF","R2.ADJ","COMMON.TREND"
"Centro.sur",99.3145390195522,99.3326489830424,99.3326489830424,99.1994298712792,99.3001179965073,99.3987618987716,99.3987618987716,99.316366523417
