"","MAPE","MSE","THEIL","BIAS","LOG.LIK","CONF","R2.ADJ","COMMON.TREND"
"1",95.8877146470816,95.8491192080166,95.8877146470816,95.8877146470816,95.8902409545157,95.8491192080166,95.8491192080166,95.8882427084284
"2",96.3308807388447,96.2829440560204,96.3308807388447,96.3308807388447,96.2459903294054,96.2829440560204,96.2829440560204,96.5833482451554
"3",96.7362035329524,96.6712623471078,96.7362035329524,96.7362035329524,96.5771272073731,96.6712623471078,96.6712623471078,97.1653832969919
