"","MAPE","MSE","THEIL","BIAS","LOG.LIK","CONF","R2.ADJ","COMMON.TREND"
"Sur",101.596972894926,101.596972894926,101.596972894926,101.596972894926,101.406280137524,101.808134728064,101.808134728064,101.849374007264
