"","MAPE","MSE","THEIL","BIAS","LOG.LIK","CONF","R2.ADJ","COMMON.TREND"
"1",99.300821065893,99.300821065893,99.3816203448514,99.3988963817429,99.2320565526226,99.2863541446144,99.2863541446144,99.2168279810175
"2",99.7552514357531,99.7552514357531,99.8639580396295,100.095801211645,99.5406162720816,99.8475598572788,99.8475598572788,99.7480584786479
"3",100.223914765122,100.223914765122,100.321454493403,100.57161540276,99.8986972222795,100.336509802744,100.336509802744,100.120458968715
