"","MAPE","MSE","THEIL","BIAS","LOG.LIK","CONF","R2.ADJ","COMMON.TREND"
"Mexico",101.478651934049,101.478651934049,101.478651934049,101.478651934049,101.528072387079,101.592768486078,101.592768486078,101.53630532089
