"","MAPE","MSE","THEIL","BIAS","LOG.LIK","CONF","R2.ADJ","COMMON.TREND"
"1",96.8801240433283,96.8673230578058,96.8801240433283,96.7838622286713,96.8479499700275,97.0449690026958,97.0449690026958,97.0449690026958
"2",97.406861430539,97.3416046616206,97.406861430539,97.1161193898308,97.1942532160602,97.8353714536482,97.8353714536482,97.8353714536482
"3",97.8466353635984,97.7627941300947,97.8466353635984,97.312336355206,97.4641053121782,98.467742044482,98.467742044482,98.467742044482
