"","MAPE","MSE","THEIL","BIAS","LOG.LIK","CONF","R2.ADJ","COMMON.TREND"
"Mexico",101.027187561938,101.027187561938,101.027187561938,101.027187561938,101.160864831922,101.076031004942,101.076031004942,101.21967572617
