"","MAPE","MSE","THEIL","BIAS","LOG.LIK","CONF","R2.ADJ","COMMON.TREND"
"1",100.390565206528,100.390565206528,100.390565206528,99.7943742451377,100.996381694809,99.8498660931305,99.8498660931305,100.139875910123
"2",100.574210787173,100.574210787173,100.574210787173,98.970068580126,101.275906027834,100.925340741138,100.925340741138,100.926294773291
"3",97.5870712313101,97.5870712313101,97.5870712313101,98.6016592514325,101.606388773351,99.0522607033288,99.0522607033288,98.7106634811007
"4",97.8171743895036,97.8171743895036,97.8171743895036,98.5367870011684,101.963645834181,98.8463361462257,98.8463361462257,98.2221596211694
"5",97.908830871786,97.908830871786,97.908830871786,98.9302570958586,102.296855570995,99.1038619163133,99.1038619163133,98.6298622347612
"6",99.0278332755156,99.0278332755156,99.0278332755156,99.4981822718928,102.608376265198,100.009145116096,100.009145116096,98.9162539026365
