"","MAPE","MSE","THEIL","BIAS","LOG.LIK","CONF","R2.ADJ","COMMON.TREND"
"1",102.532684622674,102.532684622674,102.532684622674,100.572751296855,101.907817822483,102.739865315975,102.739865315975,102.056443283369
"2",101.546737160805,101.546737160805,101.546737160805,99.5625177829967,102.424192220726,102.904055888687,102.904055888687,101.520671072522
"3",98.7030892509034,98.7030892509034,98.7030892509034,98.7550094851809,102.865570223563,99.5736834183788,99.5736834183788,97.7839678027387
"4",97.985028109082,97.985028109082,97.985028109082,98.8924044722636,103.28761392588,99.7418438023997,99.7418438023997,97.8541559560596
"5",98.7169719325476,98.7169719325476,98.7169719325476,99.600837315447,103.6491009366,100.031349734051,100.031349734051,98.2289552756054
"6",99.1419164698748,99.1419164698748,99.1419164698748,100.637581894177,103.978046981595,100.709696309242,100.709696309242,99.0389822780917
