"","MAPE","MSE","THEIL","BIAS","LOG.LIK","CONF","R2.ADJ","COMMON.TREND"
"1",99.6876197042781,99.8014354046217,99.8014354046217,99.7894092891629,99.6741344479688,99.7485442675702,99.8593321457397,99.9087816429037
"2",100.039674070472,100.252779476825,100.252779476825,100.237522377489,100.006441878884,100.280232194704,100.535756800631,100.621160450004
"3",100.546458160029,100.699321035707,100.699321035707,100.71907113662,100.379888457417,100.861766579626,101.226690323031,101.149874195754
"4",100.858239333418,101.075463000639,101.075463000639,101.200831147029,100.782256491024,101.36522062169,101.826249920886,101.71248485915
"5",101.206062056625,101.449079236514,101.449079236514,101.692618612297,101.206366260246,101.762031583975,102.304772653677,102.2748172413
"6",101.61614529367,101.850463288585,101.850463288585,102.1560689869,101.642740597271,102.242795442783,102.879054890407,102.762599788063
