"","MAPE","MSE","THEIL","BIAS","LOG.LIK","CONF","R2.ADJ","COMMON.TREND"
"1",99.7286110745508,99.7286110745508,99.7286110745508,99.9391228964604,99.6495478281225,99.9525130338612,99.9525130338612,99.789364557024
"2",100.207754900969,100.207754900969,100.207754900969,100.436405044243,100.026842247976,100.498996608263,100.498996608263,100.193368152335
"3",100.642066664714,100.642066664714,100.642066664714,100.907741853157,100.449576096633,101.012596098204,101.012596098204,100.667983090626
