"","MAPE","MSE","THEIL","BIAS","LOG.LIK","CONF","R2.ADJ","COMMON.TREND"
"1",98.7100052520015,98.7100052520015,98.7100052520015,98.7571400808419,99.048675407214,98.7278351882781,98.7278351882781,98.4810336668543
"2",99.0087591680768,99.0087591680768,99.0087591680768,98.9435967889229,99.3486900600769,98.7893803290813,98.7893803290813,98.6606555979502
"3",99.2278416088046,99.2278416088046,99.2278416088046,99.1514239059908,99.7275128638072,98.8880120891543,98.8880120891543,98.9799389941774
