"","MAPE","MSE","THEIL","BIAS","LOG.LIK","CONF","R2.ADJ","COMMON.TREND"
"1",100.409962994465,100.409962994465,100.409962994465,100.362074657941,100.386536699819,100.564291485586,100.564291485586,100.579972435022
"2",100.822480617983,100.822480617983,100.822480617983,100.857790683527,100.812616217469,101.21771577516,101.21771577516,101.082694581642
"3",101.202391224687,101.202391224687,101.202391224687,101.372239738369,101.273101267561,101.84140282826,101.84140282826,101.700400275959
