"","MAPE","MSE","THEIL","BIAS","LOG.LIK","CONF","R2.ADJ","COMMON.TREND"
"1",95.2026221260995,95.1533961460608,95.1533961460608,95.2026221260995,95.2059014048241,95.4010230217628,95.4010230217628,95.0778136922317
"2",94.9964392991603,95.5177614398751,95.5177614398751,94.9964392991603,95.0194361963595,96.1455798679336,96.1455798679336,95.078212900797
"3",95.213673858357,95.6251300951337,95.6251300951337,95.213673858357,94.9096860729399,96.482823735286,96.482823735286,95.2809792126948
