"","MAPE","MSE","THEIL","BIAS","LOG.LIK","CONF","R2.ADJ","COMMON.TREND"
"1",94.7904950551522,94.7904950551522,94.7904950551522,95.239332017856,94.9292033271592,94.8084011902389,95.239332017856,94.964846769532
"2",94.9469081160294,94.9469081160294,94.9469081160294,95.6530327259182,95.0953612931982,95.0172070752195,95.6530327259182,95.1025937407407
"3",95.2405117147093,95.2405117147093,95.2405117147093,95.9720685075312,95.234931947715,95.2217378757923,95.9720685075312,95.4690172320361
