"","MAPE","MSE","THEIL","BIAS","LOG.LIK","CONF","R2.ADJ","COMMON.TREND"
"1",97.2324373496175,97.2324373496175,97.2324373496175,94.6095916896697,94.8621389035649,95.4537924632156,95.4537924632156,94.0053448611013
"2",97.5158989009764,97.5158989009764,97.5158989009764,95.4581582356823,95.427721304348,96.1305783211387,96.1305783211387,94.3808934492192
"3",98.6855763638499,98.6855763638499,98.6855763638499,95.7265061206414,95.8011938292161,97.1879162450074,97.1879162450074,94.9954012606898
