"","MAPE","MSE","THEIL","BIAS","LOG.LIK","CONF","R2.ADJ","COMMON.TREND"
"1",95.8315950697573,95.8315950697573,95.8315950697573,95.8700041315391,95.8668891501385,96.2351114670199,96.2351114670199,95.9906015616046
"2",96.148417094529,96.148417094529,96.148417094529,96.2137519765277,96.2602126351111,96.7542197532831,96.7542197532831,96.2821115356675
"3",96.5522867018083,96.5522867018083,96.5522867018083,96.666823524708,96.64920731246,97.3022013417497,97.3022013417497,96.439833272796
"4",96.9833747043083,96.9833747043083,96.9833747043083,97.139569778657,97.0375361377037,98.0957872815164,98.0957872815164,96.7576645595132
"5",97.3991414795236,97.3991414795236,97.3991414795236,97.5992449641765,97.4186294928046,98.6873904398631,98.6873904398631,96.8750619547292
"6",97.6910671200256,97.6910671200256,97.6910671200256,97.9310467455444,97.796739773475,99.1695761632712,99.1695761632712,97.0065848426629
