"","MAPE","MSE","THEIL","BIAS","LOG.LIK","CONF","R2.ADJ","COMMON.TREND"
"Centro.sur",95.8877146470816,95.8491192080166,95.8877146470816,95.8877146470816,95.8902409545157,95.8491192080166,95.8491192080166,95.8968038462983
