"","MAPE","MSE","THEIL","BIAS","LOG.LIK","CONF","R2.ADJ","COMMON.TREND"
"1",100.958732633883,100.958732633883,100.958732633883,100.647357689192,100.80953743707,101.267286113359,101.267286113359,100.091334707766
"2",105.108267932416,105.108267932416,105.108267932416,103.523189789228,101.22770147227,105.096179935211,105.096179935211,101.888300411998
"3",106.381520166877,106.381520166877,106.381520166877,104.425092513153,101.605021678129,105.707990945239,105.707990945239,102.313186886984
"4",106.916597551785,106.916597551785,106.916597551785,105.16180512846,101.958367895694,106.031378822288,106.031378822288,103.328602518449
"5",107.514623264921,107.514623264921,107.514623264921,105.80202374155,102.249012955973,106.663201480158,106.663201480158,103.756171652932
"6",108.142003671808,108.142003671808,108.142003671808,106.156260666393,102.497082948678,107.235502293731,107.235502293731,104.445955237315
