"","MAPE","MSE","THEIL","BIAS","LOG.LIK","CONF","R2.ADJ","COMMON.TREND"
"Centro.norte",102.957842568149,102.957842568149,102.957842568149,102.869015893744,102.849522633699,102.965414132886,102.965414132886,102.920348189454
