"","MAPE","MSE","THEIL","BIAS","LOG.LIK","CONF","R2.ADJ","COMMON.TREND"
"1",95.3298764564368,95.3298764564368,95.3298764564368,95.3298764564368,95.0613472469655,95.1448657248888,95.3298764564368,95.0804238266041
"2",95.9513970432101,95.9513970432101,95.9513970432101,95.9513970432101,95.4214530934021,95.5550733382307,95.9513970432101,95.4524913705977
"3",96.7766699002386,96.7766699002386,96.7766699002386,96.7766699002386,95.8189896303769,96.0025738045862,96.7766699002386,95.8679057400868
