"","MAPE","MSE","THEIL","BIAS","LOG.LIK","CONF","R2.ADJ","COMMON.TREND"
"1",96.3945878727969,96.7845412538672,96.7845412538672,96.3904853787352,96.3480397639174,96.9147597244588,96.9147597244588,96.7845412538672
"2",96.7622164241961,97.4592722729813,97.4592722729813,96.7820612828872,96.6723981549361,97.6244108539024,97.6244108539024,97.4592722729813
"3",97.1168031267197,97.9158075592643,97.9158075592643,97.1922400415353,96.9541069811935,98.2006987748029,98.2006987748029,97.9158075592643
"4",97.4816643626972,98.573085596874,98.573085596874,97.5795890444831,97.2392655100388,98.9814299026092,98.9814299026092,98.573085596874
"5",97.9227452492126,99.1498088463308,99.1498088463308,97.9765412091963,97.5104511749343,99.6572561210026,99.6572561210026,99.1498088463308
"6",98.2430767005144,99.642829329274,99.642829329274,98.3530001314105,97.7803085304086,100.06929516996,100.06929516996,99.642829329274
