"","MAPE","MSE","THEIL","BIAS","LOG.LIK","CONF","R2.ADJ","COMMON.TREND"
"1",98.0148197353097,98.014320744202,98.0148197353097,97.9787642190237,98.014320744202,97.9098261252611,98.0403400423715,97.9205677071192
"2",98.4675571601178,98.4847856262456,98.4675571601178,98.2769054265985,98.4847856262456,98.220749452597,98.4458727087861,98.2608668466134
"3",98.9263449065023,98.9102412004274,98.9263449065023,98.6306597646409,98.9102412004274,98.5834048603553,98.8123511958677,98.5512492454552
