"","MAPE","MSE","THEIL","BIAS","LOG.LIK","CONF","R2.ADJ","COMMON.TREND"
"1",101.027187561938,101.027187561938,101.027187561938,101.027187561938,101.160864831922,101.076031004942,101.076031004942,101.210866328605
"2",101.290663613374,101.290663613374,101.290663613374,101.290663613374,101.451431088494,101.47253965624,101.47253965624,101.705029526517
"3",101.661697182407,101.661697182407,101.661697182407,101.661697182407,101.756829547725,102.163490953378,102.163490953378,102.304667750906
"4",102.032655314301,102.032655314301,102.032655314301,102.032655314301,102.066150847198,102.696473054253,102.696473054253,102.874123121136
"5",102.377082787383,102.377082787383,102.377082787383,102.377082787383,102.382133566698,103.090802432927,103.090802432927,103.356056042133
"6",102.812096218213,102.812096218213,102.812096218213,102.812096218213,102.701080284154,103.634474129477,103.634474129477,103.828804646286
