"","MAPE","MSE","THEIL","BIAS","LOG.LIK","CONF","R2.ADJ","COMMON.TREND"
"Noroeste",105.226911097366,105.226911097366,105.226911097366,104.342687457882,105.292797861374,105.985036702776,105.985036702776,105.715317761697
