"","MAPE","MSE","THEIL","BIAS","LOG.LIK","CONF","R2.ADJ","COMMON.TREND"
"Sur",102.574886546348,102.574886546348,102.574886546348,102.438471161621,102.596826584224,102.659291931236,102.659291931236,102.721099285597
