"","MAPE","MSE","THEIL","BIAS","LOG.LIK","CONF","R2.ADJ","COMMON.TREND"
"1",97.3515690944189,97.3965188791288,97.3515690944189,97.3956525173205,97.2965197663766,97.7676030096178,97.7676030096178,97.7676030096178
"2",97.786889855152,97.8777927437377,97.786889855152,97.8223118007835,97.7105541299757,98.3021158692874,98.3021158692874,98.3021158692874
"3",98.1447663369107,98.1950775021682,98.1447663369107,98.1967073084873,98.0965972824543,98.7845560480746,98.7845560480746,98.7845560480746
"4",98.5983037886433,98.611951434896,98.5983037886433,98.6520057968829,98.4817940296154,99.3205615608232,99.3205615608232,99.3205615608232
"5",98.8479410181766,99.0380743646032,98.8479410181766,99.006818866966,98.8659731452703,99.6045165043772,99.6045165043772,99.6045165043772
"6",99.1086717165877,99.4335796280495,99.1086717165877,99.3421279689419,99.251152649232,99.9019226597357,99.9019226597357,99.9019226597357
