"","MAPE","MSE","THEIL","BIAS","LOG.LIK","CONF","R2.ADJ","COMMON.TREND"
"1",96.4903346537832,96.4903346537832,96.4903346537832,96.2416139849861,96.0959864836586,96.1212164655269,96.5285167100924,96.2752872850631
"2",96.9886719381174,96.9886719381174,96.9886719381174,96.523040923881,96.4151272660347,96.3958099710389,97.1275037714897,96.5955377224087
"3",97.4417732903495,97.4417732903495,97.4417732903495,96.7257083415447,96.7136470798375,96.7472488347325,97.6224371153748,96.8452827013712
