"","MAPE","MSE","THEIL","BIAS","LOG.LIK","CONF","R2.ADJ","COMMON.TREND"
"1",98.5346660347163,98.5346660347163,98.5346660347163,98.4204848130178,98.4405737946091,98.5752722748196,98.5752722748196,98.6358894156144
"2",98.9422942935155,98.9422942935155,98.9422942935155,99.047616067107,98.7889012296075,99.375343031812,99.375343031812,99.5567933321897
"3",99.1539098768337,99.1539098768337,99.1539098768337,99.0335233818555,99.086318935898,99.6334233051409,99.6334233051409,99.7841814578055
"4",99.2320480111026,99.2320480111026,99.2320480111026,99.4284276804296,99.3934211214154,100.027454585213,100.027454585213,100.436528812108
"5",98.9248606008246,98.9248606008246,98.9248606008246,99.2070413387646,99.6794527920227,99.8535591696347,99.8535591696347,100.399790331291
"6",99.0755049174145,99.0755049174145,99.0755049174145,99.0785948708921,99.967684865542,100.071255632757,100.071255632757,100.505894240801
