"","MAPE","MSE","THEIL","BIAS","LOG.LIK","CONF","R2.ADJ","COMMON.TREND"
"1",99.1684984176338,99.1684984176338,99.1684984176338,98.7414114610134,99.7164676820008,99.2722903788238,99.2722903788238,98.7245472673386
"2",98.9638583029678,98.9638583029678,98.9638583029678,99.2298628034458,99.9071539397374,99.2018860000963,99.2018860000963,99.1536492451127
"3",98.9734888852042,98.9734888852042,98.9734888852042,99.2933833026309,100.134426484265,99.1357989933176,99.1357989933176,99.1274657324394
