"","MAPE","MSE","THEIL","BIAS","LOG.LIK","CONF","R2.ADJ","COMMON.TREND"
"Mexico",98.7591741734586,98.7591741734586,98.7591741734586,98.8163982509067,98.7314951283814,98.6942656222156,98.6942656222156,98.7889590455512
