"","MAPE","MSE","THEIL","BIAS","LOG.LIK","CONF","R2.ADJ","COMMON.TREND"
"1",101.671885069539,101.671885069539,101.671885069539,101.652271521855,102.39831485965,101.595416527732,101.595416527732,101.99934456702
"2",100.894649563624,100.894649563624,100.894649563624,102.860768514339,102.386071759556,101.308470410373,101.308470410373,101.723860589746
"3",101.858901962389,101.858901962389,101.858901962389,104.646911756459,103.027549616498,101.833191982805,101.833191982805,101.828861435271
