"","MAPE","MSE","THEIL","BIAS","LOG.LIK","CONF","R2.ADJ","COMMON.TREND"
"1",98.5810901415233,98.1329118564834,98.1329118564834,96.1634992618096,96.3004846255786,99.1831544041392,99.1831544041392,97.3645362559174
"2",98.6600112293903,98.1487510292311,98.1487510292311,96.8028387461384,96.679838924109,99.9112897299585,99.9112897299585,96.9503725340263
"3",95.4859092747714,94.6794228498944,94.6794228498944,96.3009744573659,96.8011270317834,97.3260602872271,97.3260602872271,94.1110524359794
"4",95.8512766107646,94.8282115792646,94.8282115792646,96.4463312010752,96.8240772813881,98.1517790430208,98.1517790430208,94.2852112695145
"5",95.9577376176846,94.801729377579,94.801729377579,96.6113817380122,96.8661615270087,98.2006790545696,98.2006790545696,94.6169225894486
"6",96.6303787658261,95.2742662216748,95.2742662216748,96.8213081574902,96.9382045477885,98.9727776087021,98.9727776087021,94.9670791170475
