"","MAPE","MSE","THEIL","BIAS","LOG.LIK","CONF","R2.ADJ","COMMON.TREND"
"Centro.norte",94.2851359066604,94.1507404769431,94.1507404769431,93.9980037466723,94.2928964620843,94.1507404769431,94.1507404769431,94.2120804502876
