"","MAPE","MSE","THEIL","BIAS","LOG.LIK","CONF","R2.ADJ","COMMON.TREND"
"1",105.226911097366,105.226911097366,105.226911097366,104.342687457882,105.292797861374,105.985036702776,105.985036702776,105.715317761697
"2",106.199196658021,106.199196658021,106.199196658021,103.098062554251,105.338006817478,107.091866292616,107.091866292616,106.197186051787
"3",106.716211499061,106.716211499061,106.716211499061,102.483504552368,105.448310985011,108.596608723395,108.596608723395,105.520812541473
