"","MAPE","MSE","THEIL","BIAS","LOG.LIK","CONF","R2.ADJ","COMMON.TREND"
"1",96.8801240433283,96.8673230578058,96.8801240433283,96.7838622286713,96.8479499700275,96.8505140618316,97.0449690026958,97.0449690026958
"2",97.406861430539,97.3416046616206,97.406861430539,97.1161193898308,97.1942532160602,97.3652784982926,97.8353714536482,97.8353714536482
"3",97.8466353635984,97.7627941300947,97.8466353635984,97.312336355206,97.4641053121782,97.7445330777884,98.467742044482,98.467742044482
"4",98.2422401823621,98.0366086791373,98.2422401823621,97.5287116673767,97.7723688788455,98.0727925999566,98.9173178272625,98.9173178272625
"5",98.7222103528015,98.3182947803617,98.7222103528015,97.8558988790565,98.0622029900474,98.5719510484353,99.5768773231442,99.5768773231442
"6",98.9708133159941,98.5876354276356,98.9708133159941,98.1121060921644,98.3579727181467,98.7804641607774,99.7537357021128,99.7537357021128
