"","MAPE","MSE","THEIL","BIAS","LOG.LIK","CONF","R2.ADJ","COMMON.TREND"
"1",94.8108719118091,94.8108719118091,94.8108719118091,94.7575262789195,94.8234851618019,94.9349218524716,94.9349218524716,94.8052739912935
"2",95.1691516937861,95.1691516937861,95.1691516937861,95.1560606935837,95.0264092714832,95.423748288113,95.423748288113,95.1813992030875
"3",95.5551988279327,95.5551988279327,95.5551988279327,95.6448020305676,95.2410197926558,95.7739299954603,95.7739299954603,95.6401748157945
"4",96.1167771384323,96.1167771384323,96.1167771384323,96.1130855318574,95.4309066381714,96.1694217344275,96.1694217344275,96.0030166493763
"5",96.50461838039,96.50461838039,96.50461838039,96.5316459257813,95.6560506097827,96.4167773972993,96.4167773972993,96.3907180620935
"6",97.0030971619972,97.0030971619972,97.0030971619972,96.9240979489487,95.8994942851935,96.6005059058257,96.6005059058257,96.6827120741774
