"","MAPE","MSE","THEIL","BIAS","LOG.LIK","CONF","R2.ADJ","COMMON.TREND"
"1",98.1158331733424,98.1158331733424,98.1158331733424,98.2977156745625,98.2940458235999,97.953030408323,97.953030408323,98.1006456463323
"2",98.7253742142736,98.7253742142736,98.7253742142736,98.7987101002997,98.7003203964835,98.1399277927926,98.1399277927926,98.5924964834093
"3",98.7970347540502,98.7970347540502,98.7970347540502,99.2452039953437,99.0507604419104,98.0416704316112,98.0416704316112,98.6248049540837
"4",99.1901923193763,99.1901923193763,99.1901923193763,99.6644130693141,99.4733012875495,98.203832860508,98.203832860508,98.9770796859214
"5",99.4622631086608,99.4622631086608,99.4622631086608,100.046138425225,99.9111713622667,98.3540760625004,98.3540760625004,99.2671658606688
"6",99.8821240423256,99.8821240423256,99.8821240423256,100.48059122772,100.374480779349,98.6676495905044,98.6676495905044,99.6451995547425
