"","MAPE","MSE","THEIL","BIAS","LOG.LIK","CONF","R2.ADJ","COMMON.TREND"
"Nacional",99.7208221756297,99.7208221756297,99.7208221756297,99.7208221756297,99.7200065054142,99.3815267497605,99.3815267497605,99.3542943278012
