"","MAPE","MSE","THEIL","BIAS","LOG.LIK","CONF","R2.ADJ","COMMON.TREND"
"1",99.7208221756297,99.7208221756297,99.7208221756297,99.7208221756297,99.7200065054142,99.3815267497605,99.3815267497605,99.3542943278012
"2",99.8157103796591,99.8157103796591,99.8157103796591,99.8157103796591,99.9176375029643,99.6354386039057,99.6354386039057,99.3288707738648
"3",100.078417649044,100.078417649044,100.078417649044,100.078417649044,100.12363254704,99.8800840546915,99.8800840546915,99.5450611598816
"4",100.408353422345,100.408353422345,100.408353422345,100.408353422345,100.35041580554,100.299047970922,100.299047970922,99.7075863730321
"5",100.802810394138,100.802810394138,100.802810394138,100.802810394138,100.59697377409,100.866383689146,100.866383689146,99.9567884282835
"6",101.200168012011,101.200168012011,101.200168012011,101.200168012011,100.857974591959,101.692207434232,101.692207434232,100.452926195816
