"","MAPE","MSE","THEIL","BIAS","LOG.LIK","CONF","R2.ADJ","COMMON.TREND"
"1",95.7175114292513,95.7175114292513,95.7175114292513,95.7175114292513,95.3516560281277,95.7175114292513,95.7175114292513,95.4453634426199
"2",96.4634984279758,96.4634984279758,96.4634984279758,96.4634984279758,95.7223692582944,96.4634984279758,96.4634984279758,95.8508248517354
"3",97.2582597826904,97.2582597826904,97.2582597826904,97.2582597826904,96.128774941988,97.2582597826904,97.2582597826904,96.3570551538154
"4",97.7315460318382,97.7315460318382,97.7315460318382,97.7315460318382,96.5311028310042,97.7315460318382,97.7315460318382,96.6860224748423
"5",98.2035158078067,98.2035158078067,98.2035158078067,98.2035158078067,96.9348846031082,98.2035158078067,98.2035158078067,96.9654806631559
"6",98.849332664392,98.849332664392,98.849332664392,98.849332664392,97.3342413498345,98.849332664392,98.849332664392,97.3654723597192
