"","MAPE","MSE","THEIL","BIAS","LOG.LIK","CONF","R2.ADJ","COMMON.TREND"
"1",103.13773803873,103.13773803873,103.13773803873,103.087469639569,103.148344747139,103.277993539492,103.138237962474,103.250907205199
"2",103.633552414602,103.633552414602,103.633552414602,103.449663558927,103.585703793663,103.804185973206,103.643717590078,103.637537092222
"3",104.096442421039,104.096442421039,104.096442421039,103.851242772526,103.99662536419,104.217484603841,104.152728294777,104.029135589283
