"","MAPE","MSE","THEIL","BIAS","LOG.LIK","CONF","R2.ADJ","COMMON.TREND"
"1",95.1702197690023,95.1192161723467,95.1702197690023,95.1805389909382,94.7789057892071,95.7004812811169,95.7004812811169,95.8082645682303
"2",95.3264470086005,95.383052340622,95.3264470086005,95.4861986478818,94.9920020305678,96.1231289384024,96.1231289384024,96.0069695143512
"3",95.8263541645754,95.714938664138,95.8263541645754,95.8124639745548,95.1200815342599,96.9302573325066,96.9302573325066,96.6872053934143
"4",96.2864648648934,95.9551830993942,96.2864648648934,96.0920241766894,95.1921664815853,97.443707645296,97.443707645296,97.4602622040511
"5",97.0887357203745,96.246177798303,97.0887357203745,96.2782729317704,95.2301952705124,98.5167419088322,98.5167419088322,98.476932835338
"6",97.5649084054116,96.4592821254639,97.5649084054116,96.4111039825529,95.279987999167,98.9909163139582,98.9909163139582,98.8254887353564
