"","MAPE","MSE","THEIL","BIAS","LOG.LIK","CONF","R2.ADJ","COMMON.TREND"
"Centro.norte",98.9627437006417,98.9627437006417,98.9326519006242,99.0208445677128,98.9584782777193,98.8023298967284,98.8023298967284,99.0423966698556
