"","MAPE","MSE","THEIL","BIAS","LOG.LIK","CONF","R2.ADJ","COMMON.TREND"
"1",93.5822072077866,93.5822072077866,93.5822072077866,93.6578211183157,93.5054976996831,93.5678624155591,93.5678624155591,93.6313268209759
"2",93.8924578723518,93.8924578723518,93.8924578723518,93.8312955050236,93.732721400629,93.9224797886452,93.9224797886452,93.9889834916887
"3",94.061268978193,94.061268978193,94.061268978193,93.7849040734124,93.8939125936976,93.9799424062907,93.9799424062907,94.207400902775
"4",94.2485412406741,94.2485412406741,94.2485412406741,93.8741502513789,94.1141418607848,93.9442969596036,93.9442969596036,94.4233544914727
"5",94.4395107014469,94.4395107014469,94.4395107014469,94.2793124124822,94.3597711371404,94.1903640852793,94.1903640852793,94.5900269147713
"6",94.9204828040164,94.9204828040164,94.9204828040164,94.6744218259889,94.6002655647708,94.6870234902784,94.6870234902784,95.0374765752274
