"","MAPE","MSE","THEIL","BIAS","LOG.LIK","CONF","R2.ADJ","COMMON.TREND"
"1",103.565207125831,103.565207125831,103.565207125831,103.92228889039,103.249648441158,103.71914069365,103.632612443987,103.56654086406
"2",103.988899734832,103.988899734832,103.988899734832,104.160553844021,103.507378653731,104.187591955916,103.980896516203,103.95349215894
"3",104.27948316337,104.27948316337,104.27948316337,104.63473427888,103.758756319589,104.658140228854,104.270048413201,104.142220163569
"4",104.028438879842,104.028438879842,104.028438879842,104.608888211736,104.042489181741,104.412034808002,103.861888695427,103.854204664039
"5",104.389573317987,104.389573317987,104.389573317987,104.987834641869,104.359766541303,104.835981229934,104.140727478371,104.159556328387
"6",104.760855732134,104.760855732134,104.760855732134,105.431516953384,104.705975323462,105.232993745828,104.412563518297,104.557308969496
