"","MAPE","MSE","THEIL","BIAS","LOG.LIK","CONF","R2.ADJ","COMMON.TREND"
"1",97.4974405571372,97.4974405571372,97.4950801805219,96.2434269771098,96.9025782530148,98.2566380535273,98.2566380535273,96.2434269771098
"2",96.7459419470721,96.7459419470721,96.7038222595115,95.0634979139725,96.5329775539687,98.0385824518158,98.0385824518158,95.0634979139725
"3",94.7142363538494,94.7142363538494,94.6481121729502,93.8427331281088,96.1448010705071,95.6033795271966,95.6033795271966,93.8427331281088
