"","MAPE","MSE","THEIL","BIAS","LOG.LIK","CONF","R2.ADJ","COMMON.TREND"
"1",95.6766518002865,95.6766518002865,95.6766518002865,95.4888714490572,95.508943335319,95.6766518002865,95.6766518002865,95.6766518002865
"2",96.3806336595752,96.3806336595752,96.3806336595752,95.8085365045121,95.8411509997156,96.3806336595752,96.3806336595752,96.3806336595752
"3",97.3072793404514,97.3072793404514,97.3072793404514,96.1795824533346,96.2182419071462,97.3072793404514,97.3072793404514,97.3072793404514
"4",97.9190744977468,97.9190744977468,97.9190744977468,96.6022296143749,96.5820858938795,97.9190744977468,97.9190744977468,97.9190744977468
"5",98.4055051589793,98.4055051589793,98.4055051589793,96.9363564156322,96.9519816123783,98.4055051589793,98.4055051589793,98.4055051589793
"6",99.1449503785811,99.1449503785811,99.1449503785811,97.3123785434307,97.3127897435158,99.1449503785811,99.1449503785811,99.1449503785811
