"","MAPE","MSE","THEIL","BIAS","LOG.LIK","CONF","R2.ADJ","COMMON.TREND"
"1",99.7642933551609,99.7642933551609,99.7642933551609,100.31476076607,99.8863677723468,99.5518880126315,99.5518880126315,99.4529750244925
"2",99.9414520623743,99.9414520623743,99.9414520623743,100.599684221826,100.109898699595,99.6017009073928,99.6017009073928,99.4862144736111
"3",100.253988654773,100.253988654773,100.253988654773,100.889970441463,100.354487180742,100.032511705146,100.032511705146,99.7832688505858
