"","MAPE","MSE","THEIL","BIAS","LOG.LIK","CONF","R2.ADJ","COMMON.TREND"
"Centro.norte",93.5822072077866,93.5822072077866,93.5822072077866,93.6578211183157,93.5054976996831,93.5678624155591,93.5678624155591,93.6313268209759
