"","MAPE","MSE","THEIL","BIAS","LOG.LIK","CONF","R2.ADJ","COMMON.TREND"
"1",95.7149491531977,95.7149491531977,95.7149491531977,95.7444986228973,95.6250493501141,95.6696264932674,95.6696264932674,95.606118258661
"2",96.5753643130056,96.5753643130056,96.5753643130056,96.2404909123668,95.8495123399775,96.4746882428775,96.4746882428775,96.0471426247591
"3",97.2076291662997,97.2076291662997,97.2076291662997,96.7473118228898,95.9862432866684,97.3198635911429,97.3198635911429,96.2859358277638
