"","MAPE","MSE","THEIL","BIAS","LOG.LIK","CONF","R2.ADJ","COMMON.TREND"
"1",99.649259949922,99.649259949922,99.649259949922,99.6568351718444,100.021292529429,99.8050059111753,99.8050059111753,99.5059298037435
"2",99.5355750654265,99.5355750654265,99.5355750654265,99.7385472785761,100.505517050919,100.077197457251,100.077197457251,99.691194856861
"3",100.084528379676,100.084528379676,100.084528379676,100.549405868903,101.02928690675,100.888343884777,100.888343884777,99.7406363293557
