"","MAPE","MSE","THEIL","BIAS","LOG.LIK","CONF","R2.ADJ","COMMON.TREND"
"1",101.002832649305,100.909036138566,100.909036138566,101.002832649305,100.870514422701,101.21602020463,101.21602020463,101.154727857773
"2",101.972225193315,101.529678644033,101.529678644033,101.972225193315,101.140871595098,102.295759775929,102.295759775929,102.148700653551
"3",102.520694445043,102.024153706042,102.024153706042,102.520694445043,101.420140835181,103.009696825925,103.009696825925,102.847984051127
