"","MAPE","MSE","THEIL","BIAS","LOG.LIK","CONF","R2.ADJ","COMMON.TREND"
"Nacional",102.758432647333,102.758432647333,102.758432647333,102.714116743817,102.968493896317,102.97986819952,102.97986819952,102.866332797545
