"","MAPE","MSE","THEIL","BIAS","LOG.LIK","CONF","R2.ADJ","COMMON.TREND"
"1",95.1702197690023,95.1192161723467,95.1702197690023,95.1805389909382,94.7789057892071,95.7004812811169,95.7004812811169,95.4177605425854
"2",95.3264470086005,95.383052340622,95.3264470086005,95.4861986478818,94.9920020305678,96.1231289384024,96.1231289384024,95.6591372892241
"3",95.8263541645754,95.714938664138,95.8263541645754,95.8124639745548,95.1200815342599,96.9302573325066,96.9302573325066,96.2326781361561
