"","MAPE","MSE","THEIL","BIAS","LOG.LIK","CONF","R2.ADJ","COMMON.TREND"
"Mexico",92.6925996529281,92.6925996529281,92.6925996529281,92.7370525162242,92.7165248332189,92.8074104456594,92.8074104456594,92.6881470237691
