"","MAPE","MSE","THEIL","BIAS","LOG.LIK","CONF","R2.ADJ","COMMON.TREND"
"1",99.300821065893,99.300821065893,99.3816203448514,99.3988963817429,99.2320565526226,99.2863541446144,99.2863541446144,99.2168279810175
"2",99.7552514357531,99.7552514357531,99.8639580396295,100.095801211645,99.5406162720816,99.8475598572788,99.8475598572788,99.7480584786479
"3",100.223914765122,100.223914765122,100.321454493403,100.57161540276,99.8986972222795,100.336509802744,100.336509802744,100.120458968715
"4",100.696065326422,100.696065326422,100.734399702044,101.038951615217,100.294798524614,100.907782186059,100.907782186059,100.434480932954
"5",101.052147640069,101.052147640069,101.102933104063,101.389160357197,100.676226994841,101.259967694742,101.259967694742,100.77497412383
"6",101.451768157542,101.451768157542,101.495139285447,101.814142828983,101.097568989588,101.659385356667,101.659385356667,101.108488806529
