"","MAPE","MSE","THEIL","BIAS","LOG.LIK","CONF","R2.ADJ","COMMON.TREND"
"1",97.4607121590434,97.4607121590434,97.4607121590434,97.5822975676411,97.1953076045667,97.5194243734839,97.5194243734839,97.4866781491326
"2",97.7593859653085,97.7593859653085,97.7593859653085,98.2560603439647,97.5951994298619,98.1610535526959,98.1610535526959,97.9748305977021
"3",98.113017533156,98.113017533156,98.113017533156,98.8999384643561,97.9258816176906,98.7872524543921,98.7872524543921,98.4127358430989
