"","MAPE","MSE","THEIL","BIAS","LOG.LIK","CONF","R2.ADJ","COMMON.TREND"
"1",94.3422690710949,94.3422690710949,94.3422690710949,94.4059987525252,94.786294307103,94.7758127098605,94.7758127098605,94.6040878282936
"2",94.7125942015401,94.7125942015401,94.7125942015401,94.9496040002469,94.484199926276,95.2385459210552,95.2385459210552,95.52545891145
"3",96.0855850416914,96.0855850416914,96.0855850416914,96.5021048789196,94.1766582035044,96.0562875569031,96.0562875569031,96.5407743933343
"4",97.541850300307,97.541850300307,97.541850300307,98.1949153197086,93.9122786946938,97.7284910496636,97.7284910496636,98.2604285192622
"5",97.8208613324001,97.8208613324001,97.8208613324001,98.4726353929194,93.6835386448755,98.2082181953766,98.2082181953766,98.7547887797384
"6",98.6612543373477,98.6612543373477,98.6612543373477,99.2418263212085,93.4670097112299,98.5583172598924,98.5583172598924,99.7005872148945
