"","MAPE","MSE","THEIL","BIAS","LOG.LIK","CONF","R2.ADJ","COMMON.TREND"
"1",97.7330416737236,97.7330416737236,97.7330416737236,98.6678911798219,98.6624312322833,98.916098167822,98.916098167822,97.5094504262491
"2",93.9205291488435,93.9205291488435,93.9205291488435,97.9850789623357,98.7162875991776,95.5673798591621,95.5673798591621,93.9373518029314
"3",94.1875428923322,94.1875428923322,94.1875428923322,97.6623206404641,98.4004808811013,97.0458425174735,97.0458425174735,94.645105621362
