"","MAPE","MSE","THEIL","BIAS","LOG.LIK","CONF","R2.ADJ","COMMON.TREND"
"Centro.norte",98.8330760402733,98.8330760402733,98.8330760402733,98.9499738665022,98.8839713945659,98.8776039423993,98.8776039423993,98.5738807844351
