"","MAPE","MSE","THEIL","BIAS","LOG.LIK","CONF","R2.ADJ","COMMON.TREND"
"1",100.757000143002,100.757000143002,100.757000143002,100.067596723833,100.814528746776,99.7863755586872,99.7863755586872,100.075435981391
"2",100.765297573409,100.765297573409,100.765297573409,100.189088345368,100.974699933304,99.6678378415777,99.6678378415777,100.348680109378
"3",101.036162535425,101.036162535425,101.036162535425,100.788246153537,101.226416263744,100.405076263462,100.405076263462,100.225150022815
"4",101.299069436975,101.299069436975,101.299069436975,100.839794808948,101.501972353942,100.920811170383,100.920811170383,100.489395873025
"5",102.301585260097,102.301585260097,102.301585260097,101.590437845115,101.767647045209,101.60228705288,101.60228705288,101.46759762768
"6",103.696911063319,103.696911063319,103.696911063319,102.89134879057,102.014233295992,102.982751588935,102.982751588935,102.517816926522
