"","MAPE","MSE","THEIL","BIAS","LOG.LIK","CONF","R2.ADJ","COMMON.TREND"
"1",95.5334443385842,95.5334443385842,95.5334443385842,95.285742971611,94.7527518018634,96.0749230039814,96.0749230039814,95.2243164608198
"2",95.9047716525022,95.9047716525022,95.9047716525022,97.5799418035706,94.4760776389333,96.4474080500444,96.4474080500444,96.5954016742364
"3",97.0040189908901,97.0040189908901,97.0040189908901,98.3662981515939,94.5736577229058,97.9389386994058,97.9389386994058,96.0962285686263
"4",97.5187297759087,97.5187297759087,97.5187297759087,98.0018067659499,94.7431502774322,98.4747003256855,98.4747003256855,97.3009785967614
"5",97.820344728592,97.820344728592,97.820344728592,98.7023036906809,94.8556330174433,98.9024187028965,98.9024187028965,98.4101442767615
"6",101.270008459728,101.270008459728,101.270008459728,100.375768927371,94.8883689888126,102.819777226896,102.819777226896,100.581514842495
