"","MAPE","MSE","THEIL","BIAS","LOG.LIK","CONF","R2.ADJ","COMMON.TREND"
"1",99.3145390195522,99.3326489830424,99.3326489830424,99.1994298712792,99.3001179965073,99.3987618987716,99.3987618987716,99.2472031883585
"2",99.6532043981519,99.5972805202435,99.5972805202435,99.4570862047774,99.5922872724782,99.6607637117759,99.6607637117759,99.3708486041367
"3",100.069905944578,99.903192817231,99.903192817231,99.8145789464768,99.922807343033,99.9621789965911,99.9621789965911,99.4908966447646
