"","MAPE","MSE","THEIL","BIAS","LOG.LIK","CONF","R2.ADJ","COMMON.TREND"
"Mexico",98.0148197353097,98.014320744202,98.0148197353097,97.9787642190237,98.014320744202,97.9098261252611,98.0403400423715,98.159603330944
