"","MAPE","MSE","THEIL","BIAS","LOG.LIK","CONF","R2.ADJ","COMMON.TREND"
"1",96.693427180421,96.693427180421,96.693427180421,96.693427180421,96.1952248466583,96.6352475089626,96.6352475089626,96.6114694950555
"2",97.5162536492931,97.5162536492931,97.5162536492931,97.5162536492931,96.5707131535379,97.5358200141576,97.5358200141576,97.4863233662705
"3",98.3488005672112,98.3488005672112,98.3488005672112,98.3488005672112,96.915774782892,98.4456012726221,98.4456012726221,98.4472713015547
"4",99.1095714220861,99.1095714220861,99.1095714220861,99.1095714220861,97.2343150620182,99.2376814165871,99.2376814165871,99.3032650021204
"5",99.7760816305901,99.7760816305901,99.7760816305901,99.7760816305901,97.5283164902552,99.859049513969,99.859049513969,100.106845653994
"6",100.295787672709,100.295787672709,100.295787672709,100.295787672709,97.8035238760172,100.342958590032,100.342958590032,100.643779278611
