"","MAPE","MSE","THEIL","BIAS","LOG.LIK","CONF","R2.ADJ","COMMON.TREND"
"1",96.4906313690999,96.4837190193347,96.4837190193347,96.5014553147619,96.4906189015815,96.4897667407863,96.6521914262985,96.6521914262985
"2",96.882128398099,96.8751262938681,96.8751262938681,96.8999289745346,96.8634655122501,97.1441330123215,97.5222618647699,97.5222618647699
"3",97.2276503973089,97.2136254834238,97.2136254834238,97.2468141275052,97.1846575328584,97.5371700725607,98.0136335008446,98.0136335008446
"4",97.5349533172347,97.5248506992772,97.5248506992772,97.5574206213857,97.5095654771312,97.9285877107079,98.4778179001154,98.4778179001154
"5",97.8520400112317,97.9398553098191,97.9398553098191,97.9640300213301,97.822950343383,98.4087893219414,98.9870767136114,98.9870767136114
"6",98.1599482807225,98.1650489288693,98.1650489288693,98.1845435202825,98.1305897920773,98.6887218712608,99.2096665577191,99.2096665577191
