"","MAPE","MSE","THEIL","BIAS","LOG.LIK","CONF","R2.ADJ","COMMON.TREND"
"1",95.6766518002865,95.6766518002865,95.6766518002865,95.4888714490572,95.508943335319,95.6766518002865,95.6766518002865,95.496883274061
"2",96.3806336595752,96.3806336595752,96.3806336595752,95.8085365045121,95.8411509997156,96.3806336595752,96.3806336595752,95.8334119126165
"3",97.3072793404514,97.3072793404514,97.3072793404514,96.1795824533346,96.2182419071462,97.3072793404514,97.3072793404514,96.3192336841349
