"","MAPE","MSE","THEIL","BIAS","LOG.LIK","CONF","R2.ADJ","COMMON.TREND"
"1",94.5809774620372,94.5809774620372,94.5809774620372,94.5809774620372,93.9171261997485,94.5809774620372,94.5809774620372,95.1035365809033
"2",93.9485748150046,93.9485748150046,93.9485748150046,93.9485748150046,93.4027850917251,93.9485748150046,93.9485748150046,94.4657647389592
"3",93.9602310070267,93.9602310070267,93.9602310070267,93.9602310070267,93.0892895598607,93.9602310070267,93.9602310070267,95.3166028902637
