"","MAPE","MSE","THEIL","BIAS","LOG.LIK","CONF","R2.ADJ","COMMON.TREND"
"1",93.1596507889032,95.0974193050473,95.0974193050473,95.0189803650702,94.6598207718026,95.9920893964003,95.9920893964003,94.3816290442436
"2",92.9293703012016,95.8427311965723,95.8427311965723,97.3847290851472,94.3508423241304,97.3007644987945,97.3007644987945,96.8901344234891
"3",92.7383412246866,95.9864192771222,95.9864192771222,100.389347061454,94.0281203050415,98.5256823189329,98.5256823189329,99.0966097479958
