"","MAPE","MSE","THEIL","BIAS","LOG.LIK","CONF","R2.ADJ","COMMON.TREND"
"1",96.4906313690999,96.4837190193347,96.4837190193347,96.5014553147619,96.4906189015815,96.4897667407863,96.6521914262985,96.6521914262985
"2",96.882128398099,96.8751262938681,96.8751262938681,96.8999289745346,96.8634655122501,97.1441330123215,97.5222618647699,97.5222618647699
"3",97.2276503973089,97.2136254834238,97.2136254834238,97.2468141275052,97.1846575328584,97.5371700725607,98.0136335008446,98.0136335008446
