"","MAPE","MSE","THEIL","BIAS","LOG.LIK","CONF","R2.ADJ","COMMON.TREND"
"1",98.1408061810009,98.1408061810009,98.1408061810009,98.4450650993187,98.6641488641136,98.5189661990748,98.5189661990748,98.4432886908199
"2",98.5297109111415,98.5297109111415,98.5297109111415,98.6351861523681,99.0963518174043,98.8900501331439,98.8900501331439,98.9111456187716
"3",97.9216561132487,97.9216561132487,97.9216561132487,98.3748820826502,99.3806967051674,98.5986693977498,98.5986693977498,98.2921957480151
"4",97.4185353229113,97.4185353229113,97.4185353229113,98.3165974082301,99.7143573324361,98.1384245873849,98.1384245873849,97.9917153438339
"5",97.6213622348577,97.6213622348577,97.6213622348577,98.4456455092982,100.089954683494,98.1385146510379,98.1385146510379,97.8533268566668
"6",98.1718157707374,98.1718157707374,98.1718157707374,98.6647368217422,100.518435064726,98.5895689080707,98.5895689080707,97.9454241295729
