"","MAPE","MSE","THEIL","BIAS","LOG.LIK","CONF","R2.ADJ","COMMON.TREND"
"1",99.3789825825502,99.3789825825502,99.3789825825502,99.2170108493015,99.2181872656732,99.3565358804702,99.3565358804702,99.2644392959087
"2",99.7052386561337,99.7052386561337,99.7052386561337,99.5996729456514,99.6351728047035,99.7464959444317,99.7464959444317,99.6413450825928
"3",99.5979924084746,99.5979924084746,99.5979924084746,99.5085723321701,100.089095691126,99.7042829590226,99.7042829590226,99.3250069453951
"4",99.9015409519996,99.9015409519996,99.9015409519996,99.9442096047034,100.571078151511,100.03946391978,100.03946391978,99.7085479592334
"5",100.55072325287,100.55072325287,100.55072325287,100.348087439654,101.066909304518,100.620521635061,100.620521635061,100.194625003694
"6",100.986646922712,100.986646922712,100.986646922712,100.997632666754,101.566728612449,101.006057687314,101.006057687314,100.762183281825
