"","MAPE","MSE","THEIL","BIAS","LOG.LIK","CONF","R2.ADJ","COMMON.TREND"
"1",98.5346660347163,98.5346660347163,98.5346660347163,98.4204848130178,98.4405737946091,98.5752722748196,98.5752722748196,98.264160641153
"2",98.9422942935155,98.9422942935155,98.9422942935155,99.047616067107,98.7889012296075,99.375343031812,99.375343031812,98.4218871292533
"3",99.1539098768337,99.1539098768337,99.1539098768337,99.0335233818555,99.086318935898,99.6334233051409,99.6334233051409,98.4946405010043
