"","MAPE","MSE","THEIL","BIAS","LOG.LIK","CONF","R2.ADJ","COMMON.TREND"
"1",100.011638214998,100.011638214998,100.011638214998,99.9688053498637,99.8832818431119,99.9429195467046,99.9429195467046,99.7081910825343
"2",99.6939809323487,99.6939809323487,99.6939809323487,99.4733369196016,100.204193756433,99.7365168072301,99.7365168072301,99.0211736664589
"3",99.8944128447622,99.8944128447622,99.8944128447622,99.7005450112397,100.60671440077,99.901814716578,99.901814716578,99.6115623457498
"4",100.00239479524,100.00239479524,100.00239479524,99.8101993930241,100.967544509238,99.9423811027883,99.9423811027883,99.2679973953024
"5",100.694621117624,100.694621117624,100.694621117624,100.143226831854,101.4714554432,100.496730275102,100.496730275102,99.5946136971826
"6",101.273434720476,101.273434720476,101.273434720476,100.438549333319,101.872324200516,100.821556401118,100.821556401118,99.9308978806061
