"","MAPE","MSE","THEIL","BIAS","LOG.LIK","CONF","R2.ADJ","COMMON.TREND"
"1",97.2840578087453,97.2840578087453,97.2840578087453,97.1626149741655,96.7241335479352,97.3116680484281,97.3116680484281,97.2840578087453
"2",98.3939065923,98.3939065923,98.3939065923,98.0907586665718,97.0679100147491,98.7258954681074,98.7258954681074,98.3939065923
"3",98.9132018589305,98.9132018589305,98.9132018589305,98.3684343575307,97.2883823328236,99.3567422203769,99.3567422203769,98.9132018589305
"4",99.5107070858552,99.5107070858552,99.5107070858552,98.3446475713371,97.5247308285045,99.7722611267734,99.7722611267734,99.5107070858552
"5",100.205127027902,100.205127027902,100.205127027902,98.6076388366731,97.7017913332104,100.525814326994,100.525814326994,100.205127027902
"6",100.381706222428,100.381706222428,100.381706222428,98.5622571928844,97.868433049163,100.772385573228,100.772385573228,100.381706222428
