"","MAPE","MSE","THEIL","BIAS","LOG.LIK","CONF","R2.ADJ","COMMON.TREND"
"1",94.8415312893257,94.594749177171,94.638519529222,94.8415312893257,94.9905648911511,94.6605105326362,94.6605105326362,94.8415312893257
"2",94.8298991093236,94.8178783623604,94.777916842151,94.8298991093236,95.0559977175491,94.9006034731684,94.9006034731684,94.8298991093236
"3",94.9701884461034,94.9884886866254,94.9854596595931,94.9701884461034,95.1221516439643,95.1330093753933,95.1330093753933,94.9701884461034
"4",94.9862460466539,95.3011263507824,95.3107185059213,94.9862460466539,95.2033981679371,95.5194241880926,95.5194241880926,94.9862460466539
"5",95.0464192784019,95.6770381948937,95.5624946125992,95.0464192784019,95.3024345083221,95.9196863646406,95.9196863646406,95.0464192784019
"6",95.2295270218765,96.0658999019685,95.9256405967941,95.2295270218765,95.415252950602,96.563811899918,96.563811899918,95.2295270218765
