"","MAPE","MSE","THEIL","BIAS","LOG.LIK","CONF","R2.ADJ","COMMON.TREND"
"1",95.4581129157708,95.4581129157708,95.4581129157708,95.484080947151,95.4175451385183,95.4581129157708,95.4581129157708,95.3633100650416
"2",95.9374755148215,95.9374755148215,95.9374755148215,95.9486962287279,95.7003329050348,95.9374755148215,95.9374755148215,95.7148186451896
"3",96.2895547020994,96.2895547020994,96.2895547020994,96.3469271158029,95.9566105498768,96.2895547020994,96.2895547020994,96.1740748084133
