"","MAPE","MSE","THEIL","BIAS","LOG.LIK","CONF","R2.ADJ","COMMON.TREND"
"Nacional",94.4457464266427,94.5557443671554,94.4457464266427,94.7211859844413,94.4507325383414,94.5118454633333,94.5118454633333,94.7719626551504
