"","MAPE","MSE","THEIL","BIAS","LOG.LIK","CONF","R2.ADJ","COMMON.TREND"
"Noreste",101.002832649305,100.909036138566,100.909036138566,101.002832649305,100.870514422701,101.21602020463,101.21602020463,101.21602020463
