"","MAPE","MSE","THEIL","BIAS","LOG.LIK","CONF","R2.ADJ","COMMON.TREND"
"1",96.9086411181385,96.8609708697698,96.9086411181385,97.0190800655703,97.0734918330123,97.1421582963585,97.1421582963585,97.0190800655703
"2",98.106462164686,97.9632167440961,98.106462164686,96.185915340736,96.8853971332128,98.1652831812471,98.1652831812471,96.185915340736
"3",97.1307689592718,97.0061944959937,97.1307689592718,94.2773404835655,96.6995687748883,97.3443569205711,97.3443569205711,94.2773404835655
"4",94.950750847359,94.8129153440765,94.950750847359,92.7077829173983,96.6034524171787,94.9584154036753,94.9584154036753,92.7077829173983
"5",94.7908679423285,94.7191735606169,94.7908679423285,91.6676453760222,96.6083061549998,94.7636363113283,94.7636363113283,91.6676453760222
"6",94.2098233143035,94.1545215649218,94.2098233143035,91.3321406175236,96.6983413810238,93.8241323920143,93.8241323920143,91.3321406175236
