"","MAPE","MSE","THEIL","BIAS","LOG.LIK","CONF","R2.ADJ","COMMON.TREND"
"1",98.9704688870206,98.9704688870206,98.9704688870206,99.083233106408,98.7999290243052,99.2809201363087,99.2809201363087,99.0198586150222
"2",99.330370674205,99.330370674205,99.330370674205,99.5276474634368,98.944448951741,99.8492496124404,99.8492496124404,99.2608712718676
"3",99.5088879419446,99.5088879419446,99.5088879419446,99.8756945663209,99.0805609597734,100.544401668775,100.544401668775,99.8522426609562
"4",99.9238353321956,99.9238353321956,99.9238353321956,100.258201573728,99.2939426180134,101.266441083378,101.266441083378,100.336252111746
"5",100.654129947027,100.654129947027,100.654129947027,100.997765417607,99.5424950875999,102.383371878821,102.383371878821,101.00513625253
"6",101.085113743821,101.085113743821,101.085113743821,101.523367972285,99.8277780262232,103.125687148804,103.125687148804,101.494659887091
