"","MAPE","MSE","THEIL","BIAS","LOG.LIK","CONF","R2.ADJ","COMMON.TREND"
"1",105.077174050264,105.077174050264,105.077174050264,103.797268734591,102.860782802442,105.198595311466,105.198595311466,105.289245513658
"2",105.450861893363,105.450861893363,105.450861893363,102.095493320107,103.42519576585,105.682691726632,105.682691726632,103.831219643264
"3",105.474038065909,105.474038065909,105.474038065909,101.260398922991,103.974883478576,105.910035358862,105.910035358862,103.64323742244
"4",105.942762545404,105.942762545404,105.942762545404,101.681117619438,104.335726747348,106.52973820103,106.52973820103,104.386702900592
"5",106.192679372372,106.192679372372,106.192679372372,101.919847755686,104.624649569736,106.93504189982,106.93504189982,104.076108450843
"6",106.390665030258,106.390665030258,106.390665030258,101.705873857921,104.884663195789,107.240494664595,107.240494664595,103.98756792862
