"","MAPE","MSE","THEIL","BIAS","LOG.LIK","CONF","R2.ADJ","COMMON.TREND"
"1",100.58916702,100.58916702,100.58916702,100.58916702,100.337212086579,100.652542946254,100.652542946254,100.374518772304
"2",100.943915770721,100.943915770721,100.943915770721,100.943915770721,100.591123544755,101.416821323645,101.416821323645,100.898436656959
"3",101.561941151473,101.561941151473,101.561941151473,101.561941151473,100.939629686672,102.551242911411,102.551242911411,101.813219844982
