"","MAPE","MSE","THEIL","BIAS","LOG.LIK","CONF","R2.ADJ","COMMON.TREND"
"1",102.957842568149,102.957842568149,102.957842568149,102.869015893744,102.849522633699,102.965414132886,102.965414132886,102.920348189454
"2",103.420330428866,103.420330428866,103.420330428866,103.203544889797,103.272866202218,103.506411424697,103.506411424697,103.322633545387
"3",103.883246120846,103.883246120846,103.883246120846,103.596375972984,103.672415231196,103.902123952851,103.902123952851,103.654183315663
