"","MAPE","MSE","THEIL","BIAS","LOG.LIK","CONF","R2.ADJ","COMMON.TREND"
"1",95.8436840064591,95.8436840064591,95.8436840064591,95.8436840064591,95.8006487148718,95.7531370157947,95.7531370157947,95.8184821942835
"2",96.5280608934299,96.5280608934299,96.5280608934299,96.5280608934299,96.1787171162746,96.1460872439417,96.1460872439417,96.2514791665977
"3",96.9911667934265,96.9911667934265,96.9911667934265,96.9911667934265,96.5370797186171,96.4053205338977,96.4053205338977,96.6119786457679
