"","MAPE","MSE","THEIL","BIAS","LOG.LIK","CONF","R2.ADJ","COMMON.TREND"
"1",100.645058438337,100.645058438337,100.645058438337,102.528048533262,101.45957211273,101.565629463491,101.565629463491,100.41013920113
"2",102.171323316514,102.171323316514,102.171323316514,103.042949208198,101.849155916114,102.599950868031,102.599950868031,99.9635142863661
"3",99.937773666751,99.937773666751,99.937773666751,99.8461203263101,102.230615573178,102.136200531108,102.136200531108,97.8109009155394
"4",97.9740408994446,97.9740408994446,97.9740408994446,99.4556199645032,102.605267475728,98.987027585414,98.987027585414,97.5922663960821
"5",97.135426170677,97.135426170677,97.135426170677,98.9416290898641,102.926315270033,99.0640722422522,99.0640722422522,97.8139409237323
"6",97.9179151133808,97.9179151133808,97.9179151133808,99.0563493450245,103.21721822031,99.2137778007112,99.2137778007112,98.6599492175914
