"","MAPE","MSE","THEIL","BIAS","LOG.LIK","CONF","R2.ADJ","COMMON.TREND"
"1",95.0168875505134,95.0168875505134,95.0168875505134,94.9941238626848,94.9240067333914,95.0080948910994,95.0080948910994,93.5898530601959
"2",94.8574829478179,94.8574829478179,94.8574829478179,94.9059379268319,95.0364515716612,95.1552506462151,95.1552506462151,93.0421700064903
"3",95.1414004601598,95.1414004601598,95.1414004601598,95.5341813148091,95.3492427818682,95.6389135710643,95.6389135710643,93.2450574502305
