"","MAPE","MSE","THEIL","BIAS","LOG.LIK","CONF","R2.ADJ","COMMON.TREND"
"Noroeste",100.138074799022,100.126051542668,100.138074799022,100.121992813342,99.8349748600727,100.515914034482,100.515914034482,99.0796377698497
