"","MAPE","MSE","THEIL","BIAS","LOG.LIK","CONF","R2.ADJ","COMMON.TREND"
"1",99.0096721165271,99.0096721165271,99.0096721165271,98.7477776093534,98.94854166783,99.0096721165271,99.055224054923,98.9365325101736
"2",99.5223570931539,99.5223570931539,99.5223570931539,99.1535019783094,99.3087924700305,99.5223570931539,99.4636715906527,99.4015313537782
"3",99.0928512864205,99.0928512864205,99.0928512864205,98.3445773878969,99.5394296605929,99.0928512864205,99.0067692657606,98.8635761750872
