"","MAPE","MSE","THEIL","BIAS","LOG.LIK","CONF","R2.ADJ","COMMON.TREND"
"1",98.9627437006417,98.9627437006417,98.9326519006242,99.0208445677128,98.9584782777193,98.8023298967284,98.8023298967284,98.9440834776504
"2",99.3375674738421,99.3375674738421,99.3355740140178,99.3049997487151,99.22622957409,99.156201326979,99.156201326979,99.2980044291004
"3",99.7611423770444,99.7611423770444,99.7397729480851,99.6881567489102,99.5424906277822,99.708049713811,99.708049713811,99.7056885624768
"4",100.16311006243,100.16311006243,100.162243974008,100.076268744284,99.8762771283048,100.203450962591,100.203450962591,100.105371614501
"5",100.54481246743,100.54481246743,100.572005365588,100.505491416408,100.219825014637,100.71848627457,100.71848627457,100.488514894931
"6",100.905566282822,100.905566282822,100.93053592041,100.810590923948,100.56543443791,101.094701904302,101.094701904302,100.864884935257
