"","MAPE","MSE","THEIL","BIAS","LOG.LIK","CONF","R2.ADJ","COMMON.TREND"
"1",96.0365070713031,96.0365070713031,96.0365070713031,97.4141283356182,96.9094063479599,97.4540420478954,97.4540420478954,98.504999090494
"2",96.8569305162958,96.8569305162958,96.8569305162958,97.5575197558551,97.4192206358799,98.3860252846245,98.3860252846245,99.6286854224023
"3",100.339907266027,100.339907266027,100.339907266027,99.9273292616091,97.9285560294227,102.713430993475,102.713430993475,101.049633192688
