"","MAPE","MSE","THEIL","BIAS","LOG.LIK","CONF","R2.ADJ","COMMON.TREND"
"1",99.3489159025128,99.3489159025128,99.3489159025128,99.4583988401123,99.0918068043184,99.4187566200598,99.4187566200598,99.4248965940794
"2",99.8441074775897,99.8441074775897,99.8441074775897,100.10325832104,99.3122006176909,99.9271335086135,99.9271335086135,99.896479212084
"3",100.359152046051,100.359152046051,100.359152046051,100.640600463747,99.6234760508202,100.391817428108,100.391817428108,100.417618575982
