"","MAPE","MSE","THEIL","BIAS","LOG.LIK","CONF","R2.ADJ","COMMON.TREND"
"1",95.7175114292513,95.7175114292513,95.7175114292513,95.7175114292513,95.3516560281277,95.7175114292513,95.7175114292513,95.7175114292513
"2",96.4634984279758,96.4634984279758,96.4634984279758,96.4634984279758,95.7223692582944,96.4634984279758,96.4634984279758,96.4634984279758
"3",97.2582597826904,97.2582597826904,97.2582597826904,97.2582597826904,96.128774941988,97.2582597826904,97.2582597826904,97.2582597826904
