"","MAPE","MSE","THEIL","BIAS","LOG.LIK","CONF","R2.ADJ","COMMON.TREND"
"1",94.8318381652404,94.8318381652404,94.8318381652404,94.7991535910757,97.1070002601076,94.5461807144468,94.5461807144468,94.1350757579767
"2",97.0788919011122,97.0788919011122,97.0788919011122,96.9074867742167,96.9418321420532,96.0276609188601,96.0276609188601,95.7740046936378
"3",96.8719203567241,96.8719203567241,96.8719203567241,96.4261666456364,96.9199583548097,96.436500182754,96.436500182754,96.2229899375974
