"","MAPE","MSE","THEIL","BIAS","LOG.LIK","CONF","R2.ADJ","COMMON.TREND"
"Noroeste",104.943020874908,104.943020874908,104.943020874908,105.912868594122,105.880440710135,105.152076762865,105.152076762865,104.443570945638
