"","MAPE","MSE","THEIL","BIAS","LOG.LIK","CONF","R2.ADJ","COMMON.TREND"
"1",103.565207125831,103.565207125831,103.565207125831,103.92228889039,103.249648441158,103.71914069365,103.632612443987,104.066153201924
"2",103.988899734832,103.988899734832,103.988899734832,104.160553844021,103.507378653731,104.187591955916,103.980896516203,104.285238398381
"3",104.27948316337,104.27948316337,104.27948316337,104.63473427888,103.758756319589,104.658140228854,104.270048413201,105.084689198377
