"","MAPE","MSE","THEIL","BIAS","LOG.LIK","CONF","R2.ADJ","COMMON.TREND"
"1",100.413667695547,100.413667695547,100.413667695547,100.278194916304,100.302328907877,100.396293224697,100.481277637309,100.359072956978
"2",100.750927176824,100.750927176824,100.750927176824,100.648658121672,100.688778049726,100.857251969557,101.068254131089,100.746135499669
"3",101.039032321532,101.039032321532,101.039032321532,100.926037911385,101.062925936414,101.186344699626,101.501911113628,101.175566707774
