"","MAPE","MSE","THEIL","BIAS","LOG.LIK","CONF","R2.ADJ","COMMON.TREND"
"Frontera.norte",95.0168875505134,95.0168875505134,95.0168875505134,94.9941238626848,94.9240067333914,95.0080948910994,95.0080948910994,93.5898530601959
