"","MAPE","MSE","THEIL","BIAS","LOG.LIK","CONF","R2.ADJ","COMMON.TREND"
"1",95.8315950697573,95.8315950697573,95.8315950697573,95.8700041315391,95.8668891501385,96.2351114670199,96.2351114670199,95.9906015616046
"2",96.148417094529,96.148417094529,96.148417094529,96.2137519765277,96.2602126351111,96.7542197532831,96.7542197532831,96.2821115356675
"3",96.5522867018083,96.5522867018083,96.5522867018083,96.666823524708,96.64920731246,97.3022013417497,97.3022013417497,96.439833272796
