"","MAPE","MSE","THEIL","BIAS","LOG.LIK","CONF","R2.ADJ","COMMON.TREND"
"1",98.9704688870206,98.9704688870206,98.9704688870206,99.083233106408,98.7999290243052,99.2809201363087,99.2809201363087,99.2809201363087
"2",99.330370674205,99.330370674205,99.330370674205,99.5276474634368,98.944448951741,99.8492496124404,99.8492496124404,99.8492496124404
"3",99.5088879419446,99.5088879419446,99.5088879419446,99.8756945663209,99.0805609597734,100.544401668775,100.544401668775,100.544401668775
