"","MAPE","MSE","THEIL","BIAS","LOG.LIK","CONF","R2.ADJ","COMMON.TREND"
"1",101.583705226157,101.583705226157,101.583705226157,101.451086328462,103.247770084146,102.717808628675,102.717808628675,102.419435206889
"2",98.525284330852,98.525284330852,98.525284330852,99.1938490181402,103.744762667995,99.182594680801,99.182594680801,100.814700623009
"3",97.9278959248729,97.9278959248729,97.9278959248729,98.810656098554,104.139413522154,99.3525090450203,99.3525090450203,99.5762277657858
"4",98.4018563741054,98.4018563741054,98.4018563741054,99.1064236650123,104.489167679455,99.6513375063138,99.6513375063138,99.3521438595798
"5",98.7942849685088,98.7942849685088,98.7942849685088,99.2433675364591,104.799287056291,100.36408307954,100.36408307954,99.5019664342568
"6",99.091778515247,99.091778515247,99.091778515247,100.106104304266,105.088282642405,101.066958330895,101.066958330895,99.9786040577001
