"","MAPE","MSE","THEIL","BIAS","LOG.LIK","CONF","R2.ADJ","COMMON.TREND"
"Noroeste",100.645058438337,100.645058438337,100.645058438337,102.528048533262,101.45957211273,101.565629463491,101.565629463491,100.41013920113
