"","MAPE","MSE","THEIL","BIAS","LOG.LIK","CONF","R2.ADJ","COMMON.TREND"
"1",100.011638214998,100.011638214998,100.011638214998,99.9688053498637,99.8832818431119,99.9429195467046,99.9429195467046,99.9593918735563
"2",99.6939809323487,99.6939809323487,99.6939809323487,99.4733369196016,100.204193756433,99.7365168072301,99.7365168072301,99.3174180711294
"3",99.8944128447622,99.8944128447622,99.8944128447622,99.7005450112397,100.60671440077,99.901814716578,99.901814716578,99.8790410900796
