"","MAPE","MSE","THEIL","BIAS","LOG.LIK","CONF","R2.ADJ","COMMON.TREND"
"1",98.1059216446516,98.1059216446516,98.1059216446516,98.1026765594916,98.2555233014955,98.3404209223717,98.3404209223717,98.2519336153781
"2",98.47749439957,98.47749439957,98.47749439957,98.3534355646639,98.6642796728258,99.0165349909943,99.0165349909943,98.9129957126265
"3",98.9200868831547,98.9200868831547,98.9200868831547,98.7150194222526,99.0301953244296,99.4152113539106,99.4152113539106,99.3936306329264
"4",99.1192968817727,99.1192968817727,99.1192968817727,98.9366042600027,99.3753625680379,99.8375039387085,99.8375039387085,99.9004531339939
"5",98.8230177702264,98.8230177702264,98.8230177702264,98.75115384137,99.6866141692252,99.6818187756591,99.6818187756591,99.888849162033
"6",98.9894064406173,98.9894064406173,98.9894064406173,98.8054138375519,99.984540766584,99.6567929091168,99.6567929091168,100.170943021772
