"","MAPE","MSE","THEIL","BIAS","LOG.LIK","CONF","R2.ADJ","COMMON.TREND"
"Centro.sur",99.3493346526838,99.3493346526838,99.3493346526838,99.3493346526838,99.0356753886985,98.9634733592567,98.9634733592567,99.2219888378206
