"","MAPE","MSE","THEIL","BIAS","LOG.LIK","CONF","R2.ADJ","COMMON.TREND"
"Centro.norte",99.7286110745508,99.7286110745508,99.7286110745508,99.9391228964604,99.6495478281225,99.9525130338612,99.9525130338612,99.789364557024
