"","MAPE","MSE","THEIL","BIAS","LOG.LIK","CONF","R2.ADJ","COMMON.TREND"
"1",99.1745051414192,99.2224607809332,99.2224607809332,99.239878599282,99.0030894608129,99.0342121809053,99.0342121809053,99.1145426325543
"2",99.5563917045323,99.7488838261325,99.7488838261325,99.592012811529,99.1888025524605,99.2860623770588,99.2860623770588,99.4862701126609
"3",99.9464635715429,100.095849615305,100.095849615305,100.046274361895,99.3188281751611,99.7293074699709,99.7293074699709,99.9965707686745
