"","MAPE","MSE","THEIL","BIAS","LOG.LIK","CONF","R2.ADJ","COMMON.TREND"
"1",102.212066786268,102.575390716309,102.561839115118,102.561839115118,102.160846988334,102.575390716309,102.575390716309,102.493981703848
"2",102.388793735774,103.008804664788,102.966754727057,102.966754727057,102.494940021561,103.008804664788,103.008804664788,102.833834986133
"3",103.1070790058,103.85087042833,103.793409311463,103.793409311463,102.753918760364,103.85087042833,103.85087042833,103.599038654509
