"","MAPE","MSE","THEIL","BIAS","LOG.LIK","CONF","R2.ADJ","COMMON.TREND"
"1",98.5408519590282,98.4107407631154,98.4107407631154,98.7253124122936,98.6725166638425,98.7502920193191,98.7502920193191,98.4107407631154
"2",98.9986975223765,98.4597461398107,98.4597461398107,99.0847806394115,98.9593215734753,99.2225467541551,99.2225467541551,98.4597461398107
"3",99.2478076652811,98.3440173116363,98.3440173116363,99.4239526780489,99.2079508649628,99.6096658026808,99.6096658026808,98.3440173116363
