"","MAPE","MSE","THEIL","BIAS","LOG.LIK","CONF","R2.ADJ","COMMON.TREND"
"1",99.0190899634652,99.0190899634652,99.0190899634652,98.9836353038417,99.0162687855625,98.9884277600401,98.9884277600401,99.0018466139096
"2",99.3232684226467,99.3232684226467,99.3232684226467,99.2590542086291,99.3223005453649,99.1390342107996,99.1390342107996,99.3175149672743
"3",99.7519341112876,99.7519341112876,99.7519341112876,99.717637965334,99.6572393129014,99.4648518967289,99.4648518967289,99.703973774732
"4",100.133076142813,100.133076142813,100.133076142813,100.159897509348,100.007327734397,99.8867580456031,99.8867580456031,100.114698481225
"5",100.522005127802,100.522005127802,100.522005127802,100.514486992247,100.369839547985,100.347050748048,100.347050748048,100.506245465803
"6",100.924676092727,100.924676092727,100.924676092727,100.933459752388,100.73791263858,100.890785819369,100.890785819369,100.899025716367
