"","MAPE","MSE","THEIL","BIAS","LOG.LIK","CONF","R2.ADJ","COMMON.TREND"
"Noreste",101.664617913711,101.664617913711,101.664617913711,101.524304882757,101.350699975165,101.751861353186,101.685614710713,101.914849342914
