"","MAPE","MSE","THEIL","BIAS","LOG.LIK","CONF","R2.ADJ","COMMON.TREND"
"1",98.1814376010069,98.1814376010069,98.2380112175598,98.4092087996964,98.4560206272206,98.3956008796171,98.3956008796171,98.3956008796171
"2",98.5204153425034,98.5204153425034,98.6262322555086,99.0217920623227,99.0701871363632,99.0008958177777,99.0008958177777,99.0008958177777
"3",98.7271738275626,98.7271738275626,98.8972593820573,99.51109821323,99.5839015218411,99.506143611634,99.506143611634,99.506143611634
"4",98.9672280151221,98.9672280151221,99.2088347306047,100.081278019338,100.030353798255,100.09886033404,100.09886033404,100.09886033404
"5",98.9322978632032,98.9322978632032,99.3626844163062,100.296033376765,100.426926382278,100.302395385602,100.302395385602,100.302395385602
"6",98.8354402896021,98.8354402896021,99.3387942653764,100.230057641724,100.784971599789,100.218935225785,100.218935225785,100.218935225785
