"","MAPE","MSE","THEIL","BIAS","LOG.LIK","CONF","R2.ADJ","COMMON.TREND"
"1",99.3789825825502,99.3789825825502,99.3789825825502,99.2170108493015,99.2181872656732,99.3565358804702,99.3565358804702,99.3039667222076
"2",99.7052386561337,99.7052386561337,99.7052386561337,99.5996729456514,99.6351728047035,99.7464959444317,99.7464959444317,99.7452488896537
"3",99.5979924084746,99.5979924084746,99.5979924084746,99.5085723321701,100.089095691126,99.7042829590226,99.7042829590226,99.7031132355859
