"","MAPE","MSE","THEIL","BIAS","LOG.LIK","CONF","R2.ADJ","COMMON.TREND"
"1",99.0840697631499,99.0840697631499,99.0840697631499,99.0840697631499,99.4243861774581,99.5025177547746,99.5025177547746,99.4422722458334
"2",98.9930695994489,98.9930695994489,98.9930695994489,98.9930695994489,99.647246104067,99.3795016528833,99.3795016528833,99.4552728372755
"3",99.1316379362779,99.1316379362779,99.1316379362779,99.1316379362779,99.8918216214818,99.6997711313742,99.6997711313742,99.4584793666686
