"","MAPE","MSE","THEIL","BIAS","LOG.LIK","CONF","R2.ADJ","COMMON.TREND"
"Centro.norte",96.4903346537832,96.4903346537832,96.4903346537832,96.2416139849861,96.0959864836586,96.1212164655269,96.1212164655269,96.2752872850631
