"","MAPE","MSE","THEIL","BIAS","LOG.LIK","CONF","R2.ADJ","COMMON.TREND"
"1",103.725756408555,103.725756408555,103.725756408555,103.817479631721,103.536130962393,103.69326210192,103.69326210192,103.861961270471
"2",104.33055300191,104.33055300191,104.33055300191,104.440823652774,103.943287844608,104.225567438027,104.225567438027,104.538756843479
"3",104.804929326878,104.804929326878,104.804929326878,104.952604299791,104.309506037631,104.719235652412,104.719235652412,105.10186186095
"4",105.056133548179,105.056133548179,105.056133548179,105.238501764228,104.666665993657,104.896897901613,104.896897901613,105.417930963752
"5",105.166917063824,105.166917063824,105.166917063824,105.415819321267,105.028356016017,105.001801979397,105.001801979397,105.601806144459
"6",105.502427021919,105.502427021919,105.502427021919,105.867291340741,105.399818740794,105.338953320848,105.338953320848,106.033131121606
