"","MAPE","MSE","THEIL","BIAS","LOG.LIK","CONF","R2.ADJ","COMMON.TREND"
"Centro.norte",95.8436840064591,95.8436840064591,95.8436840064591,95.8436840064591,95.8006487148718,95.7531370157947,95.7531370157947,95.7404491967688
