"","MAPE","MSE","THEIL","BIAS","LOG.LIK","CONF","R2.ADJ","COMMON.TREND"
"1",98.9627437006417,98.9627437006417,98.9326519006242,99.0208445677128,98.9584782777193,98.8023298967284,98.8023298967284,99.0383148658499
"2",99.3375674738421,99.3375674738421,99.3355740140178,99.3049997487151,99.22622957409,99.156201326979,99.156201326979,99.2977811180951
"3",99.7611423770444,99.7611423770444,99.7397729480851,99.6881567489102,99.5424906277822,99.708049713811,99.708049713811,99.7356967565068
