"","MAPE","MSE","THEIL","BIAS","LOG.LIK","CONF","R2.ADJ","COMMON.TREND"
"1",102.574886546348,102.574886546348,102.574886546348,102.438471161621,102.596826584224,102.659291931236,102.659291931236,102.647792246389
"2",103.448398056093,103.448398056093,103.448398056093,102.572964159429,102.893956256553,103.291913993125,103.291913993125,103.391743338435
"3",103.4445962212,103.4445962212,103.4445962212,102.629749084059,103.204323649407,103.485924616883,103.485924616883,103.434829788175
"4",103.890751422123,103.890751422123,103.890751422123,102.70183533668,103.538931769543,103.861118302517,103.861118302517,103.859801742286
"5",103.964547879999,103.964547879999,103.964547879999,102.892706130292,103.893838303638,103.673833181662,103.673833181662,103.875917905322
"6",104.192698309991,104.192698309991,104.192698309991,102.996505274371,104.261163811122,104.062073474935,104.062073474935,104.159899986419
