"","MAPE","MSE","THEIL","BIAS","LOG.LIK","CONF","R2.ADJ","COMMON.TREND"
"1",98.6530253706038,98.6530253706038,98.6530253706038,98.7379459301122,98.7508167801709,98.7372385476898,98.7372385476898,98.5497754779363
"2",98.982916768777,98.982916768777,98.982916768777,98.9916253778679,99.1231422189743,98.9746154602287,98.9746154602287,98.920090991011
"3",99.3405839330815,99.3405839330815,99.3405839330815,99.3886392729621,99.5373380869422,99.2093437000681,99.2093437000681,99.3109043629729
"4",99.7706982218121,99.7706982218121,99.7706982218121,99.9333953403414,99.9662572326879,99.6257759862946,99.6257759862946,99.6534657368209
"5",100.141399898977,100.141399898977,100.141399898977,100.342384700078,100.405526713588,100.027318272546,100.027318272546,100.090056699348
"6",100.545078396677,100.545078396677,100.545078396677,100.728305622592,100.846920126262,100.476121918009,100.476121918009,100.542724942516
