"","MAPE","MSE","THEIL","BIAS","LOG.LIK","CONF","R2.ADJ","COMMON.TREND"
"1",103.725756408555,103.725756408555,103.725756408555,103.817479631721,103.536130962393,103.69326210192,103.69326210192,103.861961270471
"2",104.33055300191,104.33055300191,104.33055300191,104.440823652774,103.943287844608,104.225567438027,104.225567438027,104.538756843479
"3",104.804929326878,104.804929326878,104.804929326878,104.952604299791,104.309506037631,104.719235652412,104.719235652412,105.10186186095
