"","MAPE","MSE","THEIL","BIAS","LOG.LIK","CONF","R2.ADJ","COMMON.TREND"
"1",102.396036994235,102.396036994235,102.396036994235,102.286320237794,102.357656668549,102.583753121607,102.583753121607,102.40276444926
"2",103.00333692842,103.00333692842,103.00333692842,102.687157458553,102.759169896064,103.200250481602,103.200250481602,102.852762583647
"3",103.261540886546,103.261540886546,103.261540886546,102.929152384622,103.142725406777,103.442519056216,103.442519056216,103.216719895569
