"","MAPE","MSE","THEIL","BIAS","LOG.LIK","CONF","R2.ADJ","COMMON.TREND"
"1",96.6393829216842,96.6393829216842,96.6393829216842,96.6393829216842,96.5443023509869,96.6393829216842,96.6393829216842,96.6666745205303
"2",96.9819061048307,96.9819061048307,96.9819061048307,96.9819061048307,96.8289721689261,96.9819061048307,96.9819061048307,97.1025633052671
"3",97.424275690213,97.424275690213,97.424275690213,97.424275690213,97.019486889628,97.424275690213,97.424275690213,97.7746864178647
