"","MAPE","MSE","THEIL","BIAS","LOG.LIK","CONF","R2.ADJ","COMMON.TREND"
"1",94.7902855980096,94.8682877851101,94.7902855980096,95.2189927148838,95.0415696091152,95.4923237456176,95.4923237456176,95.3011289065323
"2",94.516909204096,94.5558078219797,94.516909204096,94.6839560832805,94.9104433609503,95.2730035805047,95.2730035805047,94.8072610764281
"3",94.5163986854841,94.7573005532222,94.5163986854841,95.0654452945173,94.9738989649075,95.8761441114855,95.8761441114855,95.2247138138392
