"","MAPE","MSE","THEIL","BIAS","LOG.LIK","CONF","R2.ADJ","COMMON.TREND"
"1",99.3493346526838,99.3493346526838,99.3493346526838,99.3493346526838,99.0356753886985,98.9634733592567,98.9634733592567,99.1793329241364
"2",99.5714619367194,99.5714619367194,99.5714619367194,99.5714619367194,99.4316604302967,99.0730665797054,99.0730665797054,99.0731030630856
"3",100.188252509967,100.188252509967,100.188252509967,100.188252509967,99.8807506847268,99.3377730614164,99.3377730614164,99.3526150448888
