"","MAPE","MSE","THEIL","BIAS","LOG.LIK","CONF","R2.ADJ","COMMON.TREND"
"1",102.758432647333,102.758432647333,102.758432647333,102.714116743817,102.968493896317,102.97986819952,102.97986819952,102.866332797545
"2",103.363746353649,103.363746353649,103.363746353649,102.924002521222,103.473598545502,103.709844507031,103.709844507031,103.470878096977
"3",103.917648371195,103.917648371195,103.917648371195,103.119205854088,103.884092940866,104.28109875348,104.28109875348,103.93463787596
