"","MAPE","MSE","THEIL","BIAS","LOG.LIK","CONF","R2.ADJ","COMMON.TREND"
"Frontera.norte",101.691845285693,101.691845285693,101.691845285693,101.202471069414,100.922714785674,101.693708427283,101.693708427283,100.729972711053
