"","MAPE","MSE","THEIL","BIAS","LOG.LIK","CONF","R2.ADJ","COMMON.TREND"
"1",95.4581129157708,95.4581129157708,95.4581129157708,95.484080947151,95.4175451385183,95.4581129157708,95.4581129157708,95.3909849138218
"2",95.9374755148215,95.9374755148215,95.9374755148215,95.9486962287279,95.7003329050348,95.9374755148215,95.9374755148215,95.8004398851439
"3",96.2895547020994,96.2895547020994,96.2895547020994,96.3469271158029,95.9566105498768,96.2895547020994,96.2895547020994,95.9706717486071
"4",96.6361767456522,96.6361767456522,96.6361767456522,96.8085633279432,96.1802745842661,96.6361767456522,96.6361767456522,96.1319305349352
"5",97.0652564971568,97.0652564971568,97.0652564971568,97.2836013598396,96.3865319615676,97.0652564971568,97.0652564971568,96.3857482702974
"6",97.4680075034935,97.4680075034935,97.4680075034935,97.7332695632096,96.5862636221432,97.4680075034935,97.4680075034935,96.6281595894596
