"","MAPE","MSE","THEIL","BIAS","LOG.LIK","CONF","R2.ADJ","COMMON.TREND"
"1",98.0148197353097,98.014320744202,98.0148197353097,97.9787642190237,98.014320744202,97.9098261252611,98.0403400423715,98.1275656831407
"2",98.4675571601178,98.4847856262456,98.4675571601178,98.2769054265985,98.4847856262456,98.220749452597,98.4458727087861,98.6701202710847
"3",98.9263449065023,98.9102412004274,98.9263449065023,98.6306597646409,98.9102412004274,98.5834048603553,98.8123511958677,98.7968763518309
"4",99.3980314809744,99.3664299883929,99.3980314809744,98.814138725113,99.3664299883929,98.8983806046605,99.0515682060995,99.0437544405628
"5",99.8805451632013,99.8408024395816,99.8805451632013,99.0572765781113,99.8408024395816,99.1165253905098,99.1225364723098,99.3016450221587
"6",100.376312973733,100.329605739209,100.376312973733,99.4152186791736,100.329605739209,99.5001671698161,99.4549754618734,99.6211925414703
