"","MAPE","MSE","THEIL","BIAS","LOG.LIK","CONF","R2.ADJ","COMMON.TREND"
"1",99.9321962272212,99.9321962272212,99.9321962272212,99.5913897893211,99.7106906666268,99.7468548603129,99.7468548603129,99.88901347877
"2",100.366386954779,100.366386954779,100.366386954779,99.6654804672305,99.9264262543381,100.534484211795,100.534484211795,100.768180770115
"3",100.756979610847,100.756979610847,100.756979610847,99.9715221857384,100.151215398131,101.008654445992,101.008654445992,101.365309821419
