"","MAPE","MSE","THEIL","BIAS","LOG.LIK","CONF","R2.ADJ","COMMON.TREND"
"1",95.7225281576994,95.7225281576994,95.7225281576994,95.6008562210644,95.7260399553403,95.9844781099517,95.9844781099517,95.5071929303119
"2",96.2407611201326,96.2407611201326,96.2407611201326,96.062990015759,95.9877679473794,96.799277641085,96.799277641085,95.9349227259324
"3",97.074058536173,97.074058536173,97.074058536173,96.6211763197723,96.2917624960085,97.68685631829,97.68685631829,96.4566520011474
"4",98.0765672791734,98.0765672791734,98.0765672791734,97.280264708426,96.5631830928539,98.9839294894857,98.9839294894857,97.2308967444181
"5",98.4414037845464,98.4414037845464,98.4414037845464,97.2190324411668,96.8301134356124,99.378713074398,99.378713074398,97.5497056960734
"6",99.0457297915088,99.0457297915088,99.0457297915088,97.4513954673748,97.0709995316051,99.7617362058082,99.7617362058082,97.6731084021674
