"","MAPE","MSE","THEIL","BIAS","LOG.LIK","CONF","R2.ADJ","COMMON.TREND"
"1",98.1158331733424,98.1158331733424,98.1158331733424,98.2977156745625,98.2940458235999,97.953030408323,97.953030408323,97.953030408323
"2",98.7253742142736,98.7253742142736,98.7253742142736,98.7987101002997,98.7003203964835,98.1399277927926,98.1399277927926,98.1399277927926
"3",98.7970347540502,98.7970347540502,98.7970347540502,99.2452039953437,99.0507604419104,98.0416704316112,98.0416704316112,98.0416704316112
