"","MAPE","MSE","THEIL","BIAS","LOG.LIK","CONF","R2.ADJ","COMMON.TREND"
"Noroeste",105.077174050264,105.077174050264,105.077174050264,103.797268734591,102.860782802442,105.198595311466,105.198595311466,105.289245513658
