"","MAPE","MSE","THEIL","BIAS","LOG.LIK","CONF","R2.ADJ","COMMON.TREND"
"Sur",97.3339315334235,97.3339315334235,97.3339315334235,97.5547077553535,97.0916781360895,98.0509525872468,98.0509525872468,97.8125758644489
