"","MAPE","MSE","THEIL","BIAS","LOG.LIK","CONF","R2.ADJ","COMMON.TREND"
"Frontera.norte",104.937047014341,104.937047014341,104.937047014341,105.261759685708,105.798174370949,105.11857518551,105.11857518551,104.629951467273
