"","MAPE","MSE","THEIL","BIAS","LOG.LIK","CONF","R2.ADJ","COMMON.TREND"
"Nacional",103.725756408555,103.725756408555,103.725756408555,103.817479631721,103.536130962393,103.69326210192,103.69326210192,103.861961270471
