"","MAPE","MSE","THEIL","BIAS","LOG.LIK","CONF","R2.ADJ","COMMON.TREND"
"1",99.4221129962042,99.4221129962042,99.4221129962042,99.573080847436,98.8659182416195,99.4703216439768,99.4703216439768,99.3932798920214
"2",99.4220545219083,99.4220545219083,99.4220545219083,99.7046082839197,98.9570515074168,99.6437966167805,99.6437966167805,99.3735805206852
"3",99.7401022163162,99.7401022163162,99.7401022163162,99.8741465228633,99.3191046544074,100.1482793921,100.1482793921,99.5714811182736
"4",100.205465451591,100.205465451591,100.205465451591,100.537701361068,99.7364017912352,100.86331304829,100.86331304829,99.9894576547768
"5",101.369692520671,101.369692520671,101.369692520671,102.165425034979,100.143784326527,102.305096823171,102.305096823171,101.075795275757
"6",103.533135463169,103.533135463169,103.533135463169,104.346331986805,100.516667691204,104.708614938008,104.708614938008,103.186571798232
