"","MAPE","MSE","THEIL","BIAS","LOG.LIK","CONF","R2.ADJ","COMMON.TREND"
"Mexico",95.3298764564368,95.3298764564368,95.3298764564368,95.3298764564368,95.0613472469655,95.1448657248888,95.3298764564368,95.0804238266041
