"","MAPE","MSE","THEIL","BIAS","LOG.LIK","CONF","R2.ADJ","COMMON.TREND"
"1",96.7226326810721,96.7226326810721,96.7226326810721,94.4126296796653,95.8581262204188,97.6913432962752,97.6913432962752,96.6241688814241
"2",98.2035233699148,98.2035233699148,98.2035233699148,93.9914486750112,95.9826820877527,99.6211779245064,99.6211779245064,97.4517506799911
"3",97.890473065486,97.890473065486,97.890473065486,92.4835136364233,96.4817164543425,100.512889305862,100.512889305862,96.2002880076691
"4",94.7933498451235,94.7933498451235,94.7933498451235,90.7569099839055,96.9445394706264,97.8306654312943,97.8306654312943,93.7802306422392
"5",95.2125390845193,95.2125390845193,95.2125390845193,90.4162353941318,97.2379305835061,98.6287266947872,98.6287266947872,93.7316064512308
"6",95.2218104431028,95.2218104431028,95.2218104431028,91.0680705711314,97.4196649129156,98.6120703089709,98.6120703089709,93.7379973242949
