"","MAPE","MSE","THEIL","BIAS","LOG.LIK","CONF","R2.ADJ","COMMON.TREND"
"Nacional",96.693427180421,96.693427180421,96.693427180421,96.693427180421,96.1952248466583,96.6352475089626,96.6352475089626,96.5099061163862
