"","MAPE","MSE","THEIL","BIAS","LOG.LIK","CONF","R2.ADJ","COMMON.TREND"
"1",103.735006591909,103.735006591909,103.735006591909,103.379171462519,103.314827830527,103.964225924191,103.964225924191,104.055361025853
"2",104.255256061566,104.255256061566,104.255256061566,103.641727370822,103.561256042921,104.634201578964,104.634201578964,104.420441843988
"3",104.676352413528,104.676352413528,104.676352413528,103.793834379308,103.856910656443,105.373157398618,105.373157398618,105.00700895957
"4",104.466796256759,104.466796256759,104.466796256759,103.913036473829,104.157706018083,105.327423275269,105.327423275269,105.125375258092
"5",104.617867451106,104.617867451106,104.617867451106,103.883147843573,104.518710305433,105.790622420345,105.790622420345,105.345955296662
"6",105.065500977135,105.065500977135,105.065500977135,103.914194556562,104.947139426093,106.456259115052,106.456259115052,105.756817303107
