"","MAPE","MSE","THEIL","BIAS","LOG.LIK","CONF","R2.ADJ","COMMON.TREND"
"1",96.4404934456864,96.4404934456864,96.4404934456864,96.2967407170569,96.4094033567763,96.805434628296,96.805434628296,96.5335779209633
"2",96.985130946571,96.985130946571,96.985130946571,96.7348448078953,96.6498439172195,97.6660406045396,97.6660406045396,97.0895334183677
"3",97.4253449156572,97.4253449156572,97.4253449156572,97.2560854083649,96.8113499551657,98.5138777023646,98.5138777023646,97.4137933823749
"4",97.6805288339153,97.6805288339153,97.6805288339153,97.7449728092079,96.9318556883911,99.2720085832382,99.2720085832382,97.663876949781
"5",97.9525125847496,97.9525125847496,97.9525125847496,98.0662566925231,97.0367401884406,99.80933186821,99.80933186821,97.9628746165537
"6",98.205954945206,98.205954945206,98.205954945206,98.4082452863905,97.134949623941,100.225899005509,100.225899005509,98.3795623514984
