"","MAPE","MSE","THEIL","BIAS","LOG.LIK","CONF","R2.ADJ","COMMON.TREND"
"1",96.2708044363754,96.2708044363754,96.2708044363754,96.2708044363754,96.1935216103578,96.4551366187977,96.4551366187977,96.4024945741819
"2",97.0822731971014,97.0822731971014,97.0822731971014,97.0822731971014,96.3552856242671,97.2833651255422,97.2833651255422,96.9037516397323
"3",97.9357452158285,97.9357452158285,97.9357452158285,97.9357452158285,96.405061512793,98.5626913808487,98.5626913808487,97.4180685247882
"4",98.285284673118,98.285284673118,98.285284673118,98.285284673118,96.3823716081542,99.0277022378717,99.0277022378717,97.7881937248211
"5",98.3967243724419,98.3967243724419,98.3967243724419,98.3967243724419,96.2636868980772,99.3287793083424,99.3287793083424,98.0917776160612
"6",98.7814650479293,98.7814650479293,98.7814650479293,98.7814650479293,96.2348453008335,99.9046732209322,99.9046732209322,98.3637213561713
