"","MAPE","MSE","THEIL","BIAS","LOG.LIK","CONF","R2.ADJ","COMMON.TREND"
"Noroeste",96.3649105437881,96.3649105437881,96.3649105437881,97.1042573677669,95.8815278318244,97.3799236040616,97.3799236040616,96.8132782735633
