"","MAPE","MSE","THEIL","BIAS","LOG.LIK","CONF","R2.ADJ","COMMON.TREND"
"Sur",99.8455124433382,99.8861042203928,99.8455124433382,100.1017593883,99.9678554178156,100.392834759853,100.392834759853,100.18138717886
