"","MAPE","MSE","THEIL","BIAS","LOG.LIK","CONF","R2.ADJ","COMMON.TREND"
"1",99.9338140904242,99.9338140904242,99.9338140904242,99.8388629901367,99.7418441535383,99.8826378325833,99.8826378325833,99.8227482591539
"2",100.545387589373,100.545387589373,100.545387589373,100.269923255031,100.104110247685,100.398863137161,100.398863137161,100.433765426346
"3",101.09329793669,101.09329793669,101.09329793669,100.700354113386,100.48989373032,101.011585909835,101.011585909835,101.02352051189
