"","MAPE","MSE","THEIL","BIAS","LOG.LIK","CONF","R2.ADJ","COMMON.TREND"
"1",101.664617913711,101.664617913711,101.664617913711,101.524304882757,101.350699975165,101.751861353186,101.685614710713,101.593853385712
"2",102.099541126111,102.099541126111,102.099541126111,101.852825463314,101.689302214506,102.126293469153,101.951054426937,101.962817379999
"3",102.230946062243,102.230946062243,102.230946062243,102.159347983887,102.031038060339,102.315437082367,102.023079297989,102.114421118987
