"","MAPE","MSE","THEIL","BIAS","LOG.LIK","CONF","R2.ADJ","COMMON.TREND"
"Noroeste",95.5334443385842,95.5334443385842,95.5334443385842,95.285742971611,94.7527518018634,96.0749230039814,96.0749230039814,95.2243164608198
