"","MAPE","MSE","THEIL","BIAS","LOG.LIK","CONF","R2.ADJ","COMMON.TREND"
"1",94.4427808968416,94.5098970895582,94.4427808968416,94.2300596505001,94.5397570014555,94.2612571213318,94.4466245113134,94.4710919821297
"2",94.652647717433,94.8379543877559,94.652647717433,94.4340507999409,94.8757572368962,94.473463124326,95.0887660996068,94.8282952878245
"3",94.9352071178927,95.0543177545073,94.9352071178927,94.8528104318245,95.2057854297612,94.7820947697108,95.656434433994,95.1493566181129
