"","MAPE","MSE","THEIL","BIAS","LOG.LIK","CONF","R2.ADJ","COMMON.TREND"
"1",99.1745051414192,99.2224607809332,99.2224607809332,99.239878599282,99.0030894608129,99.0342121809053,99.0342121809053,99.1145426325543
"2",99.5563917045323,99.7488838261325,99.7488838261325,99.592012811529,99.1888025524605,99.2860623770588,99.2860623770588,99.4862701126609
"3",99.9464635715429,100.095849615305,100.095849615305,100.046274361895,99.3188281751611,99.7293074699709,99.7293074699709,99.9965707686745
"4",100.361262783855,100.547559464264,100.547559464264,100.379876084742,99.5537370162461,100.114394795542,100.114394795542,100.497933696851
"5",101.080160546685,101.31792002109,101.31792002109,101.047216173733,99.8042460794922,101.139412543539,101.139412543539,101.622838684992
"6",101.532861168201,101.761056785615,101.761056785615,101.529321588604,100.09601184745,101.365936904045,101.365936904045,101.863752384299
