"","MAPE","MSE","THEIL","BIAS","LOG.LIK","CONF","R2.ADJ","COMMON.TREND"
"1",98.6530253706038,98.6530253706038,98.6530253706038,98.7379459301122,98.7508167801709,98.7372385476898,98.7372385476898,98.6022146766833
"2",98.982916768777,98.982916768777,98.982916768777,98.9916253778679,99.1231422189743,98.9746154602287,98.9746154602287,98.9346329995973
"3",99.3405839330815,99.3405839330815,99.3405839330815,99.3886392729621,99.5373380869422,99.2093437000681,99.2093437000681,99.3125818474736
