"","MAPE","MSE","THEIL","BIAS","LOG.LIK","CONF","R2.ADJ","COMMON.TREND"
"1",18.8588875191623,18.8588875191623,18.8588875191623,18.9695395483047,18.9695395483047,18.9695395483047,18.9695395483047,18.845506760396
"2",18.9956903379155,18.9956903379155,18.9956903379155,19.2019059060714,19.2019059060714,19.2019059060714,19.2019059060714,18.9508601762315
"3",19.1260873284187,19.1260873284187,19.1260873284187,19.3976572030568,19.3976572030568,19.3976572030568,19.3976572030568,19.0299125327465
"4",19.2374014044548,19.2374014044548,19.2374014044548,19.5473420623426,19.5473420623426,19.5473420623426,19.5473420623426,19.0807620017417
"5",19.3340759148824,19.3340759148824,19.3340759148824,19.6621290819243,19.6621290819243,19.6621290819243,19.6621290819243,19.1078246410874
"6",19.4175171065362,19.4175171065362,19.4175171065362,19.7450601416304,19.7450601416304,19.7450601416304,19.7450601416304,19.1118382579509
