"","MAPE","MSE","THEIL","BIAS","LOG.LIK","CONF","R2.ADJ","COMMON.TREND"
"1",18.981179744824,18.981179744824,18.981179744824,18.981179744824,19.0009286312498,18.981179744824,18.981179744824,19.0009286312498
"2",18.9290927279334,18.9290927279334,18.9290927279334,18.9290927279334,18.9681627175768,18.9290927279334,18.9290927279334,18.9681627175768
"3",18.9308347512409,18.9308347512409,18.9308347512409,18.9308347512409,18.9955936717012,18.9308347512409,18.9308347512409,18.9955936717012
