"","MAPE","MSE","THEIL","BIAS","LOG.LIK","CONF","R2.ADJ","COMMON.TREND"
"Tipo.de.cambio",20.2129311754493,20.2129311754493,20.2129311754493,20.2129311754493,20.2299832455693,20.2045727087722,20.2045727087722,20.2045727087722
