"","MAPE","MSE","THEIL","BIAS","LOG.LIK","CONF","R2.ADJ","COMMON.TREND"
"1",18.8588875191623,18.8588875191623,18.8588875191623,18.9695395483047,18.9695395483047,18.9695395483047,18.9695395483047,18.845506760396
"2",18.9956903379155,18.9956903379155,18.9956903379155,19.2019059060714,19.2019059060714,19.2019059060714,19.2019059060714,18.9508601762315
"3",19.1260873284187,19.1260873284187,19.1260873284187,19.3976572030568,19.3976572030568,19.3976572030568,19.3976572030568,19.0299125327465
