"","MAPE","MSE","THEIL","BIAS","LOG.LIK","CONF","R2.ADJ","COMMON.TREND"
"1",17.8892705736277,17.8892705736277,17.8892705736277,17.8415389254547,17.8415389254547,17.8415389254547,17.9107470271311,17.8415389254547
"2",18.0377837866469,18.0377837866469,18.0377837866469,17.9278104363118,17.9278104363118,17.9278104363118,18.0875998654403,17.9278104363118
"3",18.1785161018645,18.1785161018645,18.1785161018645,18.0088280098181,18.0088280098181,18.0088280098181,18.2749445564669,18.0088280098181
"4",18.2933097301712,18.2933097301712,18.2933097301712,18.0729608350556,18.0729608350556,18.0729608350556,18.4495624818315,18.0729608350556
"5",18.378130069065,18.378130069065,18.378130069065,18.1158310533671,18.1158310533671,18.1158310533671,18.6054790664113,18.1158310533671
"6",18.4343932784024,18.4343932784024,18.4343932784024,18.1375257969146,18.1375257969146,18.1375257969146,18.741676110222,18.1375257969146
