"","MAPE","MSE","THEIL","BIAS","LOG.LIK","CONF","R2.ADJ","COMMON.TREND"
"Tipo.de.cambio",18.5853726497057,18.5853726497057,18.5853726497057,18.5853726497057,18.5853726497057,18.5853726497057,18.5853726497057,18.5853726497057
