"","MAPE","MSE","THEIL","BIAS","LOG.LIK","CONF","R2.ADJ","COMMON.TREND"
"Tipo.de.cambio",20.549334263419,20.549334263419,20.549334263419,20.549334263419,20.5691925495684,20.549334263419,20.549334263419,20.5691925495684
