"","MAPE","MSE","THEIL","BIAS","LOG.LIK","CONF","R2.ADJ","COMMON.TREND"
"1",18.1057031819791,18.1057031819791,18.1057031819791,18.1057031819791,18.1008739353818,18.1008739353818,18.1008739353818,18.0895210511737
"2",18.2000476588684,18.2000476588684,18.2000476588684,18.2000476588684,18.1918696987965,18.1918696987965,18.1918696987965,18.1587448900725
"3",18.337986167955,18.337986167955,18.337986167955,18.337986167955,18.3210997619412,18.3210997619412,18.3210997619412,18.2638755603639
"4",18.4684770516173,18.4684770516173,18.4684770516173,18.4684770516173,18.4374045728283,18.4374045728283,18.4374045728283,18.358241495832
"5",18.5777571942459,18.5777571942459,18.5777571942459,18.5777571942459,18.5239724732567,18.5239724732567,18.5239724732567,18.4264357979274
"6",18.6648326277909,18.6648326277909,18.6648326277909,18.6648326277909,18.5764057593088,18.5764057593088,18.5764057593088,18.4643312934085
