"","MAPE","MSE","THEIL","BIAS","LOG.LIK","CONF","R2.ADJ","COMMON.TREND"
"1",18.9383666980944,18.9383666980944,18.9383666980944,18.9383666980944,19.063826238911,18.9383666980944,18.9383666980944,19.063826238911
"2",19.0889802711067,19.0889802711067,19.0889802711067,19.0889802711067,19.2679925586934,19.0889802711067,19.0889802711067,19.2679925586934
"3",19.2177835989182,19.2177835989182,19.2177835989182,19.2177835989182,19.4993085398772,19.2177835989182,19.2177835989182,19.4993085398772
