"","MAPE","MSE","THEIL","BIAS","LOG.LIK","CONF","R2.ADJ","COMMON.TREND"
"1",20.088619396514,20.088619396514,20.088619396514,20.088619396514,20.1216261424208,20.088619396514,20.088619396514,20.1216261424208
"2",20.0098616139155,20.0098616139155,20.0098616139155,20.0098616139155,20.0572806153949,20.0098616139155,20.0098616139155,20.0572806153949
"3",19.9401130282264,19.9401130282264,19.9401130282264,19.9401130282264,19.9969463333683,19.9401130282264,19.9401130282264,19.9969463333683
