"","MAPE","MSE","THEIL","BIAS","LOG.LIK","CONF","R2.ADJ","COMMON.TREND"
"1",20.5613510934762,20.5613510934762,20.5613510934762,20.635252699526,20.5613510934762,20.5613510934762,20.5613510934762,20.5613510934762
"2",20.6184376934179,20.6184376934179,20.6184376934179,20.7856920368005,20.6184376934179,20.6184376934179,20.6184376934179,20.6184376934179
"3",20.6173295718809,20.6173295718809,20.6173295718809,20.8768960463125,20.6173295718809,20.6173295718809,20.6173295718809,20.6173295718809
"4",20.6053788653993,20.6053788653993,20.6053788653993,20.9492453078697,20.6053788653993,20.6053788653993,20.6053788653993,20.6053788653993
"5",20.5940224658481,20.5940224658481,20.5940224658481,21.0123343665331,20.5940224658481,20.5940224658481,20.5940224658481,20.5940224658481
"6",20.5870693010883,20.5870693010883,20.5870693010883,21.0692845859145,20.5870693010883,20.5870693010883,20.5870693010883,20.5870693010883
