"","MAPE","MSE","THEIL","BIAS","LOG.LIK","CONF","R2.ADJ","COMMON.TREND"
"1",18.5065670042715,18.5065670042715,18.5065670042715,18.5065670042715,18.581132101127,18.581132101127,18.581132101127,18.4805085325023
"2",18.3976182091893,18.3976182091893,18.3976182091893,18.3976182091893,18.5573820789224,18.5573820789224,18.5573820789224,18.3394963259163
"3",18.37427000736,18.37427000736,18.37427000736,18.37427000736,18.5782744742004,18.5782744742004,18.5782744742004,18.2629082951294
