"","MAPE","MSE","THEIL","BIAS","LOG.LIK","CONF","R2.ADJ","COMMON.TREND"
"Tipo.de.cambio",19.1937306571206,19.1937306571206,19.1937306571206,19.1532223581545,19.1937306571206,19.1532223581545,19.1532223581545,19.1532223581545
