"","MAPE","MSE","THEIL","BIAS","LOG.LIK","CONF","R2.ADJ","COMMON.TREND"
"1",20.549334263419,20.549334263419,20.549334263419,20.549334263419,20.5691925495684,20.549334263419,20.549334263419,20.5691925495684
"2",20.5832138233463,20.5832138233463,20.5832138233463,20.5832138233463,20.6087316515989,20.5832138233463,20.5832138233463,20.6087316515989
"3",20.5518134461228,20.5518134461228,20.5518134461228,20.5518134461228,20.5717812211533,20.5518134461228,20.5518134461228,20.5717812211533
