"","MAPE","MSE","THEIL","BIAS","LOG.LIK","CONF","R2.ADJ","COMMON.TREND"
"Tipo.de.cambio",17.9078727027387,17.9078727027387,17.9078727027387,17.866979328531,17.866979328531,17.866979328531,17.9078727027387,17.866979328531
