"","MAPE","MSE","THEIL","BIAS","LOG.LIK","CONF","R2.ADJ","COMMON.TREND"
"1",17.8438303428956,17.8438303428956,17.8438303428956,17.7994535341648,17.7994535341648,17.7994535341648,17.8438303428956,17.7994535341648
"2",17.9142496600215,17.9142496600215,17.9142496600215,17.8156867132366,17.8156867132366,17.8156867132366,17.9142496600215,17.8156867132366
"3",18.026170100428,18.026170100428,18.026170100428,17.8618445112457,17.8618445112457,17.8618445112457,18.026170100428,17.8618445112457
"4",18.1481709243581,18.1481709243581,18.1481709243581,17.9053844342449,17.9053844342449,17.9053844342449,18.1481709243581,17.9053844342449
"5",18.2654727837892,18.2654727837892,18.2654727837892,17.9349617816795,17.9349617816795,17.9349617816795,18.2654727837892,17.9349617816795
"6",18.3737846696476,18.3737846696476,18.3737846696476,17.9472837451506,17.9472837451506,17.9472837451506,18.3737846696476,17.9472837451506
