"","MAPE","MSE","THEIL","BIAS","LOG.LIK","CONF","R2.ADJ","COMMON.TREND"
"1",17.8892705736277,17.8892705736277,17.8892705736277,17.8415389254547,17.8415389254547,17.8415389254547,17.8892705736277,17.8415389254547
"2",18.0377837866469,18.0377837866469,18.0377837866469,17.9278104363118,17.9278104363118,17.9278104363118,18.0377837866469,17.9278104363118
"3",18.1785161018645,18.1785161018645,18.1785161018645,18.0088280098181,18.0088280098181,18.0088280098181,18.1785161018645,18.0088280098181
