"","MAPE","MSE","THEIL","BIAS","LOG.LIK","CONF","R2.ADJ","COMMON.TREND"
"1",18.4872912024726,18.4872912024726,18.4872912024726,18.4872912024726,18.4641590444194,18.4872912024726,18.4872912024726,18.4872912024726
"2",18.4353210690888,18.4353210690888,18.4353210690888,18.4353210690888,18.3880196846521,18.4353210690888,18.4353210690888,18.4353210690888
"3",18.4695674309773,18.4695674309773,18.4695674309773,18.4695674309773,18.4066555389885,18.4695674309773,18.4695674309773,18.4695674309773
"4",18.5440090804519,18.5440090804519,18.5440090804519,18.5440090804519,18.4671475475462,18.5440090804519,18.5440090804519,18.5440090804519
"5",18.6383364785968,18.6383364785968,18.6383364785968,18.6383364785968,18.5485748464348,18.6383364785968,18.6383364785968,18.6383364785968
"6",18.7369470259729,18.7369470259729,18.7369470259729,18.7369470259729,18.632924280141,18.7369470259729,18.7369470259729,18.7369470259729
