"","MAPE","MSE","THEIL","BIAS","LOG.LIK","CONF","R2.ADJ","COMMON.TREND"
"1",18.9383666980944,18.9383666980944,18.9383666980944,18.9383666980944,19.063826238911,18.9383666980944,19.0757685221835,19.063826238911
"2",19.0889802711067,19.0889802711067,19.0889802711067,19.0889802711067,19.2679925586934,19.0889802711067,19.3331871540393,19.2679925586934
"3",19.2177835989182,19.2177835989182,19.2177835989182,19.2177835989182,19.4993085398772,19.2177835989182,19.6133725422014,19.4993085398772
"4",19.3991957035186,19.3991957035186,19.3991957035186,19.3991957035186,19.7693525751414,19.3991957035186,19.928794501083,19.7693525751414
"5",19.5632896587087,19.5632896587087,19.5632896587087,19.5632896587087,20.0125106752523,19.5632896587087,20.2124020933809,20.0125106752523
"6",19.7138307794965,19.7138307794965,19.7138307794965,19.7138307794965,20.2305772171245,19.7138307794965,20.4626367449615,20.2305772171245
