"","MAPE","MSE","THEIL","BIAS","LOG.LIK","CONF","R2.ADJ","COMMON.TREND"
"1",19.1347081967839,19.1347081967839,19.1347081967839,19.0658527576224,19.1347081967839,19.0658527576224,19.1677460972914,19.0658527576224
"2",19.3744076023622,19.3744076023622,19.3744076023622,19.2251859741289,19.3744076023622,19.2251859741289,19.4335605420643,19.2251859741289
"3",19.506643827021,19.506643827021,19.506643827021,19.2739816739414,19.506643827021,19.2739816739414,19.5992288172078,19.2739816739414
"4",19.5852712647695,19.5852712647695,19.5852712647695,19.2772470074281,19.5852712647695,19.2772470074281,19.7123837344505,19.2772470074281
"5",19.6240613208409,19.6240613208409,19.6240613208409,19.2495462683553,19.6240613208409,19.2495462683553,19.7896750026068,19.2495462683553
"6",19.6377532488789,19.6377532488789,19.6377532488789,19.2058227407598,19.6377532488789,19.2058227407598,19.8442870369418,19.2058227407598
