"","MAPE","MSE","THEIL","BIAS","LOG.LIK","CONF","R2.ADJ","COMMON.TREND"
"Tipo.de.cambio",17.8438303428956,17.8438303428956,17.8438303428956,17.7994535341648,17.7994535341648,17.7994535341648,17.7994535341648,17.7994535341648
