"","MAPE","MSE","THEIL","BIAS","LOG.LIK","CONF","R2.ADJ","COMMON.TREND"
"Tipo.de.cambio",20.088619396514,20.088619396514,20.088619396514,20.088619396514,20.1216261424208,20.088619396514,20.088619396514,20.1216261424208
