"","MAPE","MSE","THEIL","BIAS","LOG.LIK","CONF","R2.ADJ","COMMON.TREND"
"Tipo.de.cambio",18.981179744824,18.981179744824,18.981179744824,18.981179744824,19.0009286312498,18.981179744824,18.981179744824,19.0009286312498
