"","MAPE","MSE","THEIL","BIAS","LOG.LIK","CONF","R2.ADJ","COMMON.TREND"
"Tipo.de.cambio",18.4872912024726,18.4872912024726,18.4872912024726,18.4872912024726,18.4641590444194,18.4872912024726,18.4872912024726,18.4872912024726
