"","MAPE","MSE","THEIL","BIAS","LOG.LIK","CONF","R2.ADJ","COMMON.TREND"
"1",18.8131478699503,18.8131478699503,18.8131478699503,18.8131478699503,18.8131478699503,18.8297694181488,18.8297694181488,18.8131478699503
"2",18.7468832965806,18.7468832965806,18.7468832965806,18.7468832965806,18.7468832965806,18.7828372796685,18.7828372796685,18.7468832965806
"3",18.7935386547236,18.7935386547236,18.7935386547236,18.7935386547236,18.7935386547236,18.8514076612541,18.8514076612541,18.7935386547236
