"","MAPE","MSE","THEIL","BIAS","LOG.LIK","CONF","R2.ADJ","COMMON.TREND"
"1",19.7288515416063,19.7288515416063,19.7288515416063,19.7288515416063,19.6162954950474,19.7963907038787,19.7963907038787,19.7288515416063
"2",19.8250057644683,19.8250057644683,19.8250057644683,19.8250057644683,19.658231214956,19.9904301946421,19.9904301946421,19.8250057644683
"3",19.8407930159879,19.8407930159879,19.8407930159879,19.8407930159879,19.6382360727703,20.0954328996611,20.0954328996611,19.8407930159879
