"","MAPE","MSE","THEIL","BIAS","LOG.LIK","CONF","R2.ADJ","COMMON.TREND"
"Tipo.de.cambio",19.7288515416063,19.7288515416063,19.7288515416063,19.7288515416063,19.6162954950474,19.7963907038787,19.7963907038787,19.7288515416063
