"","MAPE","MSE","THEIL","BIAS","LOG.LIK","CONF","R2.ADJ","COMMON.TREND"
"Tipo.de.cambio",18.7311724126688,18.7311724126688,18.7311724126688,18.7311724126688,18.7311724126688,18.7334393896789,18.7334393896789,18.7334393896789
