"","MAPE","MSE","THEIL","BIAS","LOG.LIK","CONF","R2.ADJ","COMMON.TREND"
"Tipo.de.cambio",19.1709849005065,19.1709849005065,19.1709849005065,19.1709849005065,19.2536913735877,19.1593372974777,19.1593372974777,19.1593372974777
