"","MAPE","MSE","THEIL","BIAS","LOG.LIK","CONF","R2.ADJ","COMMON.TREND"
"1",22.0482418747467,22.0482418747467,22.0482418747467,22.0482418747467,22.0478631392708,22.0478631392708,22.0478631392708,22.0478631392708
"2",22.3371468258081,22.3371468258081,22.3371468258081,22.3371468258081,22.3640877904982,22.3640877904982,22.3640877904982,22.3640877904982
"3",22.4404882402381,22.4404882402381,22.4404882402381,22.4404882402381,22.4896937572478,22.4896937572478,22.4896937572478,22.4896937572478
