"","MAPE","MSE","THEIL","BIAS","LOG.LIK","CONF","R2.ADJ","COMMON.TREND"
"1",20.088619396514,20.088619396514,20.088619396514,20.088619396514,20.1216261424208,20.088619396514,20.088619396514,20.1216261424208
"2",20.0098616139155,20.0098616139155,20.0098616139155,20.0098616139155,20.0572806153949,20.0098616139155,20.0098616139155,20.0572806153949
"3",19.9401130282264,19.9401130282264,19.9401130282264,19.9401130282264,19.9969463333683,19.9401130282264,19.9401130282264,19.9969463333683
"4",19.8857226826289,19.8857226826289,19.8857226826289,19.8857226826289,19.9475641508832,19.8857226826289,19.8857226826289,19.9475641508832
"5",19.8434270641869,19.8434270641869,19.8434270641869,19.8434270641869,19.9110874302297,19.8434270641869,19.8434270641869,19.9110874302297
"6",19.8124281946091,19.8124281946091,19.8124281946091,19.8124281946091,19.8871859042745,19.8124281946091,19.8124281946091,19.8871859042745
