"","MAPE","MSE","THEIL","BIAS","LOG.LIK","CONF","R2.ADJ","COMMON.TREND"
"1",18.5853726497057,18.5853726497057,18.5853726497057,18.5853726497057,18.5853726497057,18.5853726497057,18.5853726497057,18.5853726497057
"2",18.5508496871492,18.5508496871492,18.5508496871492,18.5508496871492,18.5508496871492,18.5508496871492,18.5508496871492,18.5508496871492
"3",18.5383578091908,18.5383578091908,18.5383578091908,18.5383578091908,18.5383578091908,18.5383578091908,18.5383578091908,18.5383578091908
