"","MAPE","MSE","THEIL","BIAS","LOG.LIK","CONF","R2.ADJ","COMMON.TREND"
"1",20.5613510934762,20.5613510934762,20.5613510934762,20.635252699526,20.5613510934762,20.5613510934762,20.5613510934762,20.5613510934762
"2",20.6184376934179,20.6184376934179,20.6184376934179,20.7856920368005,20.6184376934179,20.6184376934179,20.6184376934179,20.6184376934179
"3",20.6173295718809,20.6173295718809,20.6173295718809,20.8768960463125,20.6173295718809,20.6173295718809,20.6173295718809,20.6173295718809
