"","MAPE","MSE","THEIL","BIAS","LOG.LIK","CONF","R2.ADJ","COMMON.TREND"
"1",20.5964000782806,20.5964000782806,20.5964000782806,20.5882594060671,20.5882594060671,20.5964000782806,20.5964000782806,20.5882594060671
"2",20.7008394890996,20.7008394890996,20.7008394890996,20.6911576374967,20.6911576374967,20.7008394890996,20.7008394890996,20.6911576374967
"3",20.7072944797224,20.7072944797224,20.7072944797224,20.7012839550064,20.7012839550064,20.7072944797224,20.7072944797224,20.7012839550064
"4",20.6775749857331,20.6775749857331,20.6775749857331,20.6766042960161,20.6766042960161,20.6775749857331,20.6775749857331,20.6766042960161
"5",20.6346487441575,20.6346487441575,20.6346487441575,20.6384091079517,20.6384091079517,20.6346487441575,20.6346487441575,20.6384091079517
"6",20.5905953803147,20.5905953803147,20.5905953803147,20.5978704826837,20.5978704826837,20.5905953803147,20.5905953803147,20.5978704826837
