"","MAPE","MSE","THEIL","BIAS","LOG.LIK","CONF","R2.ADJ","COMMON.TREND"
"1",18.1807524773307,18.1807524773307,18.1807524773307,18.1807524773307,18.1036533596855,18.1807524773307,18.1807524773307,18.1807524773307
"2",18.1090318148594,18.1090318148594,18.1090318148594,18.1090318148594,17.9308839383528,18.1090318148594,18.1090318148594,18.1090318148594
"3",18.1101868227435,18.1101868227435,18.1101868227435,18.1101868227435,17.812261476393,18.1101868227435,18.1101868227435,18.1101868227435
"4",18.1612395579444,18.1612395579444,18.1612395579444,18.1612395579444,17.734488834358,18.1612395579444,18.1612395579444,18.1612395579444
"5",18.240996960868,18.240996960868,18.240996960868,18.240996960868,17.6821483504126,18.240996960868,18.240996960868,18.240996960868
"6",18.3362362965759,18.3362362965759,18.3362362965759,18.3362362965759,17.6482449307026,18.3362362965759,18.3362362965759,18.3362362965759
