"","MAPE","MSE","THEIL","BIAS","LOG.LIK","CONF","R2.ADJ","COMMON.TREND"
"1",20.0707667787919,20.0707667787919,20.0707667787919,20.069016643138,20.069016643138,20.0511756694596,20.0511756694596,20.069016643138
"2",19.9648327143987,19.9648327143987,19.9648327143987,19.9618862892272,19.9618862892272,19.9604221114759,19.9604221114759,19.9618862892272
"3",19.8822668578973,19.8822668578973,19.8822668578973,19.879866007651,19.879866007651,19.867427245808,19.867427245808,19.879866007651
