"","MAPE","MSE","THEIL","BIAS","LOG.LIK","CONF","R2.ADJ","COMMON.TREND"
"1",20.2317684661699,20.2317684661699,20.2317684661699,20.2317684661699,20.2827326279845,20.2827326279845,20.2827326279845,20.2313938803318
"2",20.3483432666273,20.3483432666273,20.3483432666273,20.3483432666273,20.4338737941259,20.4338737941259,20.4338737941259,20.328715632398
"3",20.539857706456,20.539857706456,20.539857706456,20.539857706456,20.6507018184844,20.6507018184844,20.6507018184844,20.5008191546164
