"","MAPE","MSE","THEIL","BIAS","LOG.LIK","CONF","R2.ADJ","COMMON.TREND"
"1",18.0446392408182,18.0446392408182,18.0446392408182,18.1073078933873,18.1915853904847,18.0446392408182,18.0446392408182,18.0446392408182
"2",18.0534559349826,18.0534559349826,18.0534559349826,18.2320186955216,18.4219546604759,18.0534559349826,18.0534559349826,18.0534559349826
"3",18.1223635593244,18.1223635593244,18.1223635593244,18.4421042718086,18.7296631178059,18.1223635593244,18.1223635593244,18.1223635593244
