"","MAPE","MSE","THEIL","BIAS","LOG.LIK","CONF","R2.ADJ","COMMON.TREND"
"1",19.1522606497317,19.1522606497317,19.1522606497317,19.1522606497317,19.1751284940276,19.1751284940276,19.1751284940276,19.1751284940276
"2",19.1676410896893,19.1676410896893,19.1676410896893,19.1676410896893,19.1774227415146,19.1774227415146,19.1774227415146,19.1774227415146
"3",19.2175270593977,19.2175270593977,19.2175270593977,19.2175270593977,19.1958694663104,19.1958694663104,19.1958694663104,19.1958694663104
"4",19.2871684990654,19.2871684990654,19.2871684990654,19.2871684990654,19.2183531099184,19.2183531099184,19.2183531099184,19.2183531099184
"5",19.3717541449841,19.3717541449841,19.3717541449841,19.3717541449841,19.2517495964121,19.2517495964121,19.2517495964121,19.2517495964121
"6",19.46109016435,19.46109016435,19.46109016435,19.46109016435,19.2909564459774,19.2909564459774,19.2909564459774,19.2909564459774
