"","MAPE","MSE","THEIL","BIAS","LOG.LIK","CONF","R2.ADJ","COMMON.TREND"
"1",19.1770164113448,19.1770164113448,19.1770164113448,19.1770164113448,19.2508777899347,19.2508777899347,19.2508777899347,19.1246933663865
"2",19.2269313084151,19.2269313084151,19.2269313084151,19.2269313084151,19.366548121825,19.366548121825,19.366548121825,19.1210450732471
"3",19.4069489839266,19.4069489839266,19.4069489839266,19.4069489839266,19.584464096096,19.584464096096,19.584464096096,19.2305677470304
"4",19.6221477228362,19.6221477228362,19.6221477228362,19.6221477228362,19.8151614179248,19.8151614179248,19.8151614179248,19.3661131507562
"5",19.8297041351859,19.8297041351859,19.8297041351859,19.8297041351859,20.0253351631751,20.0253351631751,20.0253351631751,19.4932045792529
"6",20.0126287098986,20.0126287098986,20.0126287098986,20.0126287098986,20.2067037687776,20.2067037687776,20.2067037687776,19.5973584269559
