"","MAPE","MSE","THEIL","BIAS","LOG.LIK","CONF","R2.ADJ","COMMON.TREND"
"1",17.7320944505278,17.7320944505278,17.7320944505278,17.8645835665823,17.8112112052886,17.7320944505278,17.7320944505278,17.8112112052886
"2",17.6780937004439,17.6780937004439,17.6780937004439,17.9760430785849,17.8507526836935,17.6780937004439,17.6780937004439,17.8507526836935
"3",17.6790369163588,17.6790369163588,17.6790369163588,18.1741580593363,17.9570422325871,17.6790369163588,17.6790369163588,17.9570422325871
"4",17.7042918608689,17.7042918608689,17.7042918608689,18.4026047033415,18.0786042373414,17.7042918608689,17.7042918608689,18.0786042373414
"5",17.7385440501491,17.7385440501491,17.7385440501491,18.631706686641,18.1944842182904,17.7385440501491,17.7385440501491,18.1944842182904
"6",17.767845032959,17.767845032959,17.767845032959,18.8448121099167,18.2924505646847,17.767845032959,17.767845032959,18.2924505646847
