"","MAPE","MSE","THEIL","BIAS","LOG.LIK","CONF","R2.ADJ","COMMON.TREND"
"1",18.8214157678765,18.8214157678765,18.8214157678765,18.8142703249541,18.8214157678765,18.8214157678765,18.8142703249541,18.8214157678765
"2",18.7510368996691,18.7510368996691,18.7510368996691,18.7490043561863,18.7510368996691,18.7510368996691,18.7490043561863,18.7510368996691
"3",18.7847905580659,18.7847905580659,18.7847905580659,18.8034618142038,18.7847905580659,18.7847905580659,18.8034618142038,18.7847905580659
"4",18.8491296839595,18.8491296839595,18.8491296839595,18.904884982111,18.8491296839595,18.8491296839595,18.904884982111,18.8491296839595
"5",18.9299127981788,18.9299127981788,18.9299127981788,19.0319662571646,18.9299127981788,18.9299127981788,19.0319662571646,18.9299127981788
"6",19.0154431043325,19.0154431043325,19.0154431043325,19.1666316545047,19.0154431043325,19.0154431043325,19.1666316545047,19.0154431043325
