"","MAPE","MSE","THEIL","BIAS","LOG.LIK","CONF","R2.ADJ","COMMON.TREND"
"1",18.8688950061266,18.8688950061266,18.8688950061266,18.8688950061266,18.9052934878009,18.7963519564833,18.7963519564833,18.7963519564833
"2",19.0744248327341,19.0744248327341,19.0744248327341,19.0744248327341,19.1387191727554,18.914681535719,18.914681535719,18.914681535719
"3",19.3042314211705,19.3042314211705,19.3042314211705,19.3042314211705,19.3766064594572,19.0293603022905,19.0293603022905,19.0293603022905
