"","MAPE","MSE","THEIL","BIAS","LOG.LIK","CONF","R2.ADJ","COMMON.TREND"
"1",20.5407793354222,20.5407793354222,20.5407793354222,20.6060804140994,20.5407793354222,20.5407793354222,20.5407793354222,20.5407793354222
"2",20.555916848491,20.555916848491,20.555916848491,20.7224852024418,20.555916848491,20.555916848491,20.555916848491,20.555916848491
"3",20.5121789990271,20.5121789990271,20.5121789990271,20.7852577653433,20.5121789990271,20.5121789990271,20.5121789990271,20.5121789990271
