"","MAPE","MSE","THEIL","BIAS","LOG.LIK","CONF","R2.ADJ","COMMON.TREND"
"1",17.94021248126,17.94021248126,17.94021248126,17.94021248126,17.8569433000126,17.8237546302809,17.94021248126,17.8569433000126
"2",18.1542436916603,18.1542436916603,18.1542436916603,18.1542436916603,17.9634450939872,17.8749358295717,18.1542436916603,17.9634450939872
"3",18.3986495435236,18.3986495435236,18.3986495435236,18.3986495435236,18.0898104887581,17.9426865501321,18.3986495435236,18.0898104887581
"4",18.6370716643918,18.6370716643918,18.6370716643918,18.6370716643918,18.2070840451148,18.0045952570198,18.6370716643918,18.2070840451148
"5",18.8542856148408,18.8542856148408,18.8542856148408,18.8542856148408,18.3063841645367,18.0537108943972,18.8542856148408,18.3063841645367
"6",19.0405065755337,19.0405065755337,19.0405065755337,19.0405065755337,18.3823299632579,18.0847401128063,19.0405065755337,18.3823299632579
