"","MAPE","MSE","THEIL","BIAS","LOG.LIK","CONF","R2.ADJ","COMMON.TREND"
"1",18.4360512562242,18.4360512562242,18.4360512562242,18.4360512562242,18.4220075618165,18.4360512562242,18.4360512562242,18.4360512562242
"2",18.3319010900032,18.3319010900032,18.3319010900032,18.3319010900032,18.3075989383529,18.3319010900032,18.3319010900032,18.3319010900032
"3",18.3320910503476,18.3320910503476,18.3320910503476,18.3320910503476,18.3109165464062,18.3320910503476,18.3320910503476,18.3320910503476
