"","MAPE","MSE","THEIL","BIAS","LOG.LIK","CONF","R2.ADJ","COMMON.TREND"
"1",18.3811406342202,18.3811406342202,18.363072830293,18.363072830293,18.363072830293,18.363072830293,18.363072830293,18.3811406342202
"2",18.2444491498829,18.2444491498829,18.1914566121374,18.1914566121374,18.1914566121374,18.1914566121374,18.1914566121374,18.2444491498829
"3",18.3400952421696,18.3400952421696,18.2520366535736,18.2520366535736,18.2520366535736,18.2520366535736,18.2520366535736,18.3400952421696
