"","MAPE","MSE","THEIL","BIAS","LOG.LIK","CONF","R2.ADJ","COMMON.TREND"
"1",18.3811406342202,18.3811406342202,18.363072830293,18.363072830293,18.363072830293,18.363072830293,18.363072830293,18.3811406342202
"2",18.2444491498829,18.2444491498829,18.1914566121374,18.1914566121374,18.1914566121374,18.1914566121374,18.1914566121374,18.2444491498829
"3",18.3400952421696,18.3400952421696,18.2520366535736,18.2520366535736,18.2520366535736,18.2520366535736,18.2520366535736,18.3400952421696
"4",18.53106609808,18.53106609808,18.4071414347974,18.4071414347974,18.4071414347974,18.4071414347974,18.4071414347974,18.53106609808
"5",18.7342246841367,18.7342246841367,18.5759298712111,18.5759298712111,18.5759298712111,18.5759298712111,18.5759298712111,18.7342246841367
"6",18.9254703193129,18.9254703193129,18.7339460973001,18.7339460973001,18.7339460973001,18.7339460973001,18.7339460973001,18.9254703193129
