"","MAPE","MSE","THEIL","BIAS","LOG.LIK","CONF","R2.ADJ","COMMON.TREND"
"Tipo.de.cambio",19.706591865873,19.706591865873,19.706591865873,19.706591865873,19.706591865873,19.706591865873,19.706591865873,19.706591865873
