"","MAPE","MSE","THEIL","BIAS","LOG.LIK","CONF","R2.ADJ","COMMON.TREND"
"Tipo.de.cambio",20.5407793354222,20.5407793354222,20.5407793354222,20.6060804140994,20.5407793354222,20.5407793354222,20.5407793354222,20.5407793354222
