"","MAPE","MSE","THEIL","BIAS","LOG.LIK","CONF","R2.ADJ","COMMON.TREND"
"1",19.1231392550051,19.1231392550051,19.1231392550051,19.1231392550051,19.1231392550051,19.0160318364031,19.1295072466422,19.1231392550051
"2",19.3893369891731,19.3893369891731,19.3893369891731,19.3893369891731,19.3893369891731,19.1717571146493,19.4081841682297,19.3893369891731
"3",19.5786076185261,19.5786076185261,19.5786076185261,19.5786076185261,19.5786076185261,19.2401438016334,19.6103903179787,19.5786076185261
