"","MAPE","MSE","THEIL","BIAS","LOG.LIK","CONF","R2.ADJ","COMMON.TREND"
"1",18.5515777588681,18.5515777588681,18.5515777588681,18.5515777588681,18.5789598187274,18.5789598187274,18.5789598187274,18.4777386371963
"2",18.5270269568034,18.5270269568034,18.5270269568034,18.5270269568034,18.5689203582774,18.5689203582774,18.5689203582774,18.3473457006576
"3",18.6248812134495,18.6248812134495,18.6248812134495,18.6248812134495,18.6478947177395,18.6478947177395,18.6478947177395,18.3233155675111
