"","MAPE","MSE","THEIL","BIAS","LOG.LIK","CONF","R2.ADJ","COMMON.TREND"
"1",22.0847494326766,22.0847494326766,22.0847494326766,22.0847494326766,22.0835247730496,22.0693029953943,22.0835247730496,22.0835247730496
"2",22.3622155934678,22.3622155934678,22.3622155934678,22.3622155934678,22.4319293783834,22.4027762976475,22.4319293783834,22.4319293783834
"3",22.4607680162562,22.4607680162562,22.4607680162562,22.4607680162562,22.6191444236962,22.5790284465843,22.6191444236962,22.6191444236962
