"","MAPE","MSE","THEIL","BIAS","LOG.LIK","CONF","R2.ADJ","COMMON.TREND"
"1",18.5734545629614,18.5734545629614,18.5734545629614,18.5734545629614,18.447060932099,18.5734545629614,18.5734545629614,18.5734545629614
"2",18.5212720373119,18.5212720373119,18.5212720373119,18.5212720373119,18.2481112725802,18.5212720373119,18.5212720373119,18.5212720373119
"3",18.5045251559098,18.5045251559098,18.5045251559098,18.5045251559098,18.0761311143597,18.5045251559098,18.5045251559098,18.5045251559098
"4",18.5389964338455,18.5389964338455,18.5389964338455,18.5389964338455,17.9630778118595,18.5389964338455,18.5389964338455,18.5389964338455
"5",18.6046166950359,18.6046166950359,18.6046166950359,18.6046166950359,17.8842039076301,18.6046166950359,18.6046166950359,18.6046166950359
"6",18.6882855128582,18.6882855128582,18.6882855128582,18.6882855128582,17.8320935425071,18.6882855128582,18.6882855128582,18.6882855128582
