"","MAPE","MSE","THEIL","BIAS","LOG.LIK","CONF","R2.ADJ","COMMON.TREND"
"1",100.914813916288,100.914813916288,100.914813916288,100.914813916288,100.960934612116,100.914813916288,100.914813916288,100.914813916288
"2",101.200700899432,101.200700899432,101.200700899432,101.200700899432,101.432000459625,101.200700899432,101.200700899432,101.200700899432
"3",101.296586311793,101.296586311793,101.296586311793,101.296586311793,101.88549016338,101.296586311793,101.296586311793,101.296586311793
