"","MAPE","MSE","THEIL","BIAS","LOG.LIK","CONF","R2.ADJ","COMMON.TREND"
"1",103.373883608368,103.373883608368,103.373883608368,103.189376496762,103.287791935309,103.189376496762,103.189376496762,103.189376496762
"2",103.601676905435,103.601676905435,103.601676905435,103.12865405958,103.412570739156,103.12865405958,103.12865405958,103.12865405958
"3",103.905115242256,103.905115242256,103.905115242256,103.128221458272,103.592698902701,103.128221458272,103.128221458272,103.128221458272
"4",104.2984103116,104.2984103116,104.2984103116,103.225479365976,103.852242283094,103.225479365976,103.225479365976,103.225479365976
"5",104.761551061779,104.761551061779,104.761551061779,103.429103899548,104.177699020224,103.429103899548,103.429103899548,103.429103899548
"6",105.260418357384,105.260418357384,105.260418357384,103.713843477459,104.540212994464,103.713843477459,103.713843477459,103.713843477459
