"","MAPE","MSE","THEIL","BIAS","LOG.LIK","CONF","R2.ADJ","COMMON.TREND"
"1",94.1224435200917,94.1224435200917,94.1224435200917,94.3221382637256,94.3221382637256,94.1224435200917,94.1224435200917,94.1224435200917
"2",93.9981720786899,93.9981720786899,93.9981720786899,94.4493996802633,94.4493996802633,93.9981720786899,93.9981720786899,93.9981720786899
"3",93.9496900650598,93.9496900650598,93.9496900650598,94.636313959022,94.636313959022,93.9496900650598,93.9496900650598,93.9496900650598
"4",93.9790762818158,93.9790762818158,93.9790762818158,94.8233637193897,94.8233637193897,93.9790762818158,93.9790762818158,93.9790762818158
"5",94.0767163686067,94.0767163686067,94.0767163686067,94.9880061467061,94.9880061467061,94.0767163686067,94.0767163686067,94.0767163686067
"6",94.244830080536,94.244830080536,94.244830080536,95.1444851258327,95.1444851258327,94.244830080536,94.244830080536,94.244830080536
