"","MAPE","MSE","THEIL","BIAS","LOG.LIK","CONF","R2.ADJ","COMMON.TREND"
"1",97.6535771759825,97.6535771759825,97.6535771759825,97.6535771759825,97.1069984528553,97.6535771759825,97.6535771759825,97.3999520458052
"2",98.2204227819639,98.2204227819639,98.2204227819639,98.2204227819639,96.9418289717111,98.2204227819639,98.2204227819639,97.5946147966128
"3",98.9281088643336,98.9281088643336,98.9281088643336,98.9281088643336,96.9199523525991,98.9281088643336,98.9281088643336,97.9329007809973
"4",99.5204399876358,99.5204399876358,99.5204399876358,99.5204399876358,96.9765708287906,99.5204399876358,99.5204399876358,98.2837021902836
"5",99.9301717949001,99.9301717949001,99.9301717949001,99.9301717949001,97.0140081071585,99.9301717949001,99.9301717949001,98.5621607892949
"6",100.19888141643,100.19888141643,100.19888141643,100.19888141643,97.0197658571813,100.19888141643,100.19888141643,98.7771034578103
