"","MAPE","MSE","THEIL","BIAS","LOG.LIK","CONF","R2.ADJ","COMMON.TREND"
"1",97.2180692844112,97.2180692844112,97.2180692844112,97.2180692844112,97.1070362565515,97.236596293686,97.236596293686,97.2180692844112
"2",97.7931192608746,97.7931192608746,97.7931192608746,97.7931192608746,97.543779114577,97.8304440300584,97.8304440300584,97.7931192608746
"3",98.1938840186899,98.1938840186899,98.1938840186899,98.1938840186899,97.7719828789166,98.225212782791,98.225212782791,98.1938840186899
