"","MAPE","MSE","THEIL","BIAS","LOG.LIK","CONF","R2.ADJ","COMMON.TREND"
"1",100.334073047843,100.334073047843,100.334073047843,100.368646447557,100.368646447557,100.334073047843,100.334073047843,100.334073047843
"2",100.697999682846,100.697999682846,100.697999682846,100.77702563754,100.77702563754,100.697999682846,100.697999682846,100.697999682846
"3",101.057631342579,101.057631342579,101.057631342579,101.214257653588,101.214257653588,101.057631342579,101.057631342579,101.057631342579
