"","MAPE","MSE","THEIL","BIAS","LOG.LIK","CONF","R2.ADJ","COMMON.TREND"
"1",100.9202847575,100.9202847575,100.9202847575,100.9202847575,100.993371628671,100.9202847575,100.9202847575,100.9202847575
"2",101.22651725482,101.22651725482,101.22651725482,101.22651725482,101.458571311302,101.22651725482,101.22651725482,101.22651725482
"3",101.455677064625,101.455677064625,101.455677064625,101.455677064625,101.913013140561,101.455677064625,101.455677064625,101.455677064625
