"","MAPE","MSE","THEIL","BIAS","LOG.LIK","CONF","R2.ADJ","COMMON.TREND"
"1",99.0050165763992,99.0050165763992,99.0050165763992,98.8130036975379,98.8130036975379,98.8130036975379,99.0050165763992,98.8130036975379
"2",99.3286034410717,99.3286034410717,99.3286034410717,98.9651724405826,98.9651724405826,98.9651724405826,99.3286034410717,98.9651724405826
"3",99.7669569523599,99.7669569523599,99.7669569523599,99.1704456692588,99.1704456692588,99.1704456692588,99.7669569523599,99.1704456692588
"4",100.247042903681,100.247042903681,100.247042903681,99.3978021935515,99.3978021935515,99.3978021935515,100.247042903681,99.3978021935515
"5",100.768627926662,100.768627926662,100.768627926662,99.649719744325,99.649719744325,99.649719744325,100.768627926662,99.649719744325
"6",101.299720242194,101.299720242194,101.299720242194,99.9134333270509,99.9134333270509,99.9134333270509,101.299720242194,99.9134333270509
