"","MAPE","MSE","THEIL","BIAS","LOG.LIK","CONF","R2.ADJ","COMMON.TREND"
"Centro.sur",93.6191595368486,93.6191595368486,93.6191595368486,93.6191595368486,93.5679206623902,93.5855209920259,93.5855209920259,93.5679206623902
