"","MAPE","MSE","THEIL","BIAS","LOG.LIK","CONF","R2.ADJ","COMMON.TREND"
"1",101.998385450046,101.998385450046,101.998385450046,101.963399877646,101.998385450046,101.963399877646,101.998385450046,101.963399877646
"2",102.382752957526,102.382752957526,102.382752957526,102.305597347193,102.382752957526,102.305597347193,102.382752957526,102.305597347193
"3",102.760892629667,102.760892629667,102.760892629667,102.633427064356,102.760892629667,102.633427064356,102.760892629667,102.633427064356
