"","MAPE","MSE","THEIL","BIAS","LOG.LIK","CONF","R2.ADJ","COMMON.TREND"
"1",98.4129066426391,98.4129066426391,98.4129066426391,98.9426473972012,98.6624330010648,98.4129066426391,98.4129066426391,98.6624330010648
"2",98.8870765758037,98.8870765758037,98.8870765758037,99.3215314725189,98.7162845671572,98.8870765758037,98.8870765758037,98.7162845671572
"3",98.8876442634057,98.8876442634057,98.8876442634057,99.3339976010087,98.4004777332642,98.8876442634057,98.8876442634057,98.4004777332642
"4",98.9679905044349,98.9679905044349,98.9679905044349,99.4707418718451,98.2787583489848,98.9679905044349,98.9679905044349,98.2787583489848
"5",99.2338589691768,99.2338589691768,99.2338589691768,99.7751334683007,98.3860845012189,99.2338589691768,99.2338589691768,98.3860845012189
"6",99.5526518270517,99.5526518270517,99.5526518270517,100.131767373455,98.581109648171,99.5526518270517,99.5526518270517,98.581109648171
