"","MAPE","MSE","THEIL","BIAS","LOG.LIK","CONF","R2.ADJ","COMMON.TREND"
"1",94.8167886753395,94.8167886753395,94.8167886753395,94.8167886753395,94.8167886753395,94.8347651710686,94.8347651710686,94.8347651710686
"2",95.0793569526024,95.0793569526024,95.0793569526024,95.0793569526024,95.0793569526024,95.1061197796116,95.1061197796116,95.1061197796116
"3",95.338174262852,95.338174262852,95.338174262852,95.338174262852,95.338174262852,95.3675896196629,95.3675896196629,95.3675896196629
