"","MAPE","MSE","THEIL","BIAS","LOG.LIK","CONF","R2.ADJ","COMMON.TREND"
"1",101.439105440559,101.439105440559,101.439105440559,101.439105440559,101.492869919339,101.439105440559,101.439105440559,101.439105440559
"2",101.756565744701,101.756565744701,101.756565744701,101.756565744701,101.895961122805,101.756565744701,101.756565744701,101.756565744701
"3",102.070927451994,102.070927451994,102.070927451994,102.070927451994,102.308544778222,102.070927451994,102.070927451994,102.070927451994
"4",102.381526329305,102.381526329305,102.381526329305,102.381526329305,102.726126574777,102.381526329305,102.381526329305,102.381526329305
"5",102.689511125544,102.689511125544,102.689511125544,102.689511125544,103.145396722967,102.689511125544,102.689511125544,102.689511125544
"6",102.999542595526,102.999542595526,102.999542595526,102.999542595526,103.56866861035,102.999542595526,102.999542595526,102.999542595526
