"","MAPE","MSE","THEIL","BIAS","LOG.LIK","CONF","R2.ADJ","COMMON.TREND"
"Sur",98.3770952128065,98.3770952128065,98.3770952128065,98.3770952128065,98.4286648540367,98.2856532773098,98.2856532773098,98.2856532773098
