"","MAPE","MSE","THEIL","BIAS","LOG.LIK","CONF","R2.ADJ","COMMON.TREND"
"1",97.1224556585531,96.387821242505,96.387821242505,96.387821242505,97.073492003164,96.387821242505,96.387821242505,97.073492003164
"2",97.0108669958214,95.005303705187,95.005303705187,95.005303705187,96.8853929127843,95.005303705187,95.005303705187,96.8853929127843
"3",96.898150038137,93.7985569317085,93.7985569317085,93.7985569317085,96.6995597545692,93.7985569317085,93.7985569317085,96.6995597545692
