"","MAPE","MSE","THEIL","BIAS","LOG.LIK","CONF","R2.ADJ","COMMON.TREND"
"Mexico",95.8392318030187,95.8392318030187,95.8392318030187,95.8619911590913,95.8392318030187,95.8619911590913,95.8619911590913,95.8392318030187
