"","MAPE","MSE","THEIL","BIAS","LOG.LIK","CONF","R2.ADJ","COMMON.TREND"
"Noroeste",96.2212388702016,96.2212388702016,96.2212388702016,96.2212388702016,94.6598257444811,96.2212388702016,96.2212388702016,94.6598257444811
