"","MAPE","MSE","THEIL","BIAS","LOG.LIK","CONF","R2.ADJ","COMMON.TREND"
"1",94.1224435200917,94.1224435200917,94.1224435200917,94.3221382637256,94.3221382637256,94.1224435200917,94.1224435200917,94.1224435200917
"2",93.9981720786899,93.9981720786899,93.9981720786899,94.4493996802633,94.4493996802633,93.9981720786899,93.9981720786899,93.9981720786899
"3",93.9496900650598,93.9496900650598,93.9496900650598,94.636313959022,94.636313959022,93.9496900650598,93.9496900650598,93.9496900650598
