"","MAPE","MSE","THEIL","BIAS","LOG.LIK","CONF","R2.ADJ","COMMON.TREND"
"Mexico",93.9375478030955,93.9375478030955,93.9375478030955,93.9375478030955,93.9476439758697,93.9375478030955,93.9375478030955,93.9476439758697
