"","MAPE","MSE","THEIL","BIAS","LOG.LIK","CONF","R2.ADJ","COMMON.TREND"
"Nacional",99.070791623447,99.070791623447,99.070791623447,99.070791623447,99.070791623447,98.9544875004751,98.9544875004751,98.9544875004751
