"","MAPE","MSE","THEIL","BIAS","LOG.LIK","CONF","R2.ADJ","COMMON.TREND"
"1",96.0204278632365,96.0204278632365,96.0204278632365,96.0204278632365,96.0368619796514,96.0204278632365,96.0204278632365,96.0204278632365
"2",96.3373694561533,96.3373694561533,96.3373694561533,96.3373694561533,96.3484477005475,96.3373694561533,96.3373694561533,96.3373694561533
"3",96.6796081522593,96.6796081522593,96.6796081522593,96.6796081522593,96.6859867224454,96.6796081522593,96.6796081522593,96.6796081522593
"4",97.0150547135642,97.0150547135642,97.0150547135642,97.0150547135642,97.0143212958954,97.0150547135642,97.0150547135642,97.0150547135642
"5",97.346750829511,97.346750829511,97.346750829511,97.346750829511,97.3423494417485,97.346750829511,97.346750829511,97.346750829511
"6",97.6681326529039,97.6681326529039,97.6681326529039,97.6681326529039,97.6627417034885,97.6681326529039,97.6681326529039,97.6681326529039
