"","MAPE","MSE","THEIL","BIAS","LOG.LIK","CONF","R2.ADJ","COMMON.TREND"
"1",98.7707122189037,98.7707122189037,98.7707122189037,98.7885365064158,98.7885365064158,98.7210103421235,98.7210103421235,98.7210103421235
"2",98.7069663803978,98.7069663803978,98.7069663803978,98.7250933580839,98.7250933580839,98.7122619288825,98.7122619288825,98.7122619288825
"3",98.8147815702354,98.8147815702354,98.8147815702354,98.8395925496166,98.8395925496166,98.8493184678767,98.8493184678767,98.8493184678767
