"","MAPE","MSE","THEIL","BIAS","LOG.LIK","CONF","R2.ADJ","COMMON.TREND"
"1",92.6985639047924,92.7338816107392,92.7338816107392,92.6985639047924,92.7165247252168,92.7338816107392,92.7338816107392,92.7165247252168
"2",92.9363888397097,92.9631767131281,92.9631767131281,92.9363888397097,92.982534965669,92.9631767131281,92.9631767131281,92.982534965669
"3",93.1670401087798,93.172761632086,93.172761632086,93.1670401087798,93.2385920610574,93.172761632086,93.172761632086,93.2385920610574
"4",93.449970838051,93.4342668612865,93.4342668612865,93.449970838051,93.5410616035387,93.4342668612865,93.4342668612865,93.5410616035387
"5",93.7467067070109,93.7168255455535,93.7168255455535,93.7467067070109,93.8601144474356,93.7168255455535,93.7168255455535,93.8601144474356
"6",94.0340366935222,93.9977293350968,93.9977293350968,94.0340366935222,94.1784133619105,93.9977293350968,93.9977293350968,94.1784133619105
