"","MAPE","MSE","THEIL","BIAS","LOG.LIK","CONF","R2.ADJ","COMMON.TREND"
"Sur",98.4880411617365,98.4880411617365,98.4880411617365,98.4880411617365,98.5252741493997,98.332782391482,98.332782391482,98.4880411617365
