"","MAPE","MSE","THEIL","BIAS","LOG.LIK","CONF","R2.ADJ","COMMON.TREND"
"1",99.6525164105934,99.5885901948352,99.5885901948352,99.6525164105934,99.6525164105934,99.5885901948352,99.5885901948352,99.6525164105934
"2",99.9476163954078,99.818316883626,99.818316883626,99.9476163954078,99.9476163954078,99.818316883626,99.818316883626,99.9476163954078
"3",100.287439185213,100.058136447344,100.058136447344,100.287439185213,100.287439185213,100.058136447344,100.058136447344,100.287439185213
"4",100.666734031585,100.317184662033,100.317184662033,100.666734031585,100.666734031585,100.317184662033,100.317184662033,100.666734031585
"5",101.074494450418,100.587190253596,100.587190253596,101.074494450418,101.074494450418,100.587190253596,100.587190253596,101.074494450418
"6",101.498970574666,100.862324816773,100.862324816773,101.498970574666,101.498970574666,100.862324816773,100.862324816773,101.498970574666
