"","MAPE","MSE","THEIL","BIAS","LOG.LIK","CONF","R2.ADJ","COMMON.TREND"
"Nacional",102.95671890155,102.95671890155,102.95671890155,102.935850613267,102.95671890155,102.830426026837,102.830426026837,102.830426026837
