"","MAPE","MSE","THEIL","BIAS","LOG.LIK","CONF","R2.ADJ","COMMON.TREND"
"1",104.059468549077,104.059468549077,104.059468549077,104.059468549077,104.290477737986,104.059468549077,104.059468549077,104.059468549077
"2",103.577080126192,103.577080126192,103.577080126192,103.577080126192,104.497840253378,103.577080126192,103.577080126192,103.577080126192
"3",103.546277174692,103.546277174692,103.546277174692,103.546277174692,105.13288815093,103.546277174692,103.546277174692,103.546277174692
"4",103.748438342642,103.748438342642,103.748438342642,103.748438342642,105.795769991659,103.748438342642,103.748438342642,103.748438342642
"5",104.130069469027,104.130069469027,104.130069469027,104.130069469027,106.426425291389,104.130069469027,104.130069469027,104.130069469027
"6",104.578373810195,104.578373810195,104.578373810195,104.578373810195,106.976703946416,104.578373810195,104.578373810195,104.578373810195
