"","MAPE","MSE","THEIL","BIAS","LOG.LIK","CONF","R2.ADJ","COMMON.TREND"
"1",102.540470413474,102.540470413474,102.540470413474,103.14088583219,103.120528967551,102.540470413474,102.540470413474,103.120528967551
"2",100.534728145442,100.534728145442,100.534728145442,102.675941661452,102.665207484134,100.534728145442,100.534728145442,102.665207484134
"3",99.1791565190372,99.1791565190372,99.1791565190372,103.114954824989,103.089415722781,99.1791565190372,99.1791565190372,103.089415722781
"4",98.4726189653456,98.4726189653456,98.4726189653456,103.545271610675,103.581187301516,98.4726189653456,98.4726189653456,103.581187301516
"5",98.3219618971432,98.3219618971432,98.3219618971432,103.965512354627,104.059658089556,98.3219618971432,98.3219618971432,104.059658089556
"6",98.5208210058375,98.5208210058375,98.5208210058375,104.323908372391,104.503262108618,98.5208210058375,98.5208210058375,104.503262108618
