"","MAPE","MSE","THEIL","BIAS","LOG.LIK","CONF","R2.ADJ","COMMON.TREND"
"1",101.199941360372,101.199941360372,101.199941360372,101.199941360372,101.296798456224,101.199941360372,101.199941360372,101.199941360372
"2",101.486786547947,101.486786547947,101.486786547947,101.486786547947,101.725543809382,101.486786547947,101.486786547947,101.486786547947
"3",101.748701405972,101.748701405972,101.748701405972,101.748701405972,102.192012518094,101.748701405972,101.748701405972,101.748701405972
"4",101.978695473949,101.978695473949,101.978695473949,101.978695473949,102.668481991841,101.978695473949,101.978695473949,101.978695473949
"5",102.183194120715,102.183194120715,102.183194120715,102.183194120715,103.137395796389,102.183194120715,102.183194120715,102.183194120715
"6",102.373950116916,102.373950116916,102.373950116916,102.373950116916,103.589883482738,102.373950116916,102.373950116916,102.373950116916
