"","MAPE","MSE","THEIL","BIAS","LOG.LIK","CONF","R2.ADJ","COMMON.TREND"
"Sur",96.3228934593929,96.3228934593929,96.3228934593929,96.2425818897429,96.1344536213296,96.3228934593929,96.3228934593929,96.1344536213296
