"","MAPE","MSE","THEIL","BIAS","LOG.LIK","CONF","R2.ADJ","COMMON.TREND"
"1",103.756703201723,103.756703201723,103.756703201723,103.756703201723,103.756703201723,103.659294681031,103.659294681031,103.659294681031
"2",104.0378545584,104.0378545584,104.0378545584,104.0378545584,104.0378545584,103.743813408831,103.743813408831,103.743813408831
"3",104.373991585887,104.373991585887,104.373991585887,104.373991585887,104.373991585887,103.821851769113,103.821851769113,103.821851769113
