"","MAPE","MSE","THEIL","BIAS","LOG.LIK","CONF","R2.ADJ","COMMON.TREND"
"1",94.1224435201995,94.1224435201995,94.1224435201995,94.1224435201995,94.3221382637255,94.1224435201995,94.1224435201995,94.1224435201995
"2",93.9981720789585,93.9981720789585,93.9981720789585,93.9981720789585,94.4493996802632,93.9981720789585,93.9981720789585,93.9981720789585
"3",93.9496900653669,93.9496900653669,93.9496900653669,93.9496900653669,94.636313959022,93.9496900653669,93.9496900653669,93.9496900653669
"4",93.9790762822723,93.9790762822723,93.9790762822723,93.9790762822723,94.8233637193895,93.9790762822723,93.9790762822723,93.9790762822723
"5",94.0767163690951,94.0767163690951,94.0767163690951,94.0767163690951,94.9880061467056,94.0767163690951,94.0767163690951,94.0767163690951
"6",94.2448300807286,94.2448300807286,94.2448300807286,94.2448300807286,95.144485125832,94.2448300807286,94.2448300807286,94.2448300807286
