"","MAPE","MSE","THEIL","BIAS","LOG.LIK","CONF","R2.ADJ","COMMON.TREND"
"1",102.882408591501,102.882408591501,102.882408591501,102.7976897753,102.882408591501,102.7976897753,102.7976897753,102.7976897753
"2",103.302857286847,103.302857286847,103.302857286847,103.058045748184,103.302857286847,103.058045748184,103.058045748184,103.058045748184
"3",103.637135904235,103.637135904235,103.637135904235,103.212195011769,103.637135904235,103.212195011769,103.212195011769,103.212195011769
"4",103.926900060829,103.926900060829,103.926900060829,103.328328887495,103.926900060829,103.328328887495,103.328328887495,103.328328887495
"5",104.194105490668,104.194105490668,104.194105490668,103.44712269156,104.194105490668,103.44712269156,103.44712269156,103.44712269156
"6",104.451381880136,104.451381880136,104.451381880136,103.587643102237,104.451381880136,103.587643102237,103.587643102237,103.587643102237
