"","MAPE","MSE","THEIL","BIAS","LOG.LIK","CONF","R2.ADJ","COMMON.TREND"
"1",103.486166608463,103.486166608463,103.486166608463,103.384254570225,103.486166608463,103.384254570225,103.384254570225,103.384254570225
"2",103.760997810751,103.760997810751,103.760997810751,103.499038705383,103.760997810751,103.499038705383,103.499038705383,103.499038705383
"3",103.95182030632,103.95182030632,103.95182030632,103.501999524644,103.95182030632,103.501999524644,103.501999524644,103.501999524644
"4",104.127276519129,104.127276519129,104.127276519129,103.484311507505,104.127276519129,103.484311507505,103.484311507505,103.484311507505
"5",104.329927783846,104.329927783846,104.329927783846,103.496854506245,104.329927783846,103.496854506245,103.496854506245,103.496854506245
"6",104.574667637474,104.574667637474,104.574667637474,103.557580339003,104.574667637474,103.557580339003,103.557580339003,103.557580339003
