"","MAPE","MSE","THEIL","BIAS","LOG.LIK","CONF","R2.ADJ","COMMON.TREND"
"Noreste",99.2182975762767,99.2182975762767,99.2182975762767,99.2182975762767,99.3573683249332,98.9625868017578,98.9625868017578,98.9625868017578
