"","MAPE","MSE","THEIL","BIAS","LOG.LIK","CONF","R2.ADJ","COMMON.TREND"
"1",94.8001723481285,94.8001723481285,94.8001723481285,94.8001723481285,94.7789073970328,94.8001723481285,94.8001723481285,94.7789073970328
"2",95.0963379789248,95.0963379789248,95.0963379789248,95.0963379789248,94.9920045480896,95.0963379789248,95.0963379789248,94.9920045480896
"3",95.3888034356744,95.3888034356744,95.3888034356744,95.3888034356744,95.1200855414057,95.3888034356744,95.3888034356744,95.1200855414057
