"","MAPE","MSE","THEIL","BIAS","LOG.LIK","CONF","R2.ADJ","COMMON.TREND"
"1",96.8277040815722,96.8277040815722,96.8277040815722,96.8277040815722,96.8479467727409,96.8277040815722,96.8277040815722,96.8277040815722
"2",97.0975652946263,97.0975652946263,97.0975652946263,97.0975652946263,97.1942495152999,97.0975652946263,97.0975652946263,97.0975652946263
"3",97.3187375814269,97.3187375814269,97.3187375814269,97.3187375814269,97.4641000663435,97.3187375814269,97.3187375814269,97.3187375814269
"4",97.569115840358,97.569115840358,97.569115840358,97.569115840358,97.772363183868,97.569115840358,97.569115840358,97.569115840358
"5",97.8127705881952,97.8127705881952,97.8127705881952,97.8127705881952,98.0621967774121,97.8127705881952,97.8127705881952,97.8127705881952
"6",98.0652072461289,98.0652072461289,98.0652072461289,98.0652072461289,98.3579664821354,98.0652072461289,98.0652072461289,98.0652072461289
