"","MAPE","MSE","THEIL","BIAS","LOG.LIK","CONF","R2.ADJ","COMMON.TREND"
"1",99.188388999707,99.188388999707,99.188388999707,99.188388999707,99.1470887432664,99.1307546539164,99.1307546539164,99.1307546539164
"2",99.6134856851425,99.6134856851425,99.6134856851425,99.6134856851425,99.5292846680729,99.4616465520376,99.4616465520376,99.4616465520376
"3",100.044233061076,100.044233061076,100.044233061076,100.044233061076,99.9201881754164,99.776187344825,99.776187344825,99.776187344825
"4",100.482720579007,100.482720579007,100.482720579007,100.482720579007,100.322932152117,100.087462768695,100.087462768695,100.087462768695
"5",100.926574470365,100.926574470365,100.926574470365,100.926574470365,100.739185205372,100.397909483693,100.397909483693,100.397909483693
"6",101.369820995246,101.369820995246,101.369820995246,101.369820995246,101.163307937548,100.706168466825,100.706168466825,100.706168466825
