"","MAPE","MSE","THEIL","BIAS","LOG.LIK","CONF","R2.ADJ","COMMON.TREND"
"1",100.77205421342,100.77205421342,100.77205421342,100.77205421342,100.776309725835,100.77205421342,100.77205421342,100.77205421342
"2",100.955745942684,100.955745942684,100.955745942684,100.955745942684,101.020352982401,100.955745942684,100.955745942684,100.955745942684
"3",101.136477373511,101.136477373511,101.136477373511,101.136477373511,101.281514664855,101.136477373511,101.136477373511,101.136477373511
"4",101.317752343809,101.317752343809,101.317752343809,101.317752343809,101.572950611566,101.317752343809,101.317752343809,101.317752343809
"5",101.511018657081,101.511018657081,101.511018657081,101.511018657081,101.886879400011,101.511018657081,101.511018657081,101.511018657081
"6",101.708128904953,101.708128904953,101.708128904953,101.708128904953,102.207115801954,101.708128904953,101.708128904953,101.708128904953
