"","MAPE","MSE","THEIL","BIAS","LOG.LIK","CONF","R2.ADJ","COMMON.TREND"
"1",99.0329455146207,98.9597317593376,98.9597317593376,98.9597317593376,99.0329455146207,98.9597317593376,98.9597317593376,98.9597317593376
"2",99.1953715061014,99.005808640532,99.005808640532,99.005808640532,99.1953715061014,99.005808640532,99.005808640532,99.005808640532
"3",99.4326223703883,99.1436561756379,99.1436561756379,99.1436561756379,99.4326223703883,99.1436561756379,99.1436561756379,99.1436561756379
