"","MAPE","MSE","THEIL","BIAS","LOG.LIK","CONF","R2.ADJ","COMMON.TREND"
"1",97.9020397727011,97.9020397727011,97.9020397727011,97.896238110129,97.8774057768768,97.896238110129,97.896238110129,97.896238110129
"2",98.3778597720138,98.3778597720138,98.3778597720138,98.2717686514788,98.3273969106078,98.2717686514788,98.2717686514788,98.2717686514788
"3",98.6237504366926,98.6237504366926,98.6237504366926,98.4491222165609,98.5563535421987,98.4491222165609,98.4491222165609,98.4491222165609
