"","MAPE","MSE","THEIL","BIAS","LOG.LIK","CONF","R2.ADJ","COMMON.TREND"
"Frontera.norte",99.804724000619,99.804724000619,99.804724000619,99.804724000619,100.117940846212,99.804724000619,99.804724000619,99.804724000619
