"","MAPE","MSE","THEIL","BIAS","LOG.LIK","CONF","R2.ADJ","COMMON.TREND"
"1",95.2243674596389,95.2243674596389,95.2243674596389,95.2243674596389,95.2243674596389,95.385879548584,95.385879548584,95.385879548584
"2",95.7008525325625,95.7008525325625,95.7008525325625,95.7008525325625,95.7008525325625,96.1482926070067,96.1482926070067,96.1482926070067
"3",96.0808972413466,96.0808972413466,96.0808972413466,96.0808972413466,96.0808972413466,96.8252635427464,96.8252635427464,96.8252635427464
"4",96.4860336244281,96.4860336244281,96.4860336244281,96.4860336244281,96.4860336244281,97.4718578858256,97.4718578858256,97.4718578858256
"5",96.8519153735075,96.8519153735075,96.8519153735075,96.8519153735075,96.8519153735075,97.9834777433199,97.9834777433199,97.9834777433199
"6",97.1769201256547,97.1769201256547,97.1769201256547,97.1769201256547,97.1769201256547,98.373238907296,98.373238907296,98.373238907296
