"","MAPE","MSE","THEIL","BIAS","LOG.LIK","CONF","R2.ADJ","COMMON.TREND"
"Sur",100.420556902051,100.420556902051,100.420556902051,100.420556902051,100.420556902051,100.36851006241,100.36851006241,100.36851006241
