"","MAPE","MSE","THEIL","BIAS","LOG.LIK","CONF","R2.ADJ","COMMON.TREND"
"1",102.408392353574,102.408392353574,102.408392353574,102.408392353574,102.373303076864,102.408392353574,102.408392353574,102.408392353574
"2",102.833633039965,102.833633039965,102.833633039965,102.833633039965,102.883546285325,102.833633039965,102.833633039965,102.833633039965
"3",103.084825625178,103.084825625178,103.084825625178,103.084825625178,103.407400442522,103.084825625178,103.084825625178,103.084825625178
