"","MAPE","MSE","THEIL","BIAS","LOG.LIK","CONF","R2.ADJ","COMMON.TREND"
"1",97.8312382554989,97.8312382554989,97.8312382554989,97.7304235594272,97.8089800578392,97.8312382554989,97.8312382554989,97.7304235594272
"2",98.2245169816005,98.2245169816005,98.2245169816005,98.0046182947045,98.1765517202748,98.2245169816005,98.2245169816005,98.0046182947045
"3",98.5751456150431,98.5751456150431,98.5751456150431,98.2598563568162,98.5092523312275,98.5751456150431,98.5751456150431,98.2598563568162
"4",98.9658331470805,98.9658331470805,98.9658331470805,98.558166333046,98.8851700119433,98.9658331470805,98.9658331470805,98.558166333046
"5",99.3728309250647,99.3728309250647,99.3728309250647,98.8654483155703,99.2835824388824,99.3728309250647,99.3728309250647,98.8654483155703
"6",99.7913370749861,99.7913370749861,99.7913370749861,99.1773026040799,99.6998702734006,99.7913370749861,99.7913370749861,99.1773026040799
