"","MAPE","MSE","THEIL","BIAS","LOG.LIK","CONF","R2.ADJ","COMMON.TREND"
"1",100.954967219079,100.954967219079,100.954967219079,100.994019324856,100.999394036478,100.954967219079,100.999394036478,100.954967219079
"2",101.307100730946,101.307100730946,101.307100730946,101.399005825727,101.417674677052,101.307100730946,101.417674677052,101.307100730946
"3",101.629097371897,101.629097371897,101.629097371897,101.809853187339,101.832346541123,101.629097371897,101.832346541123,101.629097371897
"4",101.928893636077,101.928893636077,101.928893636077,102.221612112835,102.243519372489,101.928893636077,102.243519372489,101.928893636077
"5",102.216130139696,102.216130139696,102.216130139696,102.6388181682,102.653924351848,102.216130139696,102.653924351848,102.216130139696
"6",102.492493300472,102.492493300472,102.492493300472,103.05485832144,103.057827465949,102.492493300472,103.057827465949,102.492493300472
