"","MAPE","MSE","THEIL","BIAS","LOG.LIK","CONF","R2.ADJ","COMMON.TREND"
"Centro.norte",97.8312382554989,97.8312382554989,97.8312382554989,97.7304235594272,97.8089800578392,97.8312382554989,97.8312382554989,97.7304235594272
