"","MAPE","MSE","THEIL","BIAS","LOG.LIK","CONF","R2.ADJ","COMMON.TREND"
"1",94.8001723481413,94.8001723481413,94.8001723481413,94.8001723481413,94.7789073970328,94.8001723481413,94.8001723481413,94.7789073970328
"2",95.0963379789112,95.0963379789112,95.0963379789112,95.0963379789112,94.9920045480894,95.0963379789112,95.0963379789112,94.9920045480894
"3",95.3888034357154,95.3888034357154,95.3888034357154,95.3888034357154,95.1200855414054,95.3888034357154,95.3888034357154,95.1200855414054
"4",95.6290324264661,95.6290324264661,95.6290324264661,95.6290324264661,95.1921704367948,95.6290324264661,95.6290324264661,95.1921704367948
"5",95.8473531382151,95.8473531382151,95.8473531382151,95.8473531382151,95.2301978963334,95.8473531382151,95.8473531382151,95.2301978963334
"6",96.0840717368243,96.0840717368243,96.0840717368243,96.0840717368243,95.2799886671853,96.0840717368243,96.0840717368243,95.2799886671853
