"","MAPE","MSE","THEIL","BIAS","LOG.LIK","CONF","R2.ADJ","COMMON.TREND"
"Centro.sur",96.5929256724099,96.5929256724099,96.5929256724099,96.5242002211502,96.5740245227003,96.5740245227003,96.5740245227003,96.5242002211502
