"","MAPE","MSE","THEIL","BIAS","LOG.LIK","CONF","R2.ADJ","COMMON.TREND"
"1",99.4961061239997,99.4961061239997,99.4961061239997,99.4961061239997,99.54660886904,99.5321863270951,99.5321863270951,99.5321863270951
"2",99.6695456751317,99.6695456751317,99.6695456751317,99.6695456751317,99.7701749991297,99.7580023808496,99.7580023808496,99.7580023808496
"3",99.8308976152577,99.8308976152577,99.8308976152577,99.8308976152577,99.9994420755844,99.9575736429563,99.9575736429563,99.9575736429563
