"","MAPE","MSE","THEIL","BIAS","LOG.LIK","CONF","R2.ADJ","COMMON.TREND"
"Noreste",94.8312400676799,94.8312400676799,94.8312400676799,94.8312400676799,95.2198577747485,94.8312400676799,94.8312400676799,94.8312400676799
