"","MAPE","MSE","THEIL","BIAS","LOG.LIK","CONF","R2.ADJ","COMMON.TREND"
"1",93.6099416328495,93.6099416328495,93.6099416328495,93.6610336634337,93.6514385343302,93.6514385343302,93.6514385343302,93.6514385343302
"2",93.6782748131248,93.6782748131248,93.6782748131248,93.7702177446412,93.7635795053256,93.7635795053256,93.7635795053256,93.7635795053256
"3",93.8479800150098,93.8479800150098,93.8479800150098,93.9828999590184,93.9681278588856,93.9681278588856,93.9681278588856,93.9681278588856
"4",94.0586163951679,94.0586163951679,94.0586163951679,94.2313816107514,94.1994572387816,94.1994572387816,94.1994572387816,94.1994572387816
"5",94.2709192519801,94.2709192519801,94.2709192519801,94.473005769562,94.427474277641,94.427474277641,94.427474277641,94.427474277641
"6",94.4793672623205,94.4793672623205,94.4793672623205,94.6981037777856,94.6521486582877,94.6521486582877,94.6521486582877,94.6521486582877
