"","MAPE","MSE","THEIL","BIAS","LOG.LIK","CONF","R2.ADJ","COMMON.TREND"
"1",99.0211308455317,99.0211308455317,99.0211308455317,99.0211308455317,100.425931969199,99.0211308455317,99.0211308455317,99.0211308455317
"2",98.6010514133182,98.6010514133182,98.6010514133182,98.6010514133182,100.903790769613,98.6010514133182,98.6010514133182,98.6010514133182
"3",98.5447471804008,98.5447471804008,98.5447471804008,98.5447471804008,101.257585015856,98.5447471804008,98.5447471804008,98.5447471804008
"4",98.8009571754741,98.8009571754741,98.8009571754741,98.8009571754741,101.618694207987,98.8009571754741,98.8009571754741,98.8009571754741
"5",99.2480953542414,99.2480953542414,99.2480953542414,99.2480953542414,101.97321214463,99.2480953542414,99.2480953542414,99.2480953542414
"6",99.616344599923,99.616344599923,99.616344599923,99.616344599923,102.309576066638,99.616344599923,99.616344599923,99.616344599923
