"","MAPE","MSE","THEIL","BIAS","LOG.LIK","CONF","R2.ADJ","COMMON.TREND"
"1",94.8001723481413,94.8001723481413,94.8001723481413,94.8001723481413,94.7789073970328,94.8001723481413,94.8001723481413,94.7789073970328
"2",95.0963379789112,95.0963379789112,95.0963379789112,95.0963379789112,94.9920045480894,95.0963379789112,95.0963379789112,94.9920045480894
"3",95.3888034357154,95.3888034357154,95.3888034357154,95.3888034357154,95.1200855414054,95.3888034357154,95.3888034357154,95.1200855414054
