"","MAPE","MSE","THEIL","BIAS","LOG.LIK","CONF","R2.ADJ","COMMON.TREND"
"Noreste",103.874559718549,103.874559718549,103.874559718549,103.874559718549,103.874559718549,103.552725065651,103.552725065651,103.552725065651
