"","MAPE","MSE","THEIL","BIAS","LOG.LIK","CONF","R2.ADJ","COMMON.TREND"
"1",94.9413984590807,94.9413984590807,94.9413984590807,94.9413984590807,94.9110997293068,94.9413984590807,94.9413984590807,94.9110997293068
"2",95.1198681531033,95.1198681531033,95.1198681531033,95.1198681531033,95.0271253005356,95.1198681531033,95.1198681531033,95.0271253005356
"3",95.316097587201,95.316097587201,95.316097587201,95.316097587201,95.1703734194514,95.316097587201,95.316097587201,95.1703734194514
"4",95.5191745300123,95.5191745300123,95.5191745300123,95.5191745300123,95.318843549125,95.5191745300123,95.5191745300123,95.318843549125
"5",95.7367060743666,95.7367060743666,95.7367060743666,95.7367060743666,95.4872872695928,95.7367060743666,95.7367060743666,95.4872872695928
"6",95.9565273203154,95.9565273203154,95.9565273203154,95.9565273203154,95.6624861420093,95.9565273203154,95.9565273203154,95.6624861420093
