"","MAPE","MSE","THEIL","BIAS","LOG.LIK","CONF","R2.ADJ","COMMON.TREND"
"1",96.0438200161629,96.0438200161629,96.0438200161629,96.0136366815181,95.9899111402973,96.0438200161629,96.0438200161629,95.9899111402973
"2",96.4099338140097,96.4099338140097,96.4099338140097,96.3214844521456,96.2650711089963,96.4099338140097,96.4099338140097,96.2650711089963
"3",96.7663416844274,96.7663416844274,96.7663416844274,96.6042331726027,96.5118910657455,96.7663416844274,96.7663416844274,96.5118910657455
"4",97.1113981984703,97.1113981984703,97.1113981984703,96.8740454792107,96.7439064140006,97.1113981984703,97.1113981984703,96.7439064140006
"5",97.4483418572073,97.4483418572073,97.4483418572073,97.1347416701244,96.9709335186721,97.4483418572073,97.4483418572073,96.9709335186721
"6",97.7781683605564,97.7781683605564,97.7781683605564,97.3867545722945,97.196767322864,97.7781683605564,97.7781683605564,97.196767322864
