"","MAPE","MSE","THEIL","BIAS","LOG.LIK","CONF","R2.ADJ","COMMON.TREND"
"1",98.3798824166843,98.3798824166843,98.3798824166843,98.3798824166843,98.4818016746643,98.2936276660612,98.2936276660612,98.2936276660612
"2",98.6322801767569,98.6322801767569,98.6322801767569,98.6322801767569,98.8285272750386,98.3729318490259,98.3729318490259,98.3729318490259
"3",98.6709784738506,98.6709784738506,98.6709784738506,98.6709784738506,98.9970291409321,98.2784417974992,98.2784417974992,98.2784417974992
"4",98.7735046592127,98.7735046592127,98.7735046592127,98.7735046592127,99.2296068515564,98.2236990216971,98.2236990216971,98.2236990216971
"5",98.9246999487768,98.9246999487768,98.9246999487768,98.9246999487768,99.5186271158575,98.2286323332727,98.2286323332727,98.2286323332727
"6",99.1434503259814,99.1434503259814,99.1434503259814,99.1434503259814,99.8806679889622,98.3176044370191,98.3176044370191,98.3176044370191
