"","MAPE","MSE","THEIL","BIAS","LOG.LIK","CONF","R2.ADJ","COMMON.TREND"
"1",96.4849461415132,96.4849461415132,96.4849461415132,96.4849461415132,96.4849461415132,96.4608531256972,96.4608531256972,96.4608531256972
"2",96.7569881209678,96.7569881209678,96.7569881209678,96.7569881209678,96.7569881209678,96.733601755608,96.733601755608,96.733601755608
"3",97.0502056479011,97.0502056479011,97.0502056479011,97.0502056479011,97.0502056479011,97.0217264920272,97.0217264920272,97.0217264920272
"4",97.3278775795956,97.3278775795956,97.3278775795956,97.3278775795956,97.3278775795956,97.3014784296544,97.3014784296544,97.3014784296544
"5",97.6077593541836,97.6077593541836,97.6077593541836,97.6077593541836,97.6077593541836,97.5839967140783,97.5839967140783,97.5839967140783
"6",97.8793805962543,97.8793805962543,97.8793805962543,97.8793805962543,97.8793805962543,97.8624616236638,97.8624616236638,97.8624616236638
