"","MAPE","MSE","THEIL","BIAS","LOG.LIK","CONF","R2.ADJ","COMMON.TREND"
"1",96.5416080230474,96.5416080230474,96.5416080230474,96.5447602202564,96.5300230739194,96.5447602202564,96.5447602202564,96.5447602202564
"2",96.8111735852154,96.8111735852154,96.8111735852154,96.8053197158104,96.7756840159127,96.8053197158104,96.8053197158104,96.8053197158104
"3",97.0498977749553,97.0498977749553,97.0498977749553,97.0443852967431,97.0053859987099,97.0443852967431,97.0443852967431,97.0443852967431
"4",97.3029258256149,97.3029258256149,97.3029258256149,97.2972600482988,97.2566025626881,97.2972600482988,97.2972600482988,97.2972600482988
"5",97.5485658845601,97.5485658845601,97.5485658845601,97.5488729644439,97.5132166500651,97.5488729644439,97.5488729644439,97.5488729644439
"6",97.7927542943574,97.7927542943574,97.7927542943574,97.8029866113036,97.7788441492528,97.8029866113036,97.8029866113036,97.8029866113036
