"","MAPE","MSE","THEIL","BIAS","LOG.LIK","CONF","R2.ADJ","COMMON.TREND"
"1",94.8896855062097,94.8896855062097,94.8896855062097,94.8896855062097,94.9905642975753,94.8896855062097,94.8896855062097,94.8896855062097
"2",94.8961356542316,94.8961356542316,94.8961356542316,94.8961356542316,95.0559965049323,94.8961356542316,94.8961356542316,94.8961356542316
"3",94.9314732962896,94.9314732962896,94.9314732962896,94.9314732962896,95.1221499859271,94.9314732962896,94.9314732962896,94.9314732962896
"4",95.0249788721514,95.0249788721514,95.0249788721514,95.0249788721514,95.2033962404277,95.0249788721514,95.0249788721514,95.0249788721514
"5",95.180489267846,95.180489267846,95.180489267846,95.180489267846,95.3024323187325,95.180489267846,95.180489267846,95.180489267846
"6",95.3871183601347,95.3871183601347,95.3871183601347,95.3871183601347,95.4152503806438,95.3871183601347,95.3871183601347,95.3871183601347
