"","MAPE","MSE","THEIL","BIAS","LOG.LIK","CONF","R2.ADJ","COMMON.TREND"
"Mexico",101.171143006443,101.171143006443,101.171143006443,101.171143006443,101.216356344423,101.171143006443,101.171143006443,101.171143006443
