"","MAPE","MSE","THEIL","BIAS","LOG.LIK","CONF","R2.ADJ","COMMON.TREND"
"1",100.321582164308,100.321582164308,100.321582164308,100.386354247504,100.386354247504,100.321582164308,100.386354247504,100.321582164308
"2",100.672250792603,100.672250792603,100.672250792603,100.81269364767,100.81269364767,100.672250792603,100.81269364767,100.672250792603
"3",101.016078279708,101.016078279708,101.016078279708,101.273437511818,101.273437511818,101.016078279708,101.273437511818,101.016078279708
"4",101.337549894003,101.337549894003,101.337549894003,101.725409471349,101.725409471349,101.337549894003,101.725409471349,101.337549894003
"5",101.646696724721,101.646696724721,101.646696724721,102.177409211152,102.177409211152,101.646696724721,102.177409211152,101.646696724721
"6",101.942502427518,101.942502427518,101.942502427518,102.617988395139,102.617988395139,101.942502427518,102.617988395139,101.942502427518
