"","MAPE","MSE","THEIL","BIAS","LOG.LIK","CONF","R2.ADJ","COMMON.TREND"
"Mexico",96.0438200161629,96.0438200161629,96.0438200161629,96.0136366815181,95.9899111402973,96.0438200161629,96.0438200161629,95.9899111402973
