"","MAPE","MSE","THEIL","BIAS","LOG.LIK","CONF","R2.ADJ","COMMON.TREND"
"1",96.5447602202564,96.5416080230474,96.5416080230474,96.5447602202564,96.5300230739194,96.5447602202564,96.5447602202564,96.5447602202564
"2",96.8053197158106,96.8111735852155,96.8111735852155,96.8053197158106,96.7756840159127,96.8053197158106,96.8053197158106,96.8053197158106
"3",97.0443852967064,97.0498977749555,97.0498977749555,97.0443852967064,97.0053859987099,97.0443852967064,97.0443852967064,97.0443852967064
