"","MAPE","MSE","THEIL","BIAS","LOG.LIK","CONF","R2.ADJ","COMMON.TREND"
"1",100.420556902051,100.420556902051,100.420556902051,100.420556902051,100.420556902051,100.36851006241,100.36851006241,100.36851006241
"2",100.671444031587,100.671444031587,100.671444031587,100.671444031587,100.671444031587,100.546630522196,100.546630522196,100.546630522196
"3",101.027710693413,101.027710693413,101.027710693413,101.027710693413,101.027710693413,100.776631400734,100.776631400734,100.776631400734
"4",101.378189170136,101.378189170136,101.378189170136,101.378189170136,101.378189170136,100.986477606896,100.986477606896,100.986477606896
"5",101.754404664863,101.754404664863,101.754404664863,101.754404664863,101.754404664863,101.20490565575,101.20490565575,101.20490565575
"6",102.119585704741,102.119585704741,102.119585704741,102.119585704741,102.119585704741,101.413650565356,101.413650565356,101.413650565356
