"","MAPE","MSE","THEIL","BIAS","LOG.LIK","CONF","R2.ADJ","COMMON.TREND"
"1",103.381377285771,103.381377285771,103.381377285771,103.37418718546,103.420442497286,103.381377285771,103.381377285771,103.37418718546
"2",103.67678043482,103.67678043482,103.67678043482,103.672547058898,103.755493970583,103.67678043482,103.67678043482,103.672547058898
"3",103.953907070667,103.953907070667,103.953907070667,103.926586237294,104.059543948768,103.953907070667,103.953907070667,103.926586237294
"4",104.214059877585,104.214059877585,104.214059877585,104.140864163043,104.335094528153,104.214059877585,104.214059877585,104.140864163043
"5",104.501838820087,104.501838820087,104.501838820087,104.358802878112,104.633595573088,104.501838820087,104.501838820087,104.358802878112
"6",104.813264146041,104.813264146041,104.813264146041,104.58351139522,104.953632067245,104.813264146041,104.813264146041,104.58351139522
