"","MAPE","MSE","THEIL","BIAS","LOG.LIK","CONF","R2.ADJ","COMMON.TREND"
"1",102.122435515366,102.122435515366,102.122435515366,102.122435515366,102.137957143494,102.122435515366,102.122435515366,102.122435515366
"2",102.488103984403,102.488103984403,102.488103984403,102.488103984403,102.518493170899,102.488103984403,102.488103984403,102.488103984403
"3",102.837294984822,102.837294984822,102.837294984822,102.837294984822,102.898314648218,102.837294984822,102.837294984822,102.837294984822
