"","MAPE","MSE","THEIL","BIAS","LOG.LIK","CONF","R2.ADJ","COMMON.TREND"
"1",95.9168071043791,95.9168071043791,95.9168071043791,95.9168071043791,95.8192912033441,95.9168071043791,95.9168071043791,95.850341424605
"2",96.3363746560558,96.3363746560558,96.3363746560558,96.3363746560558,96.1275052660215,96.3363746560558,96.3363746560558,96.1664579026584
"3",96.7647528631402,96.7647528631402,96.7647528631402,96.7647528631402,96.4252006700245,96.7647528631402,96.7647528631402,96.4720013665365
"4",97.0993513625047,97.0993513625047,97.0993513625047,97.0993513625047,96.6104390546465,97.0993513625047,97.0993513625047,96.6740502306152
"5",97.3887177119716,97.3887177119716,97.3887177119716,97.3887177119716,96.744874181048,97.3887177119716,97.3887177119716,96.854766090634
"6",97.6309432147413,97.6309432147413,97.6309432147413,97.6309432147413,96.8346319958068,97.6309432147413,97.6309432147413,97.0299020934844
