"","MAPE","MSE","THEIL","BIAS","LOG.LIK","CONF","R2.ADJ","COMMON.TREND"
"Mexico",102.147400095296,102.147400095296,102.147400095296,102.122435515366,102.137957143494,102.122435515366,102.122435515366,102.122435515366
