"","MAPE","MSE","THEIL","BIAS","LOG.LIK","CONF","R2.ADJ","COMMON.TREND"
"1",94.2846100055738,94.2846100055738,94.2846100055738,94.2846100055738,94.2928970055286,94.2846100055738,94.2846100055738,94.2928970055286
"2",94.551451896967,94.551451896967,94.551451896967,94.551451896967,94.575466450347,94.551451896967,94.551451896967,94.575466450347
"3",94.8273575971017,94.8273575971017,94.8273575971017,94.8273575971017,94.8656117968667,94.8273575971017,94.8273575971017,94.8656117968667
