"","MAPE","MSE","THEIL","BIAS","LOG.LIK","CONF","R2.ADJ","COMMON.TREND"
"1",98.0557228015559,98.0557228015559,98.0557228015559,98.0557228015559,98.0557228015559,97.9275968666924,97.9275968666924,97.9275968666924
"2",98.5093018789873,98.5093018789873,98.5093018789873,98.5093018789873,98.5093018789873,98.212312008928,98.212312008928,98.212312008928
"3",98.8573563936759,98.8573563936759,98.8573563936759,98.8573563936759,98.8573563936759,98.3787122205242,98.3787122205242,98.3787122205242
