"","MAPE","MSE","THEIL","BIAS","LOG.LIK","CONF","R2.ADJ","COMMON.TREND"
"Centro.sur",96.6079896093621,96.6079896093621,96.6079896093621,96.5864246236808,96.6079896093621,96.5864246236808,96.5864246236808,96.5864246236808
