"","MAPE","MSE","THEIL","BIAS","LOG.LIK","CONF","R2.ADJ","COMMON.TREND"
"1",101.301566123179,101.301566123179,101.301566123179,101.301566123179,101.339173728126,101.301566123179,101.301566123179,101.301566123179
"2",101.45727995715,101.45727995715,101.45727995715,101.45727995715,101.500275455487,101.45727995715,101.45727995715,101.45727995715
"3",101.605839806817,101.605839806817,101.605839806817,101.605839806817,101.740711564045,101.605839806817,101.605839806817,101.605839806817
"4",101.769410639324,101.769410639324,101.769410639324,101.769410639324,102.025696255566,101.769410639324,101.769410639324,101.769410639324
"5",101.944744697914,101.944744697914,101.944744697914,101.944744697914,102.36070862041,101.944744697914,101.944744697914,101.944744697914
"6",102.110732426307,102.110732426307,102.110732426307,102.110732426307,102.705141147976,102.110732426307,102.110732426307,102.110732426307
