"","MAPE","MSE","THEIL","BIAS","LOG.LIK","CONF","R2.ADJ","COMMON.TREND"
"1",98.8163409910197,98.8163409910197,98.8163409910197,98.3183359564377,98.3183359564377,98.8163409910197,98.8163409910197,98.8163409910197
"2",99.3238647851111,99.3238647851111,99.3238647851111,98.5297895703132,98.5297895703132,99.3238647851111,99.3238647851111,99.3238647851111
"3",99.4866298924433,99.4866298924433,99.4866298924433,98.6678827501887,98.6678827501887,99.4866298924433,99.4866298924433,99.4866298924433
