"","MAPE","MSE","THEIL","BIAS","LOG.LIK","CONF","R2.ADJ","COMMON.TREND"
"1",100.920284757481,100.920284757481,100.920284757481,100.920284757481,100.993371628671,100.920284757481,100.920284757481,100.920284757481
"2",101.226517254794,101.226517254794,101.226517254794,101.226517254794,101.458571311302,101.226517254794,101.226517254794,101.226517254794
"3",101.455677064599,101.455677064599,101.455677064599,101.455677064599,101.913013140561,101.455677064599,101.455677064599,101.455677064599
