"","MAPE","MSE","THEIL","BIAS","LOG.LIK","CONF","R2.ADJ","COMMON.TREND"
"Sur",101.42322717641,101.42322717641,101.42322717641,101.42322717641,101.457986538752,101.42322717641,101.42322717641,101.42322717641
