"","MAPE","MSE","THEIL","BIAS","LOG.LIK","CONF","R2.ADJ","COMMON.TREND"
"1",95.7589792009041,95.7589792009041,95.7589792009041,95.4159135908685,95.1918790166537,95.7589792009041,95.7589792009041,95.4159135908685
"2",97.0728846154638,97.0728846154638,97.0728846154638,96.2162002327373,95.616885983853,97.0728846154638,97.0728846154638,96.2162002327373
"3",98.0892564051859,98.0892564051859,98.0892564051859,96.773723356351,95.766382618193,98.0892564051859,98.0892564051859,96.773723356351
"4",98.9868858789598,98.9868858789598,98.9868858789598,97.4018725599654,95.9473449064843,98.9868858789598,98.9868858789598,97.4018725599654
"5",99.5508986537544,99.5508986537544,99.5508986537544,97.9127414716245,96.026553476905,99.5508986537544,99.5508986537544,97.9127414716245
"6",99.9214254360117,99.9214254360117,99.9214254360117,98.3582863975776,96.0496552821554,99.9214254360117,99.9214254360117,98.3582863975776
