"","MAPE","MSE","THEIL","BIAS","LOG.LIK","CONF","R2.ADJ","COMMON.TREND"
"1",99.7562897516952,99.7562897516952,99.7562897516952,99.7562897516952,99.7675051735841,99.6750011113,99.6750011113,99.6750011113
"2",99.9407557763338,99.9407557763338,99.9407557763338,99.9407557763338,99.9468551583151,99.8333393119141,99.8333393119141,99.8333393119141
"3",100.192964001317,100.192964001317,100.192964001317,100.192964001317,100.206438481254,100.002655808561,100.002655808561,100.002655808561
