"","MAPE","MSE","THEIL","BIAS","LOG.LIK","CONF","R2.ADJ","COMMON.TREND"
"Centro.sur",99.3493994624573,99.3493994624573,99.3493994624573,99.3493994624573,99.3323680540316,99.2942631204691,99.2942631204691,99.2942631204691
