"","MAPE","MSE","THEIL","BIAS","LOG.LIK","CONF","R2.ADJ","COMMON.TREND"
"1",105.256217430598,105.256217430598,105.256217430598,105.256217430598,105.705026129124,105.256217430598,105.256217430598,105.256217430598
"2",104.807712132009,104.807712132009,104.807712132009,104.807712132009,106.085794461061,104.807712132009,104.807712132009,104.807712132009
"3",104.250968350875,104.250968350875,104.250968350875,104.250968350875,106.299174515171,104.250968350875,104.250968350875,104.250968350875
