"","MAPE","MSE","THEIL","BIAS","LOG.LIK","CONF","R2.ADJ","COMMON.TREND"
"1",102.822438238539,102.822438238539,102.822438238539,102.822438238539,102.869868946896,102.822438238539,102.822438238539,102.869868946896
"2",102.836094513305,102.836094513305,102.836094513305,102.836094513305,103.453965894605,102.836094513305,102.836094513305,103.453965894605
"3",102.557866793398,102.557866793398,102.557866793398,102.557866793398,104.031851714065,102.557866793398,102.557866793398,104.031851714065
