"","MAPE","MSE","THEIL","BIAS","LOG.LIK","CONF","R2.ADJ","COMMON.TREND"
"Noroeste",101.073434192958,101.073434192958,101.073434192958,101.073434192958,101.16516535812,101.073434192958,101.073434192958,101.16516535812
