"","MAPE","MSE","THEIL","BIAS","LOG.LIK","CONF","R2.ADJ","COMMON.TREND"
"1",95.1125708549881,95.1125708549881,95.1125708549881,95.2346004870096,95.1566585044442,95.2346004870096,95.2346004870096,95.1566585044442
"2",95.2721352385426,95.2721352385426,95.2721352385426,95.4906177914552,95.3222001914757,95.4906177914552,95.4906177914552,95.3222001914757
"3",95.4519594159251,95.4519594159251,95.4519594159251,95.7410677764268,95.4672249999448,95.7410677764268,95.7410677764268,95.4672249999448
"4",95.5780598808855,95.5780598808855,95.5780598808855,95.9309729810963,95.5424250262724,95.9309729810963,95.9309729810963,95.5424250262724
"5",95.6826619817327,95.6826619817327,95.6826619817327,96.0715165522951,95.5737043640031,96.0715165522951,96.0715165522951,95.5737043640031
"6",95.8271504737709,95.8271504737709,95.8271504737709,96.2101469292673,95.6213323568202,96.2101469292673,96.2101469292673,95.6213323568202
