"","MAPE","MSE","THEIL","BIAS","LOG.LIK","CONF","R2.ADJ","COMMON.TREND"
"1",99.4692243989792,99.4692243989792,99.4692243989792,99.1790310776047,99.4665572479552,99.1790310776047,99.1790310776047,99.1790310776047
"2",99.7434763622537,99.7434763622537,99.7434763622537,99.2545947822228,99.7102378701589,99.2545947822228,99.2545947822228,99.2545947822228
"3",100.103872671048,100.103872671048,100.103872671048,99.3242461506316,100.046995739819,99.3242461506316,99.3242461506316,99.3242461506316
