"","MAPE","MSE","THEIL","BIAS","LOG.LIK","CONF","R2.ADJ","COMMON.TREND"
"1",104.0347091541,104.0347091541,104.0347091541,104.0347091541,104.0347091541,103.352085293048,103.352085293048,103.352085293048
"2",104.794910874404,104.794910874404,104.794910874404,104.794910874404,104.794910874404,103.25335693775,103.25335693775,103.25335693775
"3",105.571416438117,105.571416438117,105.571416438117,105.571416438117,105.571416438117,103.31237302985,103.31237302985,103.31237302985
"4",106.287949236632,106.287949236632,106.287949236632,106.287949236632,106.287949236632,103.541155588263,103.541155588263,103.541155588263
"5",106.888820121963,106.888820121963,106.888820121963,106.888820121963,106.888820121963,103.868977308903,103.868977308903,103.868977308903
"6",107.408640886158,107.408640886158,107.408640886158,107.408640886158,107.408640886158,104.267915802661,104.267915802661,104.267915802661
