"","MAPE","MSE","THEIL","BIAS","LOG.LIK","CONF","R2.ADJ","COMMON.TREND"
"1",99.1314647619444,99.1314647619444,99.1314647619444,99.1314647619444,99.1160498392323,98.7961873592557,98.7961873592557,98.7961873592557
"2",99.5087658258626,99.5087658258626,99.5087658258626,99.5087658258626,99.469678216242,98.72724570069,98.72724570069,98.72724570069
"3",99.9816509259498,99.9816509259498,99.9816509259498,99.9816509259498,99.9117724301145,98.6635060047378,98.6635060047378,98.6635060047378
