"","MAPE","MSE","THEIL","BIAS","LOG.LIK","CONF","R2.ADJ","COMMON.TREND"
"1",105.363665354927,105.363665354927,105.363665354927,105.363665354927,105.796705434978,105.363665354927,105.363665354927,105.363665354927
"2",104.902100635661,104.902100635661,104.902100635661,104.902100635661,106.170551181891,104.902100635661,104.902100635661,104.902100635661
"3",104.118220645137,104.118220645137,104.118220645137,104.118220645137,106.282866384127,104.118220645137,104.118220645137,104.118220645137
