"","MAPE","MSE","THEIL","BIAS","LOG.LIK","CONF","R2.ADJ","COMMON.TREND"
"1",105.515804344771,105.515804344771,105.515804344771,106.492110354905,106.492110354905,105.515804344771,105.515804344771,105.515804344771
"2",105.1352212572,105.1352212572,105.1352212572,107.356993427366,107.356993427366,105.1352212572,105.1352212572,105.1352212572
"3",104.911763448667,104.911763448667,104.911763448667,108.073916346518,108.073916346518,104.911763448667,104.911763448667,104.911763448667
