"","MAPE","MSE","THEIL","BIAS","LOG.LIK","CONF","R2.ADJ","COMMON.TREND"
"1",103.110072751323,103.110072751323,103.110072751323,103.110072751323,103.423875544895,103.110072751323,103.110072751323,103.423875544895
"2",102.636854369864,102.636854369864,102.636854369864,102.636854369864,103.599924341301,102.636854369864,102.636854369864,103.599924341301
"3",102.121561716566,102.121561716566,102.121561716566,102.121561716566,103.857312128625,102.121561716566,102.121561716566,103.857312128625
"4",101.807793416025,101.807793416025,101.807793416025,101.807793416025,104.163306919337,101.807793416025,101.807793416025,104.163306919337
"5",101.703539227665,101.703539227665,101.703539227665,101.703539227665,104.440344257632,101.703539227665,101.703539227665,104.440344257632
"6",101.785351373272,101.785351373272,101.785351373272,101.785351373272,104.71960779316,101.785351373272,101.785351373272,104.71960779316
