"","MAPE","MSE","THEIL","BIAS","LOG.LIK","CONF","R2.ADJ","COMMON.TREND"
"1",99.4961061239997,99.4961061239997,99.4961061239997,99.4961061239997,99.54660886904,99.5321863270951,99.5321863270951,99.5321863270951
"2",99.6695456751317,99.6695456751317,99.6695456751317,99.6695456751317,99.7701749991297,99.7580023808496,99.7580023808496,99.7580023808496
"3",99.8308976152577,99.8308976152577,99.8308976152577,99.8308976152577,99.9994420755844,99.9575736429563,99.9575736429563,99.9575736429563
"4",100.042452247967,100.042452247967,100.042452247967,100.042452247967,100.27468741459,100.174533990431,100.174533990431,100.174533990431
"5",100.293944686373,100.293944686373,100.293944686373,100.293944686373,100.589437951371,100.4054119277,100.4054119277,100.4054119277
"6",100.572623251204,100.572623251204,100.572623251204,100.572623251204,100.932323377234,100.64399314334,100.64399314334,100.64399314334
