"","MAPE","MSE","THEIL","BIAS","LOG.LIK","CONF","R2.ADJ","COMMON.TREND"
"Centro.sur",98.3200564852211,98.3200564852211,98.3200564852211,98.3200564852211,98.2917558071375,98.1680536021531,98.1680536021531,98.1680536021531
