"","MAPE","MSE","THEIL","BIAS","LOG.LIK","CONF","R2.ADJ","COMMON.TREND"
"1",97.1783010851145,97.1686243933122,97.1686243933122,97.1783010851145,97.1953072658756,97.1783010851145,97.1783010851145,97.1783010851145
"2",97.4997153846489,97.539660071956,97.539660071956,97.4997153846489,97.5951980311459,97.4997153846489,97.4997153846489,97.4997153846489
"3",97.724806137362,97.8431450339689,97.8431450339689,97.724806137362,97.9258789438215,97.724806137362,97.724806137362,97.724806137362
"4",97.9039718669459,98.1246758085638,98.1246758085638,97.9039718669459,98.230672203468,97.9039718669459,97.9039718669459,97.9039718669459
"5",98.0667845391987,98.39636074094,98.39636074094,98.0667845391987,98.5183378637251,98.0667845391987,98.0667845391987,98.0667845391987
"6",98.2314020353093,98.6664499878133,98.6664499878133,98.2314020353093,98.7947307821068,98.2314020353093,98.2314020353093,98.2314020353093
