"","MAPE","MSE","THEIL","BIAS","LOG.LIK","CONF","R2.ADJ","COMMON.TREND"
"1",96.2651020233554,96.2651020233554,96.2651020233554,96.2651020233554,96.2651020233554,96.2232490522098,96.2232490522098,96.2232490522098
"2",96.7183887504592,96.7183887504592,96.7183887504592,96.7183887504592,96.7183887504592,96.6249107321208,96.6249107321208,96.6249107321208
"3",97.1022243408469,97.1022243408469,97.1022243408469,97.1022243408469,97.1022243408469,96.9515057741014,96.9515057741014,96.9515057741014
