"","MAPE","MSE","THEIL","BIAS","LOG.LIK","CONF","R2.ADJ","COMMON.TREND"
"1",102.300981749844,102.300981749844,102.300981749844,102.300981749844,102.373404702891,102.300981749844,102.300981749844,102.300981749844
"2",102.659556849994,102.659556849994,102.659556849994,102.659556849994,102.814779425221,102.659556849994,102.659556849994,102.659556849994
"3",102.974632733477,102.974632733477,102.974632733477,102.974632733477,103.226660303523,102.974632733477,102.974632733477,102.974632733477
