"","MAPE","MSE","THEIL","BIAS","LOG.LIK","CONF","R2.ADJ","COMMON.TREND"
"1",98.9917801288494,98.9917801288494,98.9917801288494,98.9917801288494,98.9789949831072,98.9184317254272,98.9184317254272,98.9789949831072
"2",99.2354517898083,99.2354517898083,99.2354517898083,99.2354517898083,99.1920688677993,99.0979734320999,99.0979734320999,99.1920688677993
"3",99.6130764711674,99.6130764711674,99.6130764711674,99.6130764711674,99.5385275170353,99.3458345538385,99.3458345538385,99.5385275170353
"4",100.054827342546,100.054827342546,100.054827342546,100.054827342546,99.9420884718892,99.6193504939282,99.6193504939282,99.9420884718892
"5",100.541892284601,100.541892284601,100.541892284601,100.541892284601,100.390012633301,99.9103799611172,99.9103799611172,100.390012633301
"6",101.038758086825,101.038758086825,101.038758086825,101.038758086825,100.848666452303,100.202919047065,100.202919047065,100.848666452303
