"","MAPE","MSE","THEIL","BIAS","LOG.LIK","CONF","R2.ADJ","COMMON.TREND"
"1",98.9148565445757,98.9148565445757,98.9148565445757,98.5566109867637,98.8445790095339,98.5566109867637,98.5566109867637,98.5566109867637
"2",99.4275162975178,99.4275162975178,99.4275162975178,98.5384069523821,99.2761661171262,98.5384069523821,98.5384069523821,98.5384069523821
"3",99.9140191658813,99.9140191658813,99.9140191658813,98.4604262274022,99.6750581121199,98.4604262274022,98.4604262274022,98.4604262274022
"4",100.434335177678,100.434335177678,100.434335177678,98.4221604149258,100.110479570718,98.4221604149258,98.4221604149258,98.4221604149258
"5",100.98566053324,100.98566053324,100.98566053324,98.4579853962928,100.587640002283,98.4579853962928,98.4579853962928,98.4579853962928
"6",101.554438244121,101.554438244121,101.554438244121,98.575106621262,101.097242470123,98.575106621262,98.575106621262,98.575106621262
