"","MAPE","MSE","THEIL","BIAS","LOG.LIK","CONF","R2.ADJ","COMMON.TREND"
"1",94.8723193718329,94.8723193718329,94.8723193718329,94.8723193718329,94.8734966722587,94.8723193718329,94.8723193718329,94.8723193718329
"2",95.1123529436915,95.1123529436915,95.1123529436915,95.1123529436915,95.0981172439571,95.1123529436915,95.1123529436915,95.1123529436915
"3",95.3419771766149,95.3419771766149,95.3419771766149,95.3419771766149,95.3240897748839,95.3419771766149,95.3419771766149,95.3419771766149
"4",95.5728659052927,95.5728659052927,95.5728659052927,95.5728659052927,95.5576313012577,95.5728659052927,95.5728659052927,95.5728659052927
"5",95.8029753694803,95.8029753694803,95.8029753694803,95.8029753694803,95.7902203273157,95.8029753694803,95.8029753694803,95.8029753694803
"6",96.0259137802489,96.0259137802489,96.0259137802489,96.0259137802489,96.0105028194847,96.0259137802489,96.0259137802489,96.0259137802489
