"","MAPE","MSE","THEIL","BIAS","LOG.LIK","CONF","R2.ADJ","COMMON.TREND"
"Frontera.norte",100.914813916288,100.914813916288,100.914813916288,100.914813916288,100.960934612116,100.914813916288,100.914813916288,100.914813916288
