"","MAPE","MSE","THEIL","BIAS","LOG.LIK","CONF","R2.ADJ","COMMON.TREND"
"Noroeste",101.608855452617,101.608855452617,101.608855452617,101.608855452617,102.378197496308,101.608855452617,101.608855452617,102.378197496308
