"","MAPE","MSE","THEIL","BIAS","LOG.LIK","CONF","R2.ADJ","COMMON.TREND"
"1",102.822438238539,102.822438238539,102.822438238539,102.822438238539,102.869868946896,102.822438238539,102.822438238539,102.869868946896
"2",102.836094513305,102.836094513305,102.836094513305,102.836094513305,103.453965894605,102.836094513305,102.836094513305,103.453965894605
"3",102.557866793398,102.557866793398,102.557866793398,102.557866793398,104.031851714065,102.557866793398,102.557866793398,104.031851714065
"4",102.191117817553,102.191117817553,102.191117817553,102.191117817553,104.412737085456,102.191117817553,102.191117817553,104.412737085456
"5",102.061608249164,102.061608249164,102.061608249164,102.061608249164,104.714358358558,102.061608249164,102.061608249164,104.714358358558
"6",102.192562923314,102.192562923314,102.192562923314,102.192562923314,104.982394079848,102.192562923314,102.192562923314,104.982394079848
