"","MAPE","MSE","THEIL","BIAS","LOG.LIK","CONF","R2.ADJ","COMMON.TREND"
"1",96.4098509451649,96.4098509451649,96.4098509451649,96.3441226376593,96.4098509451649,96.3441226376593,96.3441226376593,96.3441226376593
"2",96.7304994839429,96.7304994839429,96.7304994839429,96.6128849313435,96.7304994839429,96.6128849313435,96.6128849313435,96.6128849313435
"3",97.056415785291,97.056415785291,97.056415785291,96.8964195406414,97.056415785291,96.8964195406414,96.8964195406414,96.8964195406414
"4",97.3723426211961,97.3723426211961,97.3723426211961,97.1947435848303,97.3723426211961,97.1947435848303,97.1947435848303,97.1947435848303
"5",97.6729624975919,97.6729624975919,97.6729624975919,97.4990177541411,97.6729624975919,97.4990177541411,97.4990177541411,97.4990177541411
"6",97.9556400274306,97.9556400274306,97.9556400274306,97.8045920772506,97.9556400274306,97.8045920772506,97.8045920772506,97.8045920772506
