"","MAPE","MSE","THEIL","BIAS","LOG.LIK","CONF","R2.ADJ","COMMON.TREND"
"1",99.2255860784686,99.2255860784686,99.2255860784686,99.2255860784686,99.2255860784686,99.1848023815813,99.1848023815813,99.1848023815813
"2",99.5832495466101,99.5832495466101,99.5832495466101,99.5832495466101,99.5832495466101,99.4867412563878,99.4867412563878,99.4867412563878
"3",99.9470102949269,99.9470102949269,99.9470102949269,99.9470102949269,99.9470102949269,99.7902669533256,99.7902669533256,99.7902669533256
