"","MAPE","MSE","THEIL","BIAS","LOG.LIK","CONF","R2.ADJ","COMMON.TREND"
"Centro.norte",94.8723193718436,94.8723193718436,94.8723193718436,94.8723193718436,94.8734966722582,94.8723193718436,94.8723193718436,94.8734966722582
