"","MAPE","MSE","THEIL","BIAS","LOG.LIK","CONF","R2.ADJ","COMMON.TREND"
"1",96.279461550306,96.279461550306,96.279461550306,96.279461550306,95.7317119872946,96.279461550306,96.279461550306,96.279461550306
"2",97.1325326412698,97.1325326412698,97.1325326412698,97.1325326412698,95.697522483681,97.1325326412698,97.1325326412698,97.1325326412698
"3",97.874719230161,97.874719230161,97.874719230161,97.874719230161,95.598193380141,97.874719230161,97.874719230161,97.874719230161
"4",98.5251827566553,98.5251827566553,98.5251827566553,98.5251827566553,95.4863650268039,98.5251827566553,98.5251827566553,98.5251827566553
"5",99.0123546829994,99.0123546829994,99.0123546829994,99.0123546829994,95.3278527475568,99.0123546829994,99.0123546829994,99.0123546829994
"6",99.3965054306765,99.3965054306765,99.3965054306765,99.3965054306765,95.1494399588555,99.3965054306765,99.3965054306765,99.3965054306765
