"","MAPE","MSE","THEIL","BIAS","LOG.LIK","CONF","R2.ADJ","COMMON.TREND"
"1",99.0211308455317,99.0211308455317,99.0211308455317,99.0211308455317,100.425931969199,99.0211308455317,99.0211308455317,99.0211308455317
"2",98.6010514133182,98.6010514133182,98.6010514133182,98.6010514133182,100.903790769613,98.6010514133182,98.6010514133182,98.6010514133182
"3",98.5447471804007,98.5447471804007,98.5447471804007,98.5447471804007,101.257585015856,98.5447471804007,98.5447471804007,98.5447471804007
"4",98.8009571754534,98.8009571754534,98.8009571754534,98.8009571754534,101.618694207987,98.8009571754534,98.8009571754534,98.8009571754534
"5",99.2480953542438,99.2480953542438,99.2480953542438,99.2480953542438,101.97321214463,99.2480953542438,99.2480953542438,99.2480953542438
"6",99.6163445999411,99.6163445999411,99.6163445999411,99.6163445999411,102.309576066638,99.6163445999411,99.6163445999411,99.6163445999411
