"","MAPE","MSE","THEIL","BIAS","LOG.LIK","CONF","R2.ADJ","COMMON.TREND"
"1",102.00674844771,102.00674844771,102.00674844771,101.961229246261,102.00674844771,101.961229246261,101.961229246261,101.961229246261
"2",102.344692912178,102.344692912178,102.344692912178,102.178638214402,102.344692912178,102.178638214402,102.178638214402,102.178638214402
"3",102.578940765118,102.578940765118,102.578940765118,102.266313097106,102.578940765118,102.266313097106,102.266313097106,102.266313097106
"4",102.904321640649,102.904321640649,102.904321640649,102.412662885643,102.904321640649,102.412662885643,102.412662885643,102.412662885643
"5",103.209971998006,103.209971998006,103.209971998006,102.53826072909,103.209971998006,102.53826072909,102.53826072909,102.53826072909
"6",103.525404743781,103.525404743781,103.525404743781,102.677930211028,103.525404743781,102.677930211028,102.677930211028,102.677930211028
