"","MAPE","MSE","THEIL","BIAS","LOG.LIK","CONF","R2.ADJ","COMMON.TREND"
"Frontera.norte",105.256217430598,105.256217430598,105.256217430598,105.256217430598,105.705026129124,105.256217430598,105.256217430598,105.256217430598
