"","MAPE","MSE","THEIL","BIAS","LOG.LIK","CONF","R2.ADJ","COMMON.TREND"
"1",94.1224435201996,94.1224435201996,94.1224435201996,94.3221382637255,94.3221382637255,94.1224435201996,94.1224435201996,94.1224435201996
"2",93.9981720789588,93.9981720789588,93.9981720789588,94.4493996802632,94.4493996802632,93.9981720789588,93.9981720789588,93.9981720789588
"3",93.9496900653623,93.9496900653623,93.9496900653623,94.636313959022,94.636313959022,93.9496900653623,93.9496900653623,93.9496900653623
