"","MAPE","MSE","THEIL","BIAS","LOG.LIK","CONF","R2.ADJ","COMMON.TREND"
"Mexico",97.3282225150161,97.3282225150161,97.3282225150161,97.3282225150161,97.3282225150161,97.2495469520299,97.2495469520299,97.2495469520299
