"","MAPE","MSE","THEIL","BIAS","LOG.LIK","CONF","R2.ADJ","COMMON.TREND"
"Noreste",99.563387056646,99.563387056646,99.563387056646,99.563387056646,99.6713930538853,99.5040130018363,99.5040130018363,99.5040130018363
