"","MAPE","MSE","THEIL","BIAS","LOG.LIK","CONF","R2.ADJ","COMMON.TREND"
"1",101.998385450046,101.998385450046,101.998385450046,101.963399877646,101.998385450046,101.963399877646,101.998385450046,101.963399877646
"2",102.382752957526,102.382752957526,102.382752957526,102.305597347193,102.382752957526,102.305597347193,102.382752957526,102.305597347193
"3",102.760892629667,102.760892629667,102.760892629667,102.633427064356,102.760892629667,102.633427064356,102.760892629667,102.633427064356
"4",103.138006367289,103.138006367289,103.138006367289,102.958014435042,103.138006367289,102.958014435042,103.138006367289,102.958014435042
"5",103.514848192422,103.514848192422,103.514848192422,103.280591801806,103.514848192422,103.280591801806,103.514848192422,103.280591801806
"6",103.891675764193,103.891675764193,103.891675764193,103.602024828505,103.891675764193,103.602024828505,103.891675764193,103.602024828505
