"","MAPE","MSE","THEIL","BIAS","LOG.LIK","CONF","R2.ADJ","COMMON.TREND"
"1",95.9079552728579,95.9079552728579,95.8634376026767,95.8831021646092,95.9079552728579,95.8634376026767,95.9079552728579,95.8634376026767
"2",96.3077560777194,96.3077560777194,96.239029613579,96.2617622953504,96.3077560777194,96.239029613579,96.3077560777194,96.239029613579
"3",96.7170545441841,96.7170545441841,96.5957836786148,96.6414173681406,96.7170545441841,96.5957836786148,96.7170545441841,96.5957836786148
"4",97.1280108431168,97.1280108431168,96.9394873461912,97.0132956498782,97.1280108431168,96.9394873461912,97.1280108431168,96.9394873461912
"5",97.5445323723269,97.5445323723269,97.2767510760594,97.3791201697013,97.5445323723269,97.2767510760594,97.5445323723269,97.2767510760594
"6",97.9644592315963,97.9644592315963,97.610119365025,97.7351965415163,97.9644592315963,97.610119365025,97.9644592315963,97.610119365025
