"","MAPE","MSE","THEIL","BIAS","LOG.LIK","CONF","R2.ADJ","COMMON.TREND"
"1",99.0738893082938,99.0738893082938,99.0738893082938,99.0738893082938,99.0738893082938,98.9816829277182,99.0738893082938,98.9816829277182
"2",99.4225815162894,99.4225815162894,99.4225815162894,99.4225815162894,99.4225815162894,99.2283319813606,99.4225815162894,99.2283319813606
"3",99.8578955353009,99.8578955353009,99.8578955353009,99.8578955353009,99.8578955353009,99.5220105073998,99.8578955353009,99.5220105073998
"4",100.30545955109,100.30545955109,100.30545955109,100.30545955109,100.30545955109,99.8148526990007,100.30545955109,99.8148526990007
"5",100.770000042286,100.770000042286,100.770000042286,100.770000042286,100.770000042286,100.115001415406,100.770000042286,100.115001415406
"6",101.230577513311,101.230577513311,101.230577513311,101.230577513311,101.230577513311,100.411966795783,101.230577513311,100.411966795783
