"","MAPE","MSE","THEIL","BIAS","LOG.LIK","CONF","R2.ADJ","COMMON.TREND"
"1",99.5303976195172,99.5303976195172,99.5303976195172,99.5303976195172,99.476161224563,99.34158378389,99.34158378389,99.34158378389
"2",99.9559060382413,99.9559060382413,99.9559060382413,99.9559060382413,99.8196703618044,99.4979031637845,99.4979031637845,99.4979031637845
"3",100.440993103438,100.440993103438,100.440993103438,100.440993103438,100.215298463728,99.663797697689,99.663797697689,99.663797697689
"4",100.951282737097,100.951282737097,100.951282737097,100.951282737097,100.644046885995,99.8460733590718,99.8460733590718,99.8460733590718
"5",101.465756979704,101.465756979704,101.465756979704,101.465756979704,101.095332055283,100.050398986833,100.050398986833,100.050398986833
"6",101.970854152787,101.970854152787,101.970854152787,101.970854152787,101.561355060964,100.278102661623,100.278102661623,100.278102661623
