"","MAPE","MSE","THEIL","BIAS","LOG.LIK","CONF","R2.ADJ","COMMON.TREND"
"Noroeste",94.9634942469378,94.9634942469378,94.9634942469378,95.5830206881699,94.9634942469378,95.5830206881699,95.5830206881699,94.9950226396995
