"","MAPE","MSE","THEIL","BIAS","LOG.LIK","CONF","R2.ADJ","COMMON.TREND"
"Mexico",98.4201417070734,98.4201417070734,98.4201417070734,98.3060796011784,98.3841775721804,98.3060796011784,98.3060796011784,98.3060796011784
