"","MAPE","MSE","THEIL","BIAS","LOG.LIK","CONF","R2.ADJ","COMMON.TREND"
"Frontera.norte",97.1396624783534,97.1396624783534,97.1396624783534,97.1396624783534,97.4647423452562,97.1396624783534,97.1396624783534,97.7409162312829
