"","MAPE","MSE","THEIL","BIAS","LOG.LIK","CONF","R2.ADJ","COMMON.TREND"
"1",95.5318115616022,95.5318115616022,95.5318115616022,95.5318115616022,95.5318115616022,95.5318115616022,95.5318115616022,95.5318115616022
"2",95.9237269120224,95.9237269120224,95.9237269120224,95.9237269120224,95.9237269120224,95.9237269120224,95.9237269120224,95.9237269120224
"3",96.303262094116,96.303262094116,96.303262094116,96.303262094116,96.303262094116,96.303262094116,96.303262094116,96.303262094116
"4",96.6398295874362,96.6398295874362,96.6398295874362,96.6398295874362,96.6398295874362,96.6398295874362,96.6398295874362,96.6398295874362
"5",96.9544758755406,96.9544758755406,96.9544758755406,96.9544758755406,96.9544758755406,96.9544758755406,96.9544758755406,96.9544758755406
"6",97.2590155998487,97.2590155998487,97.2590155998487,97.2590155998487,97.2590155998487,97.2590155998487,97.2590155998487,97.2590155998487
