"","MAPE","MSE","THEIL","BIAS","LOG.LIK","CONF","R2.ADJ","COMMON.TREND"
"1",101.560526092537,101.572062834257,101.560526092537,101.537037010885,101.560526092537,101.537037010885,101.572062834257,101.537037010885
"2",101.929006360389,101.95436605498,101.929006360389,101.86557871834,101.929006360389,101.86557871834,101.95436605498,101.86557871834
"3",102.314431959917,102.349912517143,102.314431959917,102.186549136838,102.314431959917,102.186549136838,102.349912517143,102.186549136838
"4",102.708741387828,102.751019753085,102.708741387828,102.501321965444,102.708741387828,102.501321965444,102.751019753085,102.501321965444
"5",103.103854721095,103.148987057186,103.103854721095,102.807979566491,103.103854721095,102.807979566491,103.148987057186,102.807979566491
"6",103.498310279108,103.542487508104,103.498310279108,103.109328869108,103.498310279108,103.109328869108,103.542487508104,103.109328869108
