"","MAPE","MSE","THEIL","BIAS","LOG.LIK","CONF","R2.ADJ","COMMON.TREND"
"Nacional",99.9069653145031,99.9069653145031,99.9069653145031,99.9069653145031,99.8476831461853,99.7793680245494,99.7793680245494,99.7793680245494
