"","MAPE","MSE","THEIL","BIAS","LOG.LIK","CONF","R2.ADJ","COMMON.TREND"
"Nacional",94.6745360706207,94.6745360706207,94.6745360706207,94.6745360706207,94.6838979268143,94.6745360706207,94.6745360706207,94.6745360706207
