"","MAPE","MSE","THEIL","BIAS","LOG.LIK","CONF","R2.ADJ","COMMON.TREND"
"Noroeste",99.2225504134679,99.2225504134679,99.2225504134679,99.2225504134679,99.5209600867527,99.2225504134679,99.2225504134679,99.2225504134679
