"","MAPE","MSE","THEIL","BIAS","LOG.LIK","CONF","R2.ADJ","COMMON.TREND"
"1",95.284781921616,95.284781921616,95.284781921616,95.284781921616,95.3076590066634,95.284781921616,95.284781921616,95.284781921616
"2",95.6896132319198,95.6896132319198,95.6896132319198,95.6896132319198,95.7303391178067,95.6896132319198,95.6896132319198,95.6896132319198
"3",96.0926664332903,96.0926664332903,96.0926664332903,96.0926664332903,96.1524302808724,96.0926664332903,96.0926664332903,96.0926664332903
