"","MAPE","MSE","THEIL","BIAS","LOG.LIK","CONF","R2.ADJ","COMMON.TREND"
"1",96.0695381908334,96.0695381908334,96.0695381908334,96.0695381908334,96.0695381908334,96.0695381908334,96.0695381908334,96.0695381908334
"2",96.3806520359947,96.3806520359947,96.3806520359947,96.3806520359947,96.3806520359947,96.3806520359947,96.3806520359947,96.3806520359947
"3",96.6477985996422,96.6477985996422,96.6477985996422,96.6477985996422,96.6477985996422,96.6477985996422,96.6477985996422,96.6477985996422
