"","MAPE","MSE","THEIL","BIAS","LOG.LIK","CONF","R2.ADJ","COMMON.TREND"
"Centro.norte",97.1629868154933,97.1629868154933,97.1629868154933,97.1629868154933,97.1629868154933,97.1320343948875,97.1320343948875,97.1320343948875
