"","MAPE","MSE","THEIL","BIAS","LOG.LIK","CONF","R2.ADJ","COMMON.TREND"
"1",95.3986404449789,95.3986404449789,95.3986404449789,95.3986404449789,95.3414553621406,95.3986404449789,95.3986404449789,95.3986404449789
"2",95.8555027654292,95.8555027654292,95.8555027654292,95.8555027654292,95.7204925788407,95.8555027654292,95.8555027654292,95.8555027654292
"3",96.2766650701535,96.2766650701535,96.2766650701535,96.2766650701535,96.0920251341871,96.2766650701535,96.2766650701535,96.2766650701535
"4",96.6568098270476,96.6568098270476,96.6568098270476,96.6568098270476,96.4427437637322,96.6568098270476,96.6568098270476,96.6568098270476
"5",97.0055249846876,97.0055249846876,97.0055249846876,97.0055249846876,96.7688502899964,97.0055249846876,97.0055249846876,97.0055249846876
"6",97.3304974474548,97.3304974474548,97.3304974474548,97.3304974474548,97.0701370672928,97.3304974474548,97.3304974474548,97.3304974474548
