"","MAPE","MSE","THEIL","BIAS","LOG.LIK","CONF","R2.ADJ","COMMON.TREND"
"Centro.sur",93.6191595368485,93.6191595368485,93.6191595368485,93.6191595368485,93.5679206623902,93.585520992086,93.585520992086,93.5679206623902
