"","MAPE","MSE","THEIL","BIAS","LOG.LIK","CONF","R2.ADJ","COMMON.TREND"
"Frontera.norte",99.9296435656139,99.9296435656139,99.9296435656139,99.5682572823158,99.5682572823158,99.9296435656139,99.9296435656139,99.5682572823158
