"","MAPE","MSE","THEIL","BIAS","LOG.LIK","CONF","R2.ADJ","COMMON.TREND"
"Noroeste",95.8581199954032,95.8581199954032,95.8581199954032,95.8581199954032,95.8581199954032,95.5317809554172,95.5317809554172,95.9418792425635
