"","MAPE","MSE","THEIL","BIAS","LOG.LIK","CONF","R2.ADJ","COMMON.TREND"
"Centro.sur",94.9413984591504,94.9413984591504,94.9413984591504,94.9413984591504,94.9110997293069,94.9413984591504,94.9413984591504,94.9110997293069
