"","MAPE","MSE","THEIL","BIAS","LOG.LIK","CONF","R2.ADJ","COMMON.TREND"
"1",100.954967219077,100.954967219077,100.954967219077,100.994019324856,100.999394036478,100.954967219077,100.954967219077,100.954967219077
"2",101.307100730948,101.307100730948,101.307100730948,101.399005825727,101.417674677052,101.307100730948,101.307100730948,101.307100730948
"3",101.629097371901,101.629097371901,101.629097371901,101.809853187339,101.832346541123,101.629097371901,101.629097371901,101.629097371901
