"","MAPE","MSE","THEIL","BIAS","LOG.LIK","CONF","R2.ADJ","COMMON.TREND"
"1",99.6685131896174,99.6685131896174,99.6685131896174,99.6685131896174,99.6421167153675,99.6685131896174,99.6685131896174,99.6498864413924
"2",100.038832586669,100.038832586669,100.038832586669,100.038832586669,99.9774571614421,100.038832586669,100.038832586669,99.9877139204145
"3",100.442261247083,100.442261247083,100.442261247083,100.442261247083,100.346281034175,100.442261247083,100.442261247083,100.336324367692
