"","MAPE","MSE","THEIL","BIAS","LOG.LIK","CONF","R2.ADJ","COMMON.TREND"
"1",98.7935297150499,98.7935297150499,98.7935297150499,98.7935297150499,98.7729373341877,98.7314276747747,98.7314276747747,98.7314276747747
"2",99.095279612811,99.095279612811,99.095279612811,99.095279612811,99.0421899013627,98.9614455682252,98.9614455682252,98.9614455682252
"3",99.4582845481293,99.4582845481293,99.4582845481293,99.4582845481293,99.3765483671857,99.2300066923961,99.2300066923961,99.2300066923961
