"","MAPE","MSE","THEIL","BIAS","LOG.LIK","CONF","R2.ADJ","COMMON.TREND"
"Noreste",101.339173728126,101.339173728126,101.339173728126,101.339173728126,101.339173728126,101.30156612319,101.30156612319,101.30156612319
