"","MAPE","MSE","THEIL","BIAS","LOG.LIK","CONF","R2.ADJ","COMMON.TREND"
"Noroeste",96.300476936535,95.4949288844439,95.4949288844439,96.7033379024492,96.300476936535,95.4949288844439,95.4949288844439,96.7033379024492
