"","MAPE","MSE","THEIL","BIAS","LOG.LIK","CONF","R2.ADJ","COMMON.TREND"
"1",99.9069653145034,99.9069653145034,99.9069653145034,99.9069653145034,99.8476831461853,99.7793680245384,99.7793680245384,99.7793680245384
"2",100.307646772489,100.307646772489,100.307646772489,100.307646772489,100.188689216748,99.9350261091401,99.9350261091401,99.9350261091401
"3",100.725492666465,100.725492666465,100.725492666465,100.725492666465,100.546761397459,100.049103917597,100.049103917597,100.049103917597
"4",101.163115078136,101.163115078136,101.163115078136,101.163115078136,100.933683925366,100.164876962499,100.164876962499,100.164876962499
"5",101.610463736022,101.610463736022,101.610463736022,101.610463736022,101.34637314603,100.30300727029,100.30300727029,100.30300727029
"6",102.057347346453,102.057347346453,102.057347346453,102.057347346453,101.777912897449,100.472364615382,100.472364615382,100.472364615382
