"","MAPE","MSE","THEIL","BIAS","LOG.LIK","CONF","R2.ADJ","COMMON.TREND"
"1",101.273384829827,101.273384829827,101.273384829827,101.273384829827,101.601678310288,101.273384829827,101.273384829827,101.273384829827
"2",101.334935763473,101.334935763473,101.334935763473,101.334935763473,101.947839028269,101.334935763473,101.334935763473,101.334935763473
"3",101.447958566099,101.447958566099,101.447958566099,101.447958566099,102.283681430121,101.447958566099,101.447958566099,101.447958566099
"4",101.602029333036,101.602029333036,101.602029333036,101.602029333036,102.59106432718,101.602029333036,101.602029333036,101.602029333036
"5",101.787703838606,101.787703838606,101.787703838606,101.787703838606,102.857446560239,101.787703838606,101.787703838606,101.787703838606
"6",102.000380898756,102.000380898756,102.000380898756,102.000380898756,103.090805198939,102.000380898756,102.000380898756,102.000380898756
