"","MAPE","MSE","THEIL","BIAS","LOG.LIK","CONF","R2.ADJ","COMMON.TREND"
"Noreste",98.3261490934968,98.3261490934968,98.3261490934968,98.3261490934968,98.3261490934968,98.0811099032022,98.0811099032022,98.0811099032022
