"","MAPE","MSE","THEIL","BIAS","LOG.LIK","CONF","R2.ADJ","COMMON.TREND"
"1",99.8774364668787,99.8774364668787,99.8774364668787,99.8774364668787,99.8774364668787,99.8558105516023,99.8558105516023,99.8558105516023
"2",100.263409305198,100.263409305198,100.263409305198,100.263409305198,100.263409305198,100.21611871707,100.21611871707,100.21611871707
"3",100.667871623837,100.667871623837,100.667871623837,100.667871623837,100.667871623837,100.57571084666,100.57571084666,100.57571084666
"4",101.093617377915,101.093617377915,101.093617377915,101.093617377915,101.093617377915,100.940450178794,100.940450178794,100.940450178794
"5",101.533335902296,101.533335902296,101.533335902296,101.533335902296,101.533335902296,101.307742003365,101.307742003365,101.307742003365
"6",101.981498520296,101.981498520296,101.981498520296,101.981498520296,101.981498520296,101.675366328555,101.675366328555,101.675366328555
