"","MAPE","MSE","THEIL","BIAS","LOG.LIK","CONF","R2.ADJ","COMMON.TREND"
"1",102.156849900507,102.156849900507,102.156849900507,102.127846811655,102.156849900507,102.127846811655,102.127846811655,102.127846811655
"2",102.48575665283,102.48575665283,102.48575665283,102.381620096587,102.48575665283,102.381620096587,102.381620096587,102.381620096587
"3",102.741866495134,102.741866495134,102.741866495134,102.533476371245,102.741866495134,102.533476371245,102.533476371245,102.533476371245
