"","MAPE","MSE","THEIL","BIAS","LOG.LIK","CONF","R2.ADJ","COMMON.TREND"
"Nacional",98.4276637186191,98.4276637186191,98.4276637186191,98.2508863875874,98.4276637186191,98.2508863875874,98.2508863875874,98.2508863875874
