"","MAPE","MSE","THEIL","BIAS","LOG.LIK","CONF","R2.ADJ","COMMON.TREND"
"1",98.389200386875,98.389200386875,98.389200386875,98.336024359441,98.372087645774,98.336024359441,98.389200386875,98.336024359441
"2",98.7456138332979,98.7456138332979,98.7456138332979,98.6175062535197,98.7009380741977,98.6175062535197,98.7456138332979,98.6175062535197
"3",99.1435718328716,99.1435718328716,99.1435718328716,98.9242885298639,99.0745557658824,98.9242885298639,99.1435718328716,98.9242885298639
