"","MAPE","MSE","THEIL","BIAS","LOG.LIK","CONF","R2.ADJ","COMMON.TREND"
"Centro.norte",102.064733517414,102.064733517414,102.064733517414,102.031507792053,102.064733517414,102.073815274431,102.073815274431,102.031507792053
