"","MAPE","MSE","THEIL","BIAS","LOG.LIK","CONF","R2.ADJ","COMMON.TREND"
"1",103.633714646034,103.633714646034,103.633714646034,103.357087455151,103.633714646034,103.357087455151,103.357087455151,103.357087455151
"2",104.00982694264,104.00982694264,104.00982694264,103.388160895833,104.00982694264,103.388160895833,103.388160895833,103.388160895833
"3",104.197958417851,104.197958417851,104.197958417851,103.229085844436,104.197958417851,103.229085844436,103.229085844436,103.229085844436
"4",104.538598127279,104.538598127279,104.538598127279,103.222397698857,104.538598127279,103.222397698857,103.222397698857,103.222397698857
"5",104.973242719794,104.973242719794,104.973242719794,103.352262628005,104.973242719794,103.352262628005,103.352262628005,103.352262628005
"6",105.48032644529,105.48032644529,105.48032644529,103.598438148226,105.48032644529,103.598438148226,103.598438148226,103.598438148226
