"","MAPE","MSE","THEIL","BIAS","LOG.LIK","CONF","R2.ADJ","COMMON.TREND"
"Centro.norte",96.4849461415132,96.4849461415132,96.4849461415132,96.4849461415132,96.4849461415132,96.4608531256972,96.4608531256972,96.4608531256972
