"","MAPE","MSE","THEIL","BIAS","LOG.LIK","CONF","R2.ADJ","COMMON.TREND"
"Sur",103.462786517924,103.462786517924,103.462786517924,103.462786517924,103.462786517924,103.178535658608,103.178535658608,103.178535658608
