"","MAPE","MSE","THEIL","BIAS","LOG.LIK","CONF","R2.ADJ","COMMON.TREND"
"1",94.8233680729078,94.8233680729078,94.8233680729078,94.8233680729078,94.8099401088475,94.8233680729078,94.8233680729078,94.8099401088475
"2",95.163934726285,95.163934726285,95.163934726285,95.163934726285,95.1539413813022,95.163934726285,95.163934726285,95.1539413813022
"3",95.4857775862129,95.4857775862129,95.4857775862129,95.4857775862129,95.4695705811427,95.4857775862129,95.4857775862129,95.4695705811427
"4",95.7935149955485,95.7935149955485,95.7935149955485,95.7935149955485,95.7729608692309,95.7935149955485,95.7935149955485,95.7729608692309
"5",96.0799682772321,96.0799682772321,96.0799682772321,96.0799682772321,96.0624905650906,96.0799682772321,96.0799682772321,96.0624905650906
"6",96.3520525625024,96.3520525625024,96.3520525625024,96.3520525625024,96.3504225068273,96.3520525625024,96.3520525625024,96.3504225068273
