"","MAPE","MSE","THEIL","BIAS","LOG.LIK","CONF","R2.ADJ","COMMON.TREND"
"1",103.425500329277,103.425500329277,103.425500329277,103.353517056049,103.425500329277,103.353517056049,103.425500329277,103.353517056049
"2",103.706217103849,103.706217103849,103.706217103849,103.544881134254,103.706217103849,103.544881134254,103.706217103849,103.544881134254
"3",103.955130389001,103.955130389001,103.955130389001,103.64275066549,103.955130389001,103.64275066549,103.955130389001,103.64275066549
"4",104.108402277212,104.108402277212,104.108402277212,103.607067936919,104.108402277212,103.607067936919,104.108402277212,103.607067936919
"5",104.254358870745,104.254358870745,104.254358870745,103.527318676613,104.254358870745,103.527318676613,104.254358870745,103.527318676613
"6",104.4321724055,104.4321724055,104.4321724055,103.463253357854,104.4321724055,103.463253357854,104.4321724055,103.463253357854
