"","MAPE","MSE","THEIL","BIAS","LOG.LIK","CONF","R2.ADJ","COMMON.TREND"
"1",95.0048163833396,95.0048163833396,95.0048163833396,95.0048163833396,95.0892100721771,95.0048163833396,95.0048163833396,95.0048163833396
"2",94.9760124475832,94.9760124475832,94.9760124475832,94.9760124475832,94.9935949776181,94.9760124475832,94.9760124475832,94.9760124475832
"3",94.9578637617818,94.9578637617818,94.9578637617818,94.9578637617818,94.9170736799034,94.9578637617818,94.9578637617818,94.9578637617818
"4",95.0231952143982,95.0231952143982,95.0231952143982,95.0231952143982,94.8605789799262,95.0231952143982,95.0231952143982,95.0231952143982
"5",95.1795652414,95.1795652414,95.1795652414,95.1795652414,94.8500246356258,95.1795652414,95.1795652414,95.1795652414
"6",95.3928453353681,95.3928453353681,95.3928453353681,95.3928453353681,94.8600326408757,95.3928453353681,95.3928453353681,95.3928453353681
