"","MAPE","MSE","THEIL","BIAS","LOG.LIK","CONF","R2.ADJ","COMMON.TREND"
"1",95.8581199954032,95.8581199954032,95.8581199954032,95.8581199954032,95.8581199954032,95.5317809554172,95.5317809554172,95.9418792425635
"2",95.9826612029972,95.9826612029972,95.9826612029972,95.9826612029972,95.9826612029972,94.887898568606,94.887898568606,96.2122611881486
"3",96.4816873868062,96.4816873868062,96.4816873868062,96.4816873868062,96.4816873868062,94.9328576979707,94.9328576979707,96.8630712001414
"4",96.9445064510643,96.9445064510643,96.9445064510643,96.9445064510643,96.9445064510643,95.2042687481759,95.2042687481759,97.4509693982143
"5",97.2378953867306,97.2378953867306,97.2378953867306,97.2378953867306,97.2378953867306,95.5106705359092,95.5106705359092,97.8342746638839
"6",97.4196278107924,97.4196278107924,97.4196278107924,97.4196278107924,97.4196278107924,95.8202090673957,95.8202090673957,98.0820428030502
