"","MAPE","MSE","THEIL","BIAS","LOG.LIK","CONF","R2.ADJ","COMMON.TREND"
"1",95.6378090768362,95.6378090768362,95.6378090768362,95.6378090768362,95.5969028199424,95.6378090768362,95.6378090768362,95.7076018301524
"2",96.1879387130641,96.1879387130641,96.1879387130641,96.1879387130641,96.0105924562843,96.1879387130641,96.1879387130641,96.2595885243497
"3",96.6204150567332,96.6204150567332,96.6204150567332,96.6204150567332,96.2814999664178,96.6204150567332,96.6204150567332,96.7025593501153
"4",96.901051334034,96.901051334034,96.901051334034,96.901051334034,96.4032472443493,96.901051334034,96.901051334034,97.0209040375183
"5",97.1111238426446,97.1111238426446,97.1111238426446,97.1111238426446,96.4545784201185,97.1111238426446,97.1111238426446,97.2746464790573
"6",97.3073310669091,97.3073310669091,97.3073310669091,97.3073310669091,96.4838309949289,97.3073310669091,97.3073310669091,97.4952119618072
