"","MAPE","MSE","THEIL","BIAS","LOG.LIK","CONF","R2.ADJ","COMMON.TREND"
"Centro.sur",101.254450043173,101.254450043173,101.254450043173,101.254450043173,101.303567580461,101.254450043173,101.303567580461,101.254450043173
