"","MAPE","MSE","THEIL","BIAS","LOG.LIK","CONF","R2.ADJ","COMMON.TREND"
"Frontera.norte",105.363665354927,105.363665354927,105.363665354927,105.363665354927,105.796705434978,105.363665354927,105.363665354927,105.363665354927
