"","MAPE","MSE","THEIL","BIAS","LOG.LIK","CONF","R2.ADJ","COMMON.TREND"
"1",99.264047059106,99.264047059106,99.264047059106,99.264047059106,99.3453774203166,99.2880450632694,99.2880450632694,99.2880450632694
"2",99.5540766908401,99.5540766908401,99.5540766908401,99.5540766908401,99.7175666781013,99.5792200917365,99.5792200917365,99.5792200917365
"3",99.8176029369748,99.8176029369748,99.8176029369748,99.8176029369748,100.067253228264,99.847603141642,99.847603141642,99.847603141642
"4",100.133800956016,100.133800956016,100.133800956016,100.133800956016,100.466554746276,100.158171065112,100.158171065112,100.158171065112
"5",100.457570553232,100.457570553232,100.457570553232,100.457570553232,100.873660861941,100.480612862013,100.480612862013,100.480612862013
"6",100.795324454399,100.795324454399,100.795324454399,100.795324454399,101.295015209271,100.818881914067,100.818881914067,100.818881914067
