"","MAPE","MSE","THEIL","BIAS","LOG.LIK","CONF","R2.ADJ","COMMON.TREND"
"1",98.390366140841,98.390366140841,98.390366140841,98.390366140841,98.3768356758037,98.3044385946573,98.3044385946573,98.3044385946573
"2",98.7283651237619,98.7283651237619,98.7283651237619,98.7283651237619,98.6973795673122,98.5507978535551,98.5507978535551,98.5507978535551
"3",99.1358989696111,99.1358989696111,99.1358989696111,99.1358989696111,99.0873407457552,98.8368050808601,98.8368050808601,98.8368050808601
"4",99.5694467164352,99.5694467164352,99.5694467164352,99.5694467164352,99.5033272100182,99.1357004425562,99.1357004425562,99.1357004425562
"5",100.02234532658,100.02234532658,100.02234532658,100.02234532658,99.9397886765565,99.4433813579266,99.4433813579266,99.4433813579266
"6",100.480897732093,100.480897732093,100.480897732093,100.480897732093,100.383608571223,99.7530022108369,99.7530022108369,99.7530022108369
