"","MAPE","MSE","THEIL","BIAS","LOG.LIK","CONF","R2.ADJ","COMMON.TREND"
"1",100.857282063857,100.857282063857,100.857282063857,100.857282063857,100.86190646104,100.857282063857,100.857282063857,100.857282063857
"2",101.091075053468,101.091075053468,101.091075053468,101.091075053468,101.131056641978,101.091075053468,101.091075053468,101.091075053468
"3",101.289506000659,101.289506000659,101.289506000659,101.289506000659,101.401176456509,101.289506000659,101.289506000659,101.289506000659
