"","MAPE","MSE","THEIL","BIAS","LOG.LIK","CONF","R2.ADJ","COMMON.TREND"
"1",102.453685019542,102.453685019542,102.453685019542,102.621844415565,102.411266155792,102.453685019542,102.453685019542,102.453685019542
"2",102.461932066056,102.461932066056,102.461932066056,103.012898911379,102.58940024581,102.461932066056,102.461932066056,102.461932066056
"3",102.327591848476,102.327591848476,102.327591848476,103.384237114652,102.75389235587,102.327591848476,102.327591848476,102.327591848476
