"","MAPE","MSE","THEIL","BIAS","LOG.LIK","CONF","R2.ADJ","COMMON.TREND"
"1",94.8723193718329,94.8723193718329,94.8723193718329,94.8723193718329,94.8734966722587,94.8723193718329,94.8723193718329,94.8734966722587
"2",95.1123529436915,95.1123529436915,95.1123529436915,95.1123529436915,95.0981172439571,95.1123529436915,95.1123529436915,95.0981172439571
"3",95.3419771766149,95.3419771766149,95.3419771766149,95.3419771766149,95.3240897748839,95.3419771766149,95.3419771766149,95.3240897748839
