"","MAPE","MSE","THEIL","BIAS","LOG.LIK","CONF","R2.ADJ","COMMON.TREND"
"1",102.711082715782,102.711082715782,102.711082715782,102.711082715782,102.711082715782,102.661531152833,102.661531152833,102.661531152833
"2",102.976109252548,102.976109252548,102.976109252548,102.976109252548,102.976109252548,102.879100112952,102.879100112952,102.879100112952
"3",103.198142931582,103.198142931582,103.198142931582,103.198142931582,103.198142931582,102.999125693695,102.999125693695,102.999125693695
