"","MAPE","MSE","THEIL","BIAS","LOG.LIK","CONF","R2.ADJ","COMMON.TREND"
"1",99.9069653145031,99.9069653145031,99.9069653145031,99.9069653145031,99.8476831461853,99.7793680245494,99.7793680245494,99.7793680245494
"2",100.307646772489,100.307646772489,100.307646772489,100.307646772489,100.188689216748,99.9350261091596,99.9350261091596,99.9350261091596
"3",100.725492666465,100.725492666465,100.725492666465,100.725492666465,100.546761397459,100.049103917637,100.049103917637,100.049103917637
