"","MAPE","MSE","THEIL","BIAS","LOG.LIK","CONF","R2.ADJ","COMMON.TREND"
"1",97.7523361851345,97.7523361851345,97.7523361851345,96.4085706420566,96.4085706420566,97.7523361851345,97.7523361851345,96.4085706420566
"2",99.2402357642469,99.2402357642469,99.2402357642469,96.3273860171222,96.3273860171222,99.2402357642469,99.2402357642469,96.3273860171222
"3",100.231084903292,100.231084903292,100.231084903292,96.2882480169805,96.2882480169805,100.231084903292,100.231084903292,96.2882480169805
"4",100.751675024527,100.751675024527,100.751675024527,96.3009446414707,96.3009446414707,100.751675024527,100.751675024527,96.3009446414707
"5",100.975542402361,100.975542402361,100.975542402361,96.3833541959448,96.3833541959448,100.975542402361,100.975542402361,96.3833541959448
"6",101.063752407113,101.063752407113,101.063752407113,96.4749575940669,96.4749575940669,101.063752407113,101.063752407113,96.4749575940669
