"","MAPE","MSE","THEIL","BIAS","LOG.LIK","CONF","R2.ADJ","COMMON.TREND"
"1",98.69358314663,98.69358314663,98.69358314663,98.69358314663,99.0229513959531,98.69358314663,98.69358314663,98.69358314663
"2",98.8430759717159,98.8430759717159,98.8430759717159,98.8430759717159,99.465495166433,98.8430759717159,98.8430759717159,98.8430759717159
"3",99.2896653229358,99.2896653229358,99.2896653229358,99.2896653229358,100.087698787744,99.2896653229358,99.2896653229358,99.2896653229358
