"","MAPE","MSE","THEIL","BIAS","LOG.LIK","CONF","R2.ADJ","COMMON.TREND"
"Noroeste",95.4589650776894,95.4589650776894,95.4589650776894,95.4589650776894,94.7527548446766,95.4589650776894,95.4589650776894,94.7527548446766
