"","MAPE","MSE","THEIL","BIAS","LOG.LIK","CONF","R2.ADJ","COMMON.TREND"
"Sur",94.6952095079876,94.6952095079876,94.6952095079876,94.6952095079876,94.6573290115325,94.5480203861454,94.5480203861454,94.6573290115325
