"","MAPE","MSE","THEIL","BIAS","LOG.LIK","CONF","R2.ADJ","COMMON.TREND"
"1",98.9334010404979,98.9334010404979,98.9334010404979,98.9458369100764,98.9458369100764,98.8509166367451,98.8509166367451,98.9334010404979
"2",98.9405584192251,98.9405584192251,98.9405584192251,98.9769666421708,98.9769666421708,98.8981256725386,98.8981256725386,98.9405584192251
"3",99.1161405770136,99.1161405770136,99.1161405770136,99.1767197657473,99.1767197657473,99.0956598770493,99.0956598770493,99.1161405770136
