"","MAPE","MSE","THEIL","BIAS","LOG.LIK","CONF","R2.ADJ","COMMON.TREND"
"Nacional",98.9148565445757,98.9148565445757,98.9148565445757,98.9148565445757,98.8445790095339,98.5566109867637,98.5566109867637,98.5566109867637
