"","MAPE","MSE","THEIL","BIAS","LOG.LIK","CONF","R2.ADJ","COMMON.TREND"
"1",99.4692243989792,99.4692243989792,99.4692243989792,99.1790310776047,99.4665572479552,99.1790310776047,99.1790310776047,99.1790310776047
"2",99.7434763622537,99.7434763622537,99.7434763622537,99.2545947822228,99.7102378701589,99.2545947822228,99.2545947822228,99.2545947822228
"3",100.103872671048,100.103872671048,100.103872671048,99.3242461506316,100.046995739819,99.3242461506316,99.3242461506316,99.3242461506316
"4",100.48590453362,100.48590453362,100.48590453362,99.4068607477807,100.405305284572,99.4068607477807,99.4068607477807,99.4068607477807
"5",100.897323973261,100.897323973261,100.897323973261,99.5106175841781,100.799312022353,99.5106175841781,99.5106175841781,99.5106175841781
"6",101.304269284229,101.304269284229,101.304269284229,99.63570001732,101.198281961357,99.63570001732,99.63570001732,99.63570001732
