"","MAPE","MSE","THEIL","BIAS","LOG.LIK","CONF","R2.ADJ","COMMON.TREND"
"1",100.973184639885,100.973184639885,100.973184639885,100.973184639885,101.001380279254,100.973184639885,100.973184639885,100.973184639885
"2",101.355508401741,101.355508401741,101.355508401741,101.355508401741,101.42780819495,101.355508401741,101.355508401741,101.355508401741
"3",101.716893132247,101.716893132247,101.716893132247,101.716893132247,101.858053450111,101.716893132247,101.716893132247,101.716893132247
