"","MAPE","MSE","THEIL","BIAS","LOG.LIK","CONF","R2.ADJ","COMMON.TREND"
"1",98.4129066426384,98.4129066426384,98.4129066426384,98.9426473972134,98.6624330010649,98.4129066426384,98.4129066426384,98.6624330010649
"2",98.8870765758035,98.8870765758035,98.8870765758035,99.3215314725534,98.7162845671568,98.8870765758035,98.8870765758035,98.7162845671568
"3",98.8876442634132,98.8876442634132,98.8876442634132,99.333997601052,98.4004777332631,98.8876442634132,98.8876442634132,98.4004777332631
"4",98.967990504448,98.967990504448,98.967990504448,99.4707418718816,98.2787583489836,98.967990504448,98.967990504448,98.2787583489836
"5",99.2338589691582,99.2338589691582,99.2338589691582,99.7751334683413,98.3860845012182,99.2338589691582,99.2338589691582,98.3860845012182
"6",99.5526518270494,99.5526518270494,99.5526518270494,100.131767373502,98.5811096481708,99.5526518270494,99.5526518270494,98.5811096481708
