"","MAPE","MSE","THEIL","BIAS","LOG.LIK","CONF","R2.ADJ","COMMON.TREND"
"1",98.390366140841,98.390366140841,98.390366140841,98.390366140841,98.3768356758037,98.3044385946573,98.3044385946573,98.3044385946573
"2",98.7283651237619,98.7283651237619,98.7283651237619,98.7283651237619,98.6973795673122,98.5507978535551,98.5507978535551,98.5507978535551
"3",99.1358989696111,99.1358989696111,99.1358989696111,99.1358989696111,99.0873407457552,98.8368050808601,98.8368050808601,98.8368050808601
