"","MAPE","MSE","THEIL","BIAS","LOG.LIK","CONF","R2.ADJ","COMMON.TREND"
"Centro.norte",98.911617389074,98.911617389074,98.911617389074,98.911617389074,98.900675856474,98.8837765561627,98.8837765561627,98.8837765561627
