"","MAPE","MSE","THEIL","BIAS","LOG.LIK","CONF","R2.ADJ","COMMON.TREND"
"1",98.1821495148087,98.1821495148087,98.1821495148087,98.1821495148087,98.0199475780739,98.0199475780739,98.0199475780739,98.0199475780739
"2",98.4945986587356,98.4945986587356,98.4945986587356,98.4945986587356,98.1513266522255,98.1513266522255,98.1513266522255,98.1513266522255
"3",98.6222062451839,98.6222062451839,98.6222062451839,98.6222062451839,98.0967899816066,98.0967899816066,98.0967899816066,98.0967899816066
