"","MAPE","MSE","THEIL","BIAS","LOG.LIK","CONF","R2.ADJ","COMMON.TREND"
"1",98.8237185648396,98.8237185648396,98.8237185648396,98.8237185648396,98.8630266788381,98.8114766270149,98.8114766270149,98.8114766270149
"2",98.9836510660456,98.9836510660456,98.9836510660456,98.9836510660456,99.070995038394,98.9920366121238,98.9920366121238,98.9920366121238
"3",99.2296643656285,99.2296643656285,99.2296643656285,99.2296643656285,99.3640716387222,99.2488245316439,99.2488245316439,99.2488245316439
"4",99.5062969391456,99.5062969391456,99.5062969391456,99.5062969391456,99.6857217805252,99.5398732654159,99.5398732654159,99.5398732654159
"5",99.8077414640537,99.8077414640537,99.8077414640537,99.8077414640537,100.031287208523,99.8542642894428,99.8542642894428,99.8542642894428
"6",100.117109713607,100.117109713607,100.117109713607,100.117109713607,100.38602717712,100.180780523801,100.180780523801,100.180780523801
