"","MAPE","MSE","THEIL","BIAS","LOG.LIK","CONF","R2.ADJ","COMMON.TREND"
"1",103.373883608368,103.373883608368,103.373883608368,103.189376496761,103.287791935309,103.189376496761,103.189376496761,103.189376496761
"2",103.601676905435,103.601676905435,103.601676905435,103.12865405958,103.412570739156,103.12865405958,103.12865405958,103.12865405958
"3",103.905115242256,103.905115242256,103.905115242256,103.128221458252,103.592698902701,103.128221458252,103.128221458252,103.128221458252
"4",104.2984103116,104.2984103116,104.2984103116,103.225479365933,103.852242283096,103.225479365933,103.225479365933,103.225479365933
"5",104.761551061779,104.761551061779,104.761551061779,103.429103899497,104.177699020225,103.429103899497,103.429103899497,103.429103899497
"6",105.260418357384,105.260418357384,105.260418357384,103.713843477385,104.540212994466,103.713843477385,103.713843477385,103.713843477385
