"","MAPE","MSE","THEIL","BIAS","LOG.LIK","CONF","R2.ADJ","COMMON.TREND"
"Frontera.norte",95.2243674596389,95.2243674596389,95.2243674596389,95.2243674596389,95.2243674596389,95.385879548584,95.385879548584,95.385879548584
