"","MAPE","MSE","THEIL","BIAS","LOG.LIK","CONF","R2.ADJ","COMMON.TREND"
"1",96.8312497957214,96.8312497957214,96.8312497957214,96.8004943370537,96.8004943370537,96.8004943370537,96.8004943370537,96.8004943370537
"2",97.2717707048157,97.2717707048157,97.2717707048157,97.2330016491246,97.2330016491246,97.2330016491246,97.2330016491246,97.2330016491246
"3",97.5590763422062,97.5590763422062,97.5590763422062,97.4991018003978,97.4991018003978,97.4991018003978,97.4991018003978,97.4991018003978
"4",97.8057933224966,97.8057933224966,97.8057933224966,97.7253261780257,97.7253261780257,97.7253261780257,97.7253261780257,97.7253261780257
"5",97.9927604743809,97.9927604743809,97.9927604743809,97.890560300086,97.890560300086,97.890560300086,97.890560300086,97.890560300086
"6",98.1552655120609,98.1552655120609,98.1552655120609,98.0326616388111,98.0326616388111,98.0326616388111,98.0326616388111,98.0326616388111
