"","MAPE","MSE","THEIL","BIAS","LOG.LIK","CONF","R2.ADJ","COMMON.TREND"
"Frontera.norte",102.453685019542,102.453685019542,102.453685019542,102.453685019542,102.411266155792,102.453685019542,102.453685019542,102.453685019542
