"","MAPE","MSE","THEIL","BIAS","LOG.LIK","CONF","R2.ADJ","COMMON.TREND"
"1",100.28565630692,100.28565630692,100.28565630692,100.28565630692,100.28565630692,100.322930908099,100.322930908099,100.293476734634
"2",100.644424412301,100.644424412301,100.644424412301,100.644424412301,100.644424412301,100.715045558793,100.715045558793,100.643293964838
"3",101.027737898689,101.027737898689,101.027737898689,101.027737898689,101.027737898689,101.120966363052,101.120966363052,100.984667162963
"4",101.414544847533,101.414544847533,101.414544847533,101.414544847533,101.414544847533,101.52186336135,101.52186336135,101.309226234169
"5",101.807119197141,101.807119197141,101.807119197141,101.807119197141,101.807119197141,101.920011605778,101.920011605778,101.623397499975
"6",102.200510322102,102.200510322102,102.200510322102,102.200510322102,102.200510322102,102.311107007711,102.311107007711,101.928646692128
