"","MAPE","MSE","THEIL","BIAS","LOG.LIK","CONF","R2.ADJ","COMMON.TREND"
"1",96.8192166609411,96.8192166609411,96.8192166609411,96.8192166609411,96.8192166609411,96.8095354173594,96.8095354173594,96.8095354173594
"2",97.1197383957241,97.1197383957241,97.1197383957241,97.1197383957241,97.1197383957241,97.080730915254,97.080730915254,97.080730915254
"3",97.3411778914391,97.3411778914391,97.3411778914391,97.3411778914391,97.3411778914391,97.3034484947683,97.3034484947683,97.3034484947683
"4",97.5954374047473,97.5954374047473,97.5954374047473,97.5954374047473,97.5954374047473,97.5575587555895,97.5575587555895,97.5575587555895
"5",97.8331251492259,97.8331251492259,97.8331251492259,97.8331251492259,97.8331251492259,97.8085180058169,97.8085180058169,97.8085180058169
"6",98.0829517455174,98.0829517455174,98.0829517455174,98.0829517455174,98.0829517455174,98.0713038393244,98.0713038393244,98.0713038393244
