"","MAPE","MSE","THEIL","BIAS","LOG.LIK","CONF","R2.ADJ","COMMON.TREND"
"Centro.norte",94.2846100055573,94.2846100055573,94.2846100055573,94.2846100055573,94.2928970055254,94.2846100055573,94.2846100055573,94.2928970055254
