"","MAPE","MSE","THEIL","BIAS","LOG.LIK","CONF","R2.ADJ","COMMON.TREND"
"1",95.0457467681624,95.0457467681624,95.0457467681624,95.0457467681624,95.3212094530831,95.0457467681624,95.0457467681624,95.3921378650945
"2",95.1071481062432,95.1071481062432,95.1071481062432,95.1071481062432,95.6209780978792,95.1071481062432,95.1071481062432,95.7864198782743
"3",95.2227905762573,95.2227905762573,95.2227905762573,95.2227905762573,95.9060921615332,95.2227905762573,95.2227905762573,96.1835649745828
"4",95.252058252842,95.252058252842,95.252058252842,95.252058252842,96.058835895944,95.252058252842,95.252058252842,96.4664753195711
"5",95.2559007450775,95.2559007450775,95.2559007450775,95.2559007450775,96.1329230194748,95.2559007450775,95.2559007450775,96.6685562461484
"6",95.3200708160134,95.3200708160134,95.3200708160134,95.3200708160134,96.2028364179621,95.3200708160134,95.3200708160134,96.8467535896826
