"","MAPE","MSE","THEIL","BIAS","LOG.LIK","CONF","R2.ADJ","COMMON.TREND"
"1",98.0557228015559,98.0557228015559,98.0557228015559,98.0557228015559,98.0557228015559,97.9275968666924,97.9275968666924,97.9275968666924
"2",98.5093018789873,98.5093018789873,98.5093018789873,98.5093018789873,98.5093018789873,98.212312008928,98.212312008928,98.212312008928
"3",98.8573563936759,98.8573563936759,98.8573563936759,98.8573563936759,98.8573563936759,98.3787122205242,98.3787122205242,98.3787122205242
"4",99.2822561150326,99.2822561150326,99.2822561150326,99.2822561150326,99.2822561150326,98.5989370769191,98.5989370769191,98.5989370769191
"5",99.761144213731,99.761144213731,99.761144213731,99.761144213731,99.761144213731,98.8695610321869,98.8695610321869,98.8695610321869
"6",100.285997430943,100.285997430943,100.285997430943,100.285997430943,100.285997430943,99.1852308647011,99.1852308647011,99.1852308647011
