"","MAPE","MSE","THEIL","BIAS","LOG.LIK","CONF","R2.ADJ","COMMON.TREND"
"1",98.8625413099331,98.8625413099331,98.8625413099331,98.8625413099331,98.8416992275887,98.8116044992785,98.8116044992785,98.8116044992785
"2",99.1918703269246,99.1918703269246,99.1918703269246,99.1918703269246,99.1455233289659,99.0828691736099,99.0828691736099,99.0828691736099
"3",99.5775957693336,99.5775957693336,99.5775957693336,99.5775957693336,99.5075377489302,99.3888950087862,99.3888950087862,99.3888950087862
