"","MAPE","MSE","THEIL","BIAS","LOG.LIK","CONF","R2.ADJ","COMMON.TREND"
"1",98.1821495148087,98.1821495148087,98.1821495148087,98.1821495148087,98.0199475780739,98.0199475780739,98.0199475780739,98.0199475780739
"2",98.4945986587356,98.4945986587356,98.4945986587356,98.4945986587356,98.1513266522255,98.1513266522255,98.1513266522255,98.1513266522255
"3",98.6222062451839,98.6222062451839,98.6222062451839,98.6222062451839,98.0967899816066,98.0967899816066,98.0967899816066,98.0967899816066
"4",98.9115717245679,98.9115717245679,98.9115717245679,98.9115717245679,98.1943402987849,98.1943402987849,98.1943402987849,98.1943402987849
"5",99.2555182716097,99.2555182716097,99.2555182716097,99.2555182716097,98.3449650211204,98.3449650211204,98.3449650211204,98.3449650211204
"6",99.6750136629982,99.6750136629982,99.6750136629982,99.6750136629982,98.5827527830814,98.5827527830814,98.5827527830814,98.5827527830814
