"","MAPE","MSE","THEIL","BIAS","LOG.LIK","CONF","R2.ADJ","COMMON.TREND"
"1",101.273384829827,101.273384829827,101.273384829827,101.273384829827,101.601678310288,101.273384829827,101.273384829827,101.273384829827
"2",101.334935763473,101.334935763473,101.334935763473,101.334935763473,101.947839028269,101.334935763473,101.334935763473,101.334935763473
"3",101.447958566099,101.447958566099,101.447958566099,101.447958566099,102.283681430121,101.447958566099,101.447958566099,101.447958566099
