"","MAPE","MSE","THEIL","BIAS","LOG.LIK","CONF","R2.ADJ","COMMON.TREND"
"1",99.4644624552722,99.4644624552722,99.4644624552722,99.4644624552722,99.4644624552722,99.3165205614875,99.3165205614875,99.3165205614875
"2",99.8105330462321,99.8105330462321,99.8105330462321,99.8105330462321,99.8105330462321,99.4466065707445,99.4466065707445,99.4466065707445
"3",100.25425229186,100.25425229186,100.25425229186,100.25425229186,100.25425229186,99.5957075935285,99.5957075935285,99.5957075935285
"4",100.769397550106,100.769397550106,100.769397550106,100.769397550106,100.769397550106,99.7779638366917,99.7779638366917,99.7779638366917
"5",101.326886671248,101.326886671248,101.326886671248,101.326886671248,101.326886671248,99.9949397460987,99.9949397460987,99.9949397460987
"6",101.905295515495,101.905295515495,101.905295515495,101.905295515495,101.905295515495,100.245082912402,100.245082912402,100.245082912402
