"","MAPE","MSE","THEIL","BIAS","LOG.LIK","CONF","R2.ADJ","COMMON.TREND"
"Centro.norte",93.6099416328495,93.6099416328495,93.6099416328495,93.6610336634337,93.6514385343302,93.6514385343302,93.6514385343302,93.6514385343302
