"","MAPE","MSE","THEIL","BIAS","LOG.LIK","CONF","R2.ADJ","COMMON.TREND"
"1",95.0457467681359,95.0457467681359,95.0457467681359,95.0457467681359,95.3212094530832,95.0457467681359,95.0457467681359,95.392137865095
"2",95.1071481061777,95.1071481061777,95.1071481061777,95.1071481061777,95.6209780978797,95.1071481061777,95.1071481061777,95.786419878276
"3",95.2227905762306,95.2227905762306,95.2227905762306,95.2227905762306,95.9060921615336,95.2227905762306,95.2227905762306,96.1835649745821
