"","MAPE","MSE","THEIL","BIAS","LOG.LIK","CONF","R2.ADJ","COMMON.TREND"
"1",94.89386076112,94.89386076112,94.89386076112,94.810047710498,94.7192036754159,94.89386076112,94.89386076112,94.7192036754159
"2",95.1835518686288,95.1835518686288,95.1835518686288,95.0045539796021,94.8417160752197,95.1835518686288,95.1835518686288,94.8417160752197
"3",95.4102328851409,95.4102328851409,95.4102328851409,95.1117696293732,94.8465988307792,95.4102328851409,95.4102328851409,94.8465988307792
"4",95.6417510850971,95.6417510850971,95.6417510850971,95.2448256227537,94.858390160139,95.6417510850971,95.6417510850971,94.858390160139
"5",95.8727690643243,95.8727690643243,95.8727690643243,95.3639198273709,94.852894327239,95.8727690643243,95.8727690643243,94.852894327239
"6",96.1349559385174,96.1349559385174,96.1349559385174,95.5077826603651,94.8849150458325,96.1349559385174,96.1349559385174,94.8849150458325
