"","MAPE","MSE","THEIL","BIAS","LOG.LIK","CONF","R2.ADJ","COMMON.TREND"
"1",103.931976353431,103.931976353431,103.931976353431,105.08724425148,105.08724425148,103.931976353431,103.931976353431,103.931976353431
"2",103.506590139415,103.506590139415,103.506590139415,105.85613347273,105.85613347273,103.506590139415,103.506590139415,103.506590139415
"3",103.452517486293,103.452517486293,103.452517486293,106.505087826741,106.505087826741,103.452517486293,103.452517486293,103.452517486293
