"","MAPE","MSE","THEIL","BIAS","LOG.LIK","CONF","R2.ADJ","COMMON.TREND"
"1",98.390366140841,98.390366140841,98.390366140841,98.3044385946573,98.3768356758037,98.3044385946573,98.3044385946573,98.3044385946573
"2",98.7283651237619,98.7283651237619,98.7283651237619,98.5507978535554,98.6973795673122,98.5507978535554,98.5507978535554,98.5507978535554
"3",99.1358989696111,99.1358989696111,99.1358989696111,98.8368050808491,99.0873407457551,98.8368050808491,98.8368050808491,98.8368050808491
"4",99.5694467164353,99.5694467164353,99.5694467164353,99.1357004425382,99.5033272100181,99.1357004425382,99.1357004425382,99.1357004425382
"5",100.022345326581,100.022345326581,100.022345326581,99.4433813578936,99.9397886765564,99.4433813578936,99.4433813578936,99.4433813578936
"6",100.480897732094,100.480897732094,100.480897732094,99.7530022108048,100.383608571223,99.7530022108048,99.7530022108048,99.7530022108048
