"","MAPE","MSE","THEIL","BIAS","LOG.LIK","CONF","R2.ADJ","COMMON.TREND"
"1",99.6387509207322,99.6285273023176,99.6387509207322,99.6285273023176,99.6387509207322,99.6343634433164,99.6343634433164,99.6343634433164
"2",99.9618930885889,99.9392425329443,99.9618930885889,99.9392425329443,99.9618930885889,99.9461450933556,99.9461450933556,99.9461450933556
"3",100.31512107973,100.279501799514,100.31512107973,100.279501799514,100.31512107973,100.269991973957,100.269991973957,100.269991973957
"4",100.695296816349,100.646431604491,100.695296816349,100.646431604491,100.695296816349,100.604881434857,100.604881434857,100.604881434857
"5",101.093811714883,101.031760549034,101.093811714883,101.031760549034,101.093811714883,100.943272622084,100.943272622084,100.943272622084
"6",101.503736594498,101.428730950433,101.503736594498,101.428730950433,101.503736594498,101.280949993999,101.280949993999,101.280949993999
