"","MAPE","MSE","THEIL","BIAS","LOG.LIK","CONF","R2.ADJ","COMMON.TREND"
"1",99.6387509207322,99.6387509207322,99.6387509207322,99.6285273023176,99.6387509207322,99.6343634433164,99.6343634433164,99.6343634433164
"2",99.9618930885889,99.9618930885889,99.9618930885889,99.9392425329444,99.9618930885889,99.9461450933561,99.9461450933561,99.9461450933561
"3",100.31512107973,100.31512107973,100.31512107973,100.279501799514,100.31512107973,100.269991973963,100.269991973963,100.269991973963
"4",100.695296816349,100.695296816349,100.695296816349,100.646431604491,100.695296816349,100.604881434858,100.604881434858,100.604881434858
"5",101.093811714883,101.093811714883,101.093811714883,101.031760549034,101.093811714883,100.943272622088,100.943272622088,100.943272622088
"6",101.503736594498,101.503736594498,101.503736594498,101.428730950434,101.503736594498,101.280949994001,101.280949994001,101.280949994001
