"","MAPE","MSE","THEIL","BIAS","LOG.LIK","CONF","R2.ADJ","COMMON.TREND"
"1",101.842914961634,101.842914961634,101.842914961634,101.842914961634,101.92719535288,101.842914961634,101.842914961634,101.842914961634
"2",102.102930462393,102.102930462393,102.102930462393,102.102930462393,102.345435535088,102.102930462393,102.102930462393,102.102930462393
"3",102.284058415141,102.284058415141,102.284058415141,102.284058415141,102.725467237216,102.284058415141,102.284058415141,102.284058415141
"4",102.426742064004,102.426742064004,102.426742064004,102.426742064004,103.078559587225,102.426742064004,102.426742064004,102.426742064004
"5",102.561377242693,102.561377242693,102.561377242693,102.561377242693,103.410902920408,102.561377242693,102.561377242693,102.561377242693
"6",102.705390649839,102.705390649839,102.705390649839,102.705390649839,103.727912617152,102.705390649839,102.705390649839,102.705390649839
