"","MAPE","MSE","THEIL","BIAS","LOG.LIK","CONF","R2.ADJ","COMMON.TREND"
"1",99.7530145402562,99.7530145402562,99.7530145402562,99.7530145402562,99.7454469540445,99.7825813857683,99.7825813857683,99.7825813857683
"2",99.8799185599324,99.8799185599324,99.8799185599324,99.8799185599324,99.8681151971541,99.8446022713155,99.8446022713155,99.8446022713155
"3",99.9998513845843,99.9998513845843,99.9998513845843,99.9998513845843,99.9974509642991,99.9099789568045,99.9099789568045,99.9099789568045
"4",100.175858379147,100.175858379147,100.175858379147,100.175858379147,100.179462722666,99.9892843586531,99.9892843586531,99.9892843586531
"5",100.398536970815,100.398536970815,100.398536970815,100.398536970815,100.413371800972,100.097843556273,100.097843556273,100.097843556273
"6",100.658033063659,100.658033063659,100.658033063659,100.658033063659,100.690679732805,100.234596596876,100.234596596876,100.234596596876
