"","MAPE","MSE","THEIL","BIAS","LOG.LIK","CONF","R2.ADJ","COMMON.TREND"
"1",99.264047059106,99.264047059106,99.264047059106,99.264047059106,99.3453774203166,99.2880450632694,99.2880450632694,99.2880450632694
"2",99.5540766908401,99.5540766908401,99.5540766908401,99.5540766908401,99.7175666781013,99.5792200917377,99.5792200917377,99.5792200917377
"3",99.8176029369748,99.8176029369748,99.8176029369748,99.8176029369748,100.067253228264,99.847603141618,99.847603141618,99.847603141618
"4",100.133800956016,100.133800956016,100.133800956016,100.133800956016,100.466554746275,100.158171065074,100.158171065074,100.158171065074
"5",100.457570553232,100.457570553232,100.457570553232,100.457570553232,100.873660861941,100.480612861972,100.480612861972,100.480612861972
"6",100.795324454398,100.795324454398,100.795324454398,100.795324454398,101.295015209271,100.81888191399,100.81888191399,100.81888191399
