"","MAPE","MSE","THEIL","BIAS","LOG.LIK","CONF","R2.ADJ","COMMON.TREND"
"1",101.488020564973,101.488020564973,101.488020564973,101.488020564973,101.540995834918,101.540995834918,101.540995834918,101.488020564973
"2",101.799683635515,101.799683635515,101.799683635515,101.799683635515,101.923763137037,101.923763137037,101.923763137037,101.799683635515
"3",102.093570121929,102.093570121929,102.093570121929,102.093570121929,102.307294944465,102.307294944465,102.307294944465,102.093570121929
