"","MAPE","MSE","THEIL","BIAS","LOG.LIK","CONF","R2.ADJ","COMMON.TREND"
"1",103.50419835815,103.50419835815,103.50419835815,103.481725062774,103.50419835815,103.479830183623,103.479830183623,103.479830183623
"2",103.855636053107,103.855636053107,103.855636053107,103.805239928734,103.855636053107,103.793191683025,103.793191683025,103.793191683025
"3",104.244988649939,104.244988649939,104.244988649939,104.169264728535,104.244988649939,104.123620239731,104.123620239731,104.123620239731
