"","MAPE","MSE","THEIL","BIAS","LOG.LIK","CONF","R2.ADJ","COMMON.TREND"
"1",93.5006329486924,93.5006329486924,93.5006329486924,93.5006329486924,93.5054971733254,93.4813074891158,93.4813074891158,93.4813074891158
"2",93.6783905623366,93.6783905623366,93.6783905623366,93.6783905623366,93.7327200240378,93.7195543266075,93.7195543266075,93.7195543266075
"3",93.7809699014741,93.7809699014741,93.7809699014741,93.7809699014741,93.8939107993036,93.8963117827362,93.8963117827362,93.8963117827362
"4",93.9444548489906,93.9444548489906,93.9444548489906,93.9444548489906,94.1141401186948,94.1314433958118,94.1314433958118,94.1314433958118
"5",94.1456877665526,94.1456877665526,94.1456877665526,94.1456877665526,94.3597695019265,94.3946810895872,94.3946810895872,94.3946810895872
"6",94.3570235404098,94.3570235404098,94.3570235404098,94.3570235404098,94.6002639834877,94.6617262996511,94.6617262996511,94.6617262996511
