"","MAPE","MSE","THEIL","BIAS","LOG.LIK","CONF","R2.ADJ","COMMON.TREND"
"1",99.3493994624573,99.3493994624573,99.3493994624573,99.3493994624573,99.3323680540316,99.2942631204691,99.2942631204691,99.2942631204691
"2",99.6769202095125,99.6769202095125,99.6769202095125,99.6769202095125,99.6281409055537,99.5138858903397,99.5138858903397,99.5138858903397
"3",100.048897655052,100.048897655052,100.048897655052,100.048897655052,99.9758209102351,99.7528185612925,99.7528185612925,99.7528185612925
