"","MAPE","MSE","THEIL","BIAS","LOG.LIK","CONF","R2.ADJ","COMMON.TREND"
"1",99.206698676292,99.206698676292,99.206698676292,99.2002738111057,99.206698676292,99.2045455125821,99.2045455125821,99.2045455125821
"2",99.5083517794413,99.5083517794413,99.5083517794413,99.4939613551103,99.5083517794413,99.4852389801585,99.4852389801585,99.4852389801585
"3",99.8374295171318,99.8374295171318,99.8374295171318,99.8147951721614,99.8374295171318,99.7795153229626,99.7795153229626,99.7795153229626
