"","MAPE","MSE","THEIL","BIAS","LOG.LIK","CONF","R2.ADJ","COMMON.TREND"
"1",94.8167886753187,94.8167886753187,94.8167886753187,94.8167886753187,94.8167886753187,94.8347651710736,94.8347651710736,94.8347651710736
"2",95.0793569525576,95.0793569525576,95.0793569525576,95.0793569525576,95.0793569525576,95.106119779614,95.106119779614,95.106119779614
"3",95.3381742627686,95.3381742627686,95.3381742627686,95.3381742627686,95.3381742627686,95.3675896196689,95.3675896196689,95.3675896196689
