"","MAPE","MSE","THEIL","BIAS","LOG.LIK","CONF","R2.ADJ","COMMON.TREND"
"Mexico",93.9375478030782,93.9375478030782,93.9375478030782,93.9375478030782,93.9476439758682,93.9375478030782,93.9375478030782,93.9476439758682
