"","MAPE","MSE","THEIL","BIAS","LOG.LIK","CONF","R2.ADJ","COMMON.TREND"
"Frontera.norte",101.133562888607,101.133562888607,101.133562888607,101.133562888607,101.425691633158,101.133562888607,101.133562888607,101.133562888607
