"","MAPE","MSE","THEIL","BIAS","LOG.LIK","CONF","R2.ADJ","COMMON.TREND"
"1",102.13292797773,102.13292797773,102.13292797773,102.13292797773,102.217346223991,102.045737888454,102.045737888454,102.045737888454
"2",102.470949375122,102.470949375122,102.470949375122,102.470949375122,102.651488512833,102.207832387136,102.207832387136,102.207832387136
"3",102.761960842248,102.761960842248,102.761960842248,102.761960842248,103.057530718874,102.327863220581,102.327863220581,102.327863220581
"4",103.066354477376,103.066354477376,103.066354477376,103.066354477376,103.493898497518,102.444835300296,102.444835300296,102.444835300296
"5",103.331003715084,103.331003715084,103.331003715084,103.331003715084,103.90334313539,102.540993419754,102.540993419754,102.540993419754
"6",103.590252962315,103.590252962315,103.590252962315,103.590252962315,104.312252054039,102.663731870039,102.663731870039,102.663731870039
