"","MAPE","MSE","THEIL","BIAS","LOG.LIK","CONF","R2.ADJ","COMMON.TREND"
"1",94.6952095079876,94.6952095079876,94.6952095079876,94.6952095079876,94.6573290115325,94.5480203861454,94.5480203861454,94.6573290115325
"2",94.7733777329573,94.7733777329573,94.7733777329573,94.7733777329573,94.6734248051942,94.2974160465132,94.2974160465132,94.6734248051942
"3",94.8668422612114,94.8668422612114,94.8668422612114,94.8668422612114,94.7009371697974,94.1335574094974,94.1335574094974,94.7009371697974
"4",95.0708451063359,95.0708451063359,95.0708451063359,95.0708451063359,94.8325401168381,94.153739425542,94.153739425542,94.8325401168381
"5",95.2927604469731,95.2927604469731,95.2927604469731,95.2927604469731,94.9847943575921,94.2657279042106,94.2657279042106,94.9847943575921
"6",95.5140159707824,95.5140159707824,95.5140159707824,95.5140159707824,95.1469089743144,94.4475303834232,94.4475303834232,95.1469089743144
