"","MAPE","MSE","THEIL","BIAS","LOG.LIK","CONF","R2.ADJ","COMMON.TREND"
"Centro.sur",99.264047059106,99.264047059106,99.264047059106,99.264047059106,99.3453774203166,99.2880450632694,99.2880450632694,99.2880450632694
