"","MAPE","MSE","THEIL","BIAS","LOG.LIK","CONF","R2.ADJ","COMMON.TREND"
"Centro.norte",96.0695381908319,96.0695381908319,96.0695381908319,96.0695381908319,96.0695381908319,96.0695381908319,96.0695381908319,96.0695381908319
