"","MAPE","MSE","THEIL","BIAS","LOG.LIK","CONF","R2.ADJ","COMMON.TREND"
"Sur",96.8312497957214,96.8312497957214,96.8312497957214,96.8004943370537,96.8004943370537,96.8004943370537,96.8004943370537,96.8004943370537
