"","MAPE","MSE","THEIL","BIAS","LOG.LIK","CONF","R2.ADJ","COMMON.TREND"
"Sur",99.6686004665698,99.6686004665698,99.6686004665698,99.6686004665698,99.7109030805458,99.6487850163219,99.6487850163219,99.7109030805458
