"","MAPE","MSE","THEIL","BIAS","LOG.LIK","CONF","R2.ADJ","COMMON.TREND"
"Sur",103.716831952576,103.716831952576,103.716831952576,103.716831952576,103.716831952576,103.50858707847,103.50858707847,103.50858707847
