"","MAPE","MSE","THEIL","BIAS","LOG.LIK","CONF","R2.ADJ","COMMON.TREND"
"1",98.9164438673203,98.9164438673203,98.9164438673203,98.9164438673203,98.958603204205,98.9269056451996,98.9269056451996,98.9269056451996
"2",99.1337595170119,99.1337595170119,99.1337595170119,99.1337595170119,99.2263416137105,99.1627252327162,99.1627252327162,99.1627252327162
"3",99.3967510574581,99.3967510574581,99.3967510574581,99.3967510574581,99.5426066704224,99.4398289933803,99.4398289933803,99.4398289933803
