"","MAPE","MSE","THEIL","BIAS","LOG.LIK","CONF","R2.ADJ","COMMON.TREND"
"1",99.5682572823158,99.5682572823158,99.5682572823158,99.5682572823158,99.5682572823158,99.9296435656139,99.9296435656139,99.5682572823158
"2",99.6334580061258,99.6334580061258,99.6334580061258,99.6334580061258,99.6334580061258,100.216215240997,100.216215240997,99.6334580061258
"3",99.7957899538323,99.7957899538323,99.7957899538323,99.7957899538323,99.7957899538323,100.383315448675,100.383315448675,99.7957899538323
"4",100.013544068674,100.013544068674,100.013544068674,100.013544068674,100.013544068674,100.422764670046,100.422764670046,100.013544068674
"5",100.27729459498,100.27729459498,100.27729459498,100.27729459498,100.27729459498,100.440007643101,100.440007643101,100.27729459498
"6",100.57172521749,100.57172521749,100.57172521749,100.57172521749,100.57172521749,100.521129223931,100.521129223931,100.57172521749
