"","MAPE","MSE","THEIL","BIAS","LOG.LIK","CONF","R2.ADJ","COMMON.TREND"
"1",95.7077134810007,95.7077134810007,95.7077134810007,95.7076237796859,95.6250497529309,95.7076237796859,95.7076237796859,95.7076237796859
"2",96.0674707383434,96.0674707383434,96.0674707383434,96.1203236251303,95.8495129657304,96.1203236251303,96.1203236251303,96.1203236251303
"3",96.3713554055179,96.3713554055179,96.3713554055179,96.5029034406152,95.9862444220386,96.5029034406152,96.5029034406152,96.5029034406152
"4",96.6198027898186,96.6198027898186,96.6198027898186,96.8374072595648,96.052895114457,96.8374072595648,96.8374072595648,96.8374072595648
"5",96.831271592273,96.831271592273,96.831271592273,97.1337544115897,96.0818460344298,97.1337544115897,97.1337544115897,97.1337544115897
"6",97.0191080237643,97.0191080237643,97.0191080237643,97.4040255039894,96.0956881250412,97.4040255039894,97.4040255039894,97.4040255039894
