"","MAPE","MSE","THEIL","BIAS","LOG.LIK","CONF","R2.ADJ","COMMON.TREND"
"Mexico",100.33407304785,100.33407304785,100.33407304785,100.368646447557,100.368646447557,100.33407304785,100.33407304785,100.33407304785
