"","MAPE","MSE","THEIL","BIAS","LOG.LIK","CONF","R2.ADJ","COMMON.TREND"
"Noreste",94.64715093836,94.64715093836,94.64715093836,94.8844823551874,94.8585940877499,94.64715093836,94.64715093836,94.64715093836
