"","MAPE","MSE","THEIL","BIAS","LOG.LIK","CONF","R2.ADJ","COMMON.TREND"
"Sur",97.7555331305655,97.7555331305655,97.7555331305655,97.7555331305655,97.7610180179855,97.7555331305655,97.7555331305655,97.749232005856
