"","MAPE","MSE","THEIL","BIAS","LOG.LIK","CONF","R2.ADJ","COMMON.TREND"
"Noreste",97.1575425092116,97.1575425092116,97.1575425092116,97.1575425092116,97.1575425092116,97.1210882018953,97.1210882018953,97.1210882018953
