"","MAPE","MSE","THEIL","BIAS","LOG.LIK","CONF","R2.ADJ","COMMON.TREND"
"1",95.530351644488,95.530351644488,95.530351644488,95.530351644488,95.7956072049458,96.4795481017753,96.4795481017753,95.7956072049458
"2",95.1692348508522,95.1692348508522,95.1692348508522,95.1692348508522,95.7821070118078,97.4187304724787,97.4187304724787,95.7821070118078
"3",94.7383441156845,94.7383441156845,94.7383441156845,94.7383441156845,95.7110446250889,98.1614221926184,98.1614221926184,95.7110446250889
