"","MAPE","MSE","THEIL","BIAS","LOG.LIK","CONF","R2.ADJ","COMMON.TREND"
"1",97.749232005856,97.749232005856,97.749232005856,97.7610180179855,97.7610180179855,97.7555331305655,97.7555331305655,97.7555331305655
"2",98.0883970758194,98.0883970758194,98.0883970758194,98.1288037471473,98.1288037471473,98.0073582326586,98.0073582326586,98.0073582326586
"3",98.173158486575,98.173158486575,98.173158486575,98.2286583507879,98.2286583507879,98.0406411997186,98.0406411997186,98.0406411997186
"4",98.3545799356257,98.3545799356257,98.3545799356257,98.4271869615829,98.4271869615829,98.153977068339,98.153977068339,98.153977068339
"5",98.4827358439,98.4827358439,98.4827358439,98.5656390758362,98.5656390758362,98.2405986666941,98.2405986666941,98.2405986666941
"6",98.6503084767415,98.6503084767415,98.6503084767415,98.7384004954486,98.7384004954486,98.3724020021893,98.3724020021893,98.3724020021893
