"","MAPE","MSE","THEIL","BIAS","LOG.LIK","CONF","R2.ADJ","COMMON.TREND"
"Mexico",100.973184639885,100.973184639885,100.973184639885,100.973184639885,101.001380279254,100.973184639885,100.973184639885,100.973184639885
