"","MAPE","MSE","THEIL","BIAS","LOG.LIK","CONF","R2.ADJ","COMMON.TREND"
"Centro.sur",93.8342738052326,93.8342738052326,93.8342738052326,93.8342738052326,93.7855258628882,93.7940651168499,93.7940651168499,93.7855258628882
