"","MAPE","MSE","THEIL","BIAS","LOG.LIK","CONF","R2.ADJ","COMMON.TREND"
"1",98.3261490934968,98.3261490934968,98.3261490934968,98.3261490934968,98.3261490934968,98.0811099032022,98.0811099032022,98.0811099032022
"2",98.8286269044416,98.8286269044416,98.8286269044416,98.8286269044416,98.8286269044416,98.34193289504,98.34193289504,98.34193289504
"3",99.2356312758912,99.2356312758912,99.2356312758912,99.2356312758912,99.2356312758912,98.5426569911553,98.5426569911553,98.5426569911553
