"","MAPE","MSE","THEIL","BIAS","LOG.LIK","CONF","R2.ADJ","COMMON.TREND"
"1",101.423829826382,101.423829826382,101.423829826382,101.39731796037,101.39731796037,101.423829826382,101.423829826382,101.423829826382
"2",101.702271055,101.702271055,101.702271055,101.67673101055,101.67673101055,101.702271055,101.702271055,101.702271055
"3",101.971343165838,101.971343165838,101.971343165838,101.952307492935,101.952307492935,101.971343165838,101.971343165838,101.971343165838
