"","MAPE","MSE","THEIL","BIAS","LOG.LIK","CONF","R2.ADJ","COMMON.TREND"
"Mexico",96.0204278632369,96.0204278632369,96.0204278632369,96.0204278632369,96.0368619796514,96.0204278632369,96.0204278632369,96.0204278632369
