"","MAPE","MSE","THEIL","BIAS","LOG.LIK","CONF","R2.ADJ","COMMON.TREND"
"1",93.6099416328363,93.6099416328363,93.6099416328363,93.6099416328363,93.6514385343301,93.6514385343301,93.6514385343301,93.6514385343301
"2",93.678274813214,93.678274813214,93.678274813214,93.678274813214,93.7635795053256,93.7635795053256,93.7635795053256,93.7635795053256
"3",93.8479800150663,93.8479800150663,93.8479800150663,93.8479800150663,93.9681278588855,93.9681278588855,93.9681278588855,93.9681278588855
