"","MAPE","MSE","THEIL","BIAS","LOG.LIK","CONF","R2.ADJ","COMMON.TREND"
"1",95.7550099122281,95.7550099122281,95.7550099122281,95.7550099122281,95.8006495760123,95.7550099122281,95.8006495760123,95.7550099122281
"2",96.0639393516684,96.0639393516684,96.0639393516684,96.0639393516684,96.1787177157804,96.0639393516684,96.1787177157804,96.0639393516684
"3",96.3453664802164,96.3453664802164,96.3453664802164,96.3453664802164,96.5370800456909,96.3453664802164,96.5370800456909,96.3453664802164
