"","MAPE","MSE","THEIL","BIAS","LOG.LIK","CONF","R2.ADJ","COMMON.TREND"
"1",101.133960755351,101.133960755351,101.133960755351,101.133960755351,101.237245875302,101.133960755351,101.133960755351,101.133960755351
"2",101.504577104457,101.504577104457,101.504577104457,101.504577104457,101.632906404949,101.504577104457,101.504577104457,101.504577104457
"3",101.730370695795,101.730370695795,101.730370695795,101.730370695795,102.052718719008,101.730370695795,101.730370695795,101.730370695795
