"","MAPE","MSE","THEIL","BIAS","LOG.LIK","CONF","R2.ADJ","COMMON.TREND"
"1",102.711082715782,102.711082715782,102.711082715782,102.661531152833,102.711082715782,102.661531152833,102.661531152833,102.661531152833
"2",102.976109252548,102.976109252548,102.976109252548,102.879100112952,102.976109252548,102.879100112952,102.879100112952,102.879100112952
"3",103.198142931582,103.198142931582,103.198142931582,102.999125693691,103.198142931582,102.999125693691,102.999125693691,102.999125693691
"4",103.412648796344,103.412648796344,103.412648796344,103.055029631985,103.412648796344,103.055029631985,103.055029631985,103.055029631985
"5",103.626493076292,103.626493076292,103.626493076292,103.079737594279,103.626493076292,103.079737594279,103.079737594279,103.079737594279
"6",103.848475147104,103.848475147104,103.848475147104,103.11255413173,103.848475147104,103.11255413173,103.11255413173,103.11255413173
