"","MAPE","MSE","THEIL","BIAS","LOG.LIK","CONF","R2.ADJ","COMMON.TREND"
"1",102.095565529555,102.095565529555,102.095565529555,102.095565529555,102.809985245854,102.095565529555,102.095565529555,102.095565529555
"2",101.815501473155,101.815501473155,101.815501473155,101.815501473155,103.193530375456,101.815501473155,101.815501473155,101.815501473155
"3",101.867379234687,101.867379234687,101.867379234687,101.867379234687,103.600000939142,101.867379234687,101.867379234687,101.867379234687
