"","MAPE","MSE","THEIL","BIAS","LOG.LIK","CONF","R2.ADJ","COMMON.TREND"
"1",98.7707122189037,98.7707122189037,98.7707122189037,98.7707122189037,98.7885365064158,98.7210103421237,98.7210103421237,98.7210103421237
"2",98.7069663803978,98.7069663803978,98.7069663803978,98.7069663803978,98.7250933580839,98.7122619288835,98.7122619288835,98.7122619288835
"3",98.8147815702354,98.8147815702354,98.8147815702354,98.8147815702354,98.8395925496166,98.849318467866,98.849318467866,98.849318467866
