"","MAPE","MSE","THEIL","BIAS","LOG.LIK","CONF","R2.ADJ","COMMON.TREND"
"1",98.4351444878175,98.4351444878175,98.4351444878175,98.2290476189331,98.4351444878175,98.2290476189331,98.2290476189331,98.2290476189331
"2",99.0322913067633,99.0322913067633,99.0322913067633,98.4701258588591,99.0322913067633,98.4701258588591,98.4701258588591,98.4701258588591
"3",99.544620088293,99.544620088293,99.544620088293,98.5522278170654,99.544620088293,98.5522278170654,98.5522278170654,98.5522278170654
"4",100.005809817408,100.005809817408,100.005809817408,98.5540169337507,100.005809817408,98.5540169337507,98.5540169337507,98.5540169337507
"5",100.435202242005,100.435202242005,100.435202242005,98.5449600550444,100.435202242005,98.5449600550444,98.5449600550444,98.5449600550444
"6",100.841363991275,100.841363991275,100.841363991275,98.5618990439474,100.841363991275,98.5618990439474,98.5618990439474,98.5618990439474
