"","MAPE","MSE","THEIL","BIAS","LOG.LIK","CONF","R2.ADJ","COMMON.TREND"
"1",97.1629868154933,97.1629868154933,97.1629868154933,97.1629868154933,97.1629868154933,97.1320343948875,97.1320343948875,97.1320343948875
"2",97.5117746520672,97.5117746520672,97.5117746520672,97.5117746520672,97.5117746520672,97.4353294169659,97.4353294169659,97.4353294169659
"3",97.8339410188808,97.8339410188808,97.8339410188808,97.8339410188808,97.8339410188808,97.6987401531526,97.6987401531526,97.6987401531526
"4",98.1545379047264,98.1545379047264,98.1545379047264,98.1545379047264,98.1545379047264,97.9502559202483,97.9502559202483,97.9502559202483
"5",98.4671433481124,98.4671433481124,98.4671433481124,98.4671433481124,98.4671433481124,98.1917658314243,98.1917658314243,98.1917658314243
"6",98.7732670207326,98.7732670207326,98.7732670207326,98.7732670207326,98.7732670207326,98.4290355001645,98.4290355001645,98.4290355001645
