"","MAPE","MSE","THEIL","BIAS","LOG.LIK","CONF","R2.ADJ","COMMON.TREND"
"1",102.905600001971,102.905600001971,102.905600001971,102.90549238345,102.905600001971,102.91998146182,102.91998146182,102.90549238345
"2",103.294215002354,103.294215002354,103.294215002354,103.296917387289,103.294215002354,103.32154422207,103.32154422207,103.296917387289
"3",103.631472884461,103.631472884461,103.631472884461,103.628287055378,103.631472884461,103.669037154235,103.669037154235,103.628287055378
