"","MAPE","MSE","THEIL","BIAS","LOG.LIK","CONF","R2.ADJ","COMMON.TREND"
"1",96.8479467727409,96.8479467727409,96.8479467727409,96.8479467727409,96.8479467727409,96.8277040815723,96.8277040815723,96.8277040815723
"2",97.1942495153002,97.1942495153002,97.1942495153002,97.1942495153002,97.1942495153002,97.0975652946259,97.0975652946259,97.0975652946259
"3",97.4641000663422,97.4641000663422,97.4641000663422,97.4641000663422,97.4641000663422,97.318737581369,97.318737581369,97.318737581369
