"","MAPE","MSE","THEIL","BIAS","LOG.LIK","CONF","R2.ADJ","COMMON.TREND"
"Mexico",99.1883889997068,99.1883889997068,99.1883889997068,99.1883889997068,99.1470887432664,99.1307546539156,99.1307546539156,99.1307546539156
