"","MAPE","MSE","THEIL","BIAS","LOG.LIK","CONF","R2.ADJ","COMMON.TREND"
"Centro.sur",95.5318115616022,95.5318115616022,95.5318115616022,95.5318115616022,95.5889157869265,95.5318115616022,95.5318115616022,95.5318115616022
