"","MAPE","MSE","THEIL","BIAS","LOG.LIK","CONF","R2.ADJ","COMMON.TREND"
"Frontera.norte",101.18963916166,101.18963916166,101.18963916166,101.544966382583,101.428670359564,101.18963916166,101.18963916166,101.18963916166
