"","MAPE","MSE","THEIL","BIAS","LOG.LIK","CONF","R2.ADJ","COMMON.TREND"
"1",101.488020564973,101.488020564973,101.488020564973,101.488020564973,101.540995834918,101.540995834918,101.540995834918,101.488020564973
"2",101.799683635515,101.799683635515,101.799683635515,101.799683635515,101.923763137037,101.923763137037,101.923763137037,101.799683635515
"3",102.093570121929,102.093570121929,102.093570121929,102.093570121929,102.307294944465,102.307294944465,102.307294944465,102.093570121929
"4",102.385332011,102.385332011,102.385332011,102.385332011,102.703899049868,102.703899049868,102.703899049868,102.385332011
"5",102.664635592729,102.664635592729,102.664635592729,102.664635592729,103.096152933048,103.096152933048,103.096152933048,102.664635592729
"6",102.936979933214,102.936979933214,102.936979933214,102.936979933214,103.48486255608,103.48486255608,103.48486255608,102.936979933214
