"","MAPE","MSE","THEIL","BIAS","LOG.LIK","CONF","R2.ADJ","COMMON.TREND"
"Centro.sur",96.8192166609411,96.8192166609411,96.8192166609411,96.8192166609411,96.8192166609411,96.8095354173594,96.8095354173594,96.8095354173594
