"","MAPE","MSE","THEIL","BIAS","LOG.LIK","CONF","R2.ADJ","COMMON.TREND"
"1",95.8049074733097,95.8049074733097,95.8049074733097,95.7580623106564,95.6532596149301,95.8049074733097,95.8049074733097,95.6532596149301
"2",96.2076343860956,96.2076343860956,96.2076343860956,96.0903685383614,95.8718371142216,96.2076343860956,96.2076343860956,95.8718371142216
"3",96.514029334932,96.514029334932,96.514029334932,96.3419209180054,95.9806105557066,96.514029334932,96.514029334932,95.9806105557066
