"","MAPE","MSE","THEIL","BIAS","LOG.LIK","CONF","R2.ADJ","COMMON.TREND"
"1",94.8501976823316,94.8501976823316,94.8501976823316,95.0893498537335,95.0206017119952,94.8501976823316,95.0893498537335,95.0206017119952
"2",94.6090259807372,94.6090259807372,94.6090259807372,95.0292248792691,94.8794682261675,94.6090259807372,95.0292248792691,94.8794682261675
"3",94.641257024148,94.641257024148,94.641257024148,95.207778105403,94.9561001314461,94.641257024148,95.207778105403,94.9561001314461
"4",94.7447261164836,94.7447261164836,94.7447261164836,95.3904173695745,95.0286750217428,94.7447261164836,95.3904173695745,95.0286750217428
"5",94.8873287368347,94.8873287368347,94.8873287368347,95.5644262009888,95.0962287506074,94.8873287368347,95.5644262009888,95.0962287506074
"6",95.0759944775661,95.0759944775661,95.0759944775661,95.723462232607,95.1638585972773,95.0759944775661,95.723462232607,95.1638585972773
