"","MAPE","MSE","THEIL","BIAS","LOG.LIK","CONF","R2.ADJ","COMMON.TREND"
"1",99.6525164105934,99.6525164105934,99.6525164105934,99.6525164105934,99.6525164105934,99.588590194835,99.588590194835,99.6525164105934
"2",99.9476163954079,99.9476163954079,99.9476163954079,99.9476163954079,99.9476163954079,99.8183168836246,99.8183168836246,99.9476163954079
"3",100.287439185213,100.287439185213,100.287439185213,100.287439185213,100.287439185213,100.05813644737,100.05813644737,100.287439185213
