"","MAPE","MSE","THEIL","BIAS","LOG.LIK","CONF","R2.ADJ","COMMON.TREND"
"1",99.7530145402561,99.7530145402561,99.7530145402561,99.7530145402561,99.7454469540445,99.7825813857682,99.7825813857682,99.7825813857682
"2",99.8799185599318,99.8799185599318,99.8799185599318,99.8799185599318,99.8681151971541,99.8446022713205,99.8446022713205,99.8446022713205
"3",99.9998513845837,99.9998513845837,99.9998513845837,99.9998513845837,99.9974509642991,99.9099789568109,99.9099789568109,99.9099789568109
"4",100.175858379145,100.175858379145,100.175858379145,100.175858379145,100.179462722666,99.989284358699,99.989284358699,99.989284358699
"5",100.398536970813,100.398536970813,100.398536970813,100.398536970813,100.413371800972,100.097843556344,100.097843556344,100.097843556344
"6",100.658033063656,100.658033063656,100.658033063656,100.658033063656,100.690679732805,100.234596596955,100.234596596955,100.234596596955
