"","MAPE","MSE","THEIL","BIAS","LOG.LIK","CONF","R2.ADJ","COMMON.TREND"
"1",101.073434192937,101.073434192937,101.073434192937,101.073434192937,101.16516535812,101.073434192937,101.073434192937,101.16516535812
"2",101.519706986032,101.519706986032,101.519706986032,101.519706986032,101.956239709831,101.519706986032,101.519706986032,101.956239709831
"3",101.664037588748,101.664037588748,101.664037588748,101.664037588748,102.710485352229,101.664037588748,101.664037588748,102.710485352229
"4",101.646845821362,101.646845821362,101.646845821362,101.646845821362,103.365479253992,101.646845821362,101.646845821362,103.365479253992
"5",101.61801428985,101.61801428985,101.61801428985,101.61801428985,103.905431100028,101.61801428985,101.61801428985,103.905431100028
"6",101.691804221989,101.691804221989,101.691804221989,101.691804221989,104.363446146123,101.691804221989,101.691804221989,104.363446146123
