"","MAPE","MSE","THEIL","BIAS","LOG.LIK","CONF","R2.ADJ","COMMON.TREND"
"1",99.4644624552722,99.4644624552722,99.4644624552722,99.4644624552722,99.4644624552722,99.3165205614875,99.3165205614875,99.3165205614875
"2",99.8105330462321,99.8105330462321,99.8105330462321,99.8105330462321,99.8105330462321,99.4466065707445,99.4466065707445,99.4466065707445
"3",100.25425229186,100.25425229186,100.25425229186,100.25425229186,100.25425229186,99.5957075935285,99.5957075935285,99.5957075935285
