"","MAPE","MSE","THEIL","BIAS","LOG.LIK","CONF","R2.ADJ","COMMON.TREND"
"1",99.858284780293,99.858284780293,99.858284780293,99.858284780293,99.8859671768772,99.7459649171481,99.7459649171481,99.7459649171481
"2",99.9697342369932,99.9697342369932,99.9697342369932,99.9697342369932,99.994862202754,99.6784596039445,99.6784596039445,99.6784596039445
"3",100.100938028375,100.100938028375,100.100938028375,100.100938028375,100.143660812779,99.6430240558442,99.6430240558442,99.6430240558442
