"","MAPE","MSE","THEIL","BIAS","LOG.LIK","CONF","R2.ADJ","COMMON.TREND"
"1",99.0738893082938,99.0738893082938,99.0738893082938,99.0738893082938,99.0738893082938,98.9816829277182,98.9816829277182,98.9816829277182
"2",99.4225815162894,99.4225815162894,99.4225815162894,99.4225815162894,99.4225815162894,99.2283319813606,99.2283319813606,99.2283319813606
"3",99.8578955353009,99.8578955353009,99.8578955353009,99.8578955353009,99.8578955353009,99.5220105073998,99.5220105073998,99.5220105073998
