"","MAPE","MSE","THEIL","BIAS","LOG.LIK","CONF","R2.ADJ","COMMON.TREND"
"1",96.3004769365355,95.4949288844398,95.4949288844398,96.7033379024441,96.3004769365355,95.4949288844398,95.4949288844398,96.7033379024441
"2",96.6798247188253,95.9532045829982,95.9532045829982,97.5046831375549,96.6798247188253,95.9532045829982,95.9532045829982,97.5046831375549
"3",96.8011053908143,96.5477611220575,96.5477611220575,97.9728460264712,96.8011053908143,96.5477611220575,96.5477611220575,97.9728460264712
"4",96.824051764284,96.9602809367909,96.9602809367909,98.2823302805776,96.824051764284,96.9602809367909,96.9602809367909,98.2823302805776
"5",96.8661338596189,97.3331514037965,97.3331514037965,98.5503873337128,96.8661338596189,97.3331514037965,97.3331514037965,98.5503873337128
"6",96.9381748002749,97.6394778740578,97.6394778740578,98.8142621447977,96.9381748002749,97.6394778740578,97.6394778740578,98.8142621447977
