"","MAPE","MSE","THEIL","BIAS","LOG.LIK","CONF","R2.ADJ","COMMON.TREND"
"Frontera.norte",96.4795481017731,96.4795481017731,96.4795481017731,95.7956072049446,95.7956072049446,96.4795481017731,96.4795481017731,95.7956072049446
