"","MAPE","MSE","THEIL","BIAS","LOG.LIK","CONF","R2.ADJ","COMMON.TREND"
"1",99.7441851049045,99.7441851049045,99.7441851049045,99.8515474441259,99.8515474441259,99.6554941559458,99.6554941559458,99.6554941559458
"2",99.6716265883267,99.6716265883267,99.6716265883267,99.8784560915804,99.8784560915804,99.5074835810944,99.5074835810944,99.5074835810944
"3",99.7483522261377,99.7483522261377,99.7483522261377,100.089189386007,100.089189386007,99.4679412390549,99.4679412390549,99.4679412390549
"4",99.8660924688013,99.8660924688013,99.8660924688013,100.340849218213,100.340849218213,99.4756786190896,99.4756786190896,99.4756786190896
"5",100.045748666909,100.045748666909,100.045748666909,100.665832997421,100.665832997421,99.5518363943733,99.5518363943733,99.5518363943733
"6",100.238553637182,100.238553637182,100.238553637182,101.005168265992,101.005168265992,99.6670919223607,99.6670919223607,99.6670919223607
