"","MAPE","MSE","THEIL","BIAS","LOG.LIK","CONF","R2.ADJ","COMMON.TREND"
"1",102.897362031982,102.897362031982,102.897362031982,102.897362031982,102.897362031982,102.83232761125,102.83232761125,102.83232761125
"2",103.251381165317,103.251381165317,103.251381165317,103.251381165317,103.251381165317,103.119239580208,103.119239580208,103.119239580208
"3",103.607224257703,103.607224257703,103.607224257703,103.607224257703,103.607224257703,103.406575121494,103.406575121494,103.406575121494
