"","MAPE","MSE","THEIL","BIAS","LOG.LIK","CONF","R2.ADJ","COMMON.TREND"
"1",99.6387509207322,99.6285273023176,99.6387509207322,99.6285273023176,99.6387509207322,99.6343634433164,99.6343634433164,99.6343634433164
"2",99.9618930885889,99.9392425329443,99.9618930885889,99.9392425329443,99.9618930885889,99.9461450933556,99.9461450933556,99.9461450933556
"3",100.31512107973,100.279501799514,100.31512107973,100.279501799514,100.31512107973,100.269991973957,100.269991973957,100.269991973957
