"","MAPE","MSE","THEIL","BIAS","LOG.LIK","CONF","R2.ADJ","COMMON.TREND"
"1",94.8896855062097,94.8896855062097,94.8896855062097,94.8896855062097,94.9905642975753,94.8896855062097,94.8896855062097,94.8896855062097
"2",94.8961356542298,94.8961356542298,94.8961356542298,94.8961356542298,95.0559965049323,94.8961356542298,94.8961356542298,94.8961356542298
"3",94.9314732963227,94.9314732963227,94.9314732963227,94.9314732963227,95.1221499859271,94.9314732963227,94.9314732963227,94.9314732963227
"4",95.0249788723192,95.0249788723192,95.0249788723192,95.0249788723192,95.2033962404277,95.0249788723192,95.0249788723192,95.0249788723192
"5",95.1804892680393,95.1804892680393,95.1804892680393,95.1804892680393,95.3024323187325,95.1804892680393,95.1804892680393,95.1804892680393
"6",95.3871183604437,95.3871183604437,95.3871183604437,95.3871183604437,95.4152503806438,95.3871183604437,95.3871183604437,95.3871183604437
