"","MAPE","MSE","THEIL","BIAS","LOG.LIK","CONF","R2.ADJ","COMMON.TREND"
"Noroeste",98.4129066426391,98.4129066426391,98.4129066426391,98.4129066426391,98.6624330010648,98.4129066426391,98.4129066426391,98.9426473972012
