"","MAPE","MSE","THEIL","BIAS","LOG.LIK","CONF","R2.ADJ","COMMON.TREND"
"1",100.973184639888,100.973184639888,100.973184639888,100.973184639888,101.001380279254,100.973184639888,100.973184639888,100.973184639888
"2",101.355508401746,101.355508401746,101.355508401746,101.355508401746,101.42780819495,101.355508401746,101.355508401746,101.355508401746
"3",101.71689313225,101.71689313225,101.71689313225,101.71689313225,101.858053450111,101.71689313225,101.71689313225,101.71689313225
"4",102.06385785867,102.06385785867,102.06385785867,102.06385785867,102.289222639097,102.06385785867,102.06385785867,102.06385785867
"5",102.400883594926,102.400883594926,102.400883594926,102.400883594926,102.721354943609,102.400883594926,102.400883594926,102.400883594926
"6",102.729319753313,102.729319753313,102.729319753313,102.729319753313,103.151100106001,102.729319753313,102.729319753313,102.729319753313
