"","MAPE","MSE","THEIL","BIAS","LOG.LIK","CONF","R2.ADJ","COMMON.TREND"
"1",96.279461550306,96.279461550306,96.279461550306,96.279461550306,95.7317119872946,96.279461550306,96.279461550306,96.279461550306
"2",97.1325326412698,97.1325326412698,97.1325326412698,97.1325326412698,95.697522483681,97.1325326412698,97.1325326412698,97.1325326412698
"3",97.874719230161,97.874719230161,97.874719230161,97.874719230161,95.598193380141,97.874719230161,97.874719230161,97.874719230161
