"","MAPE","MSE","THEIL","BIAS","LOG.LIK","CONF","R2.ADJ","COMMON.TREND"
"1",95.2719995500729,95.2719995500729,95.2719995500729,95.2719995500729,95.2130985819311,95.2719995500729,95.2719995500729,95.2130985819311
"2",95.1555514355218,95.1555514355218,95.1555514355218,95.1555514355218,95.0009166571173,95.1555514355218,95.1555514355218,95.0009166571173
"3",95.1986075622609,95.1986075622609,95.1986075622609,95.1986075622609,94.9273548926349,95.1986075622609,95.1986075622609,94.9273548926349
