"","MAPE","MSE","THEIL","BIAS","LOG.LIK","CONF","R2.ADJ","COMMON.TREND"
"1",102.408392353574,102.408392353574,102.408392353574,102.408392353574,102.373303076864,102.408392353574,102.408392353574,102.408392353574
"2",102.833633039965,102.833633039965,102.833633039965,102.833633039965,102.883546285325,102.833633039965,102.833633039965,102.833633039965
"3",103.084825625178,103.084825625178,103.084825625178,103.084825625178,103.407400442522,103.084825625178,103.084825625178,103.084825625178
"4",103.221183677183,103.221183677183,103.221183677183,103.221183677183,103.823827042639,103.221183677183,103.221183677183,103.221183677183
"5",103.407261808878,103.407261808878,103.407261808878,103.407261808878,104.234005738929,103.407261808878,103.407261808878,103.407261808878
"6",103.661105186029,103.661105186029,103.661105186029,103.661105186029,104.623117785927,103.661105186029,103.661105186029,103.661105186029
