"","MAPE","MSE","THEIL","BIAS","LOG.LIK","CONF","R2.ADJ","COMMON.TREND"
"1",95.8392318030187,95.8392318030187,95.8392318030187,95.8619911590913,95.8392318030187,95.8619911590913,95.8619911590913,95.8392318030187
"2",96.2091615192508,96.2091615192508,96.2091615192508,96.2631932439972,96.2091615192508,96.2631932439972,96.2631932439972,96.2091615192508
"3",96.541327352636,96.541327352636,96.541327352636,96.6271535132227,96.541327352636,96.6271535132227,96.6271535132227,96.541327352636
