"","MAPE","MSE","THEIL","BIAS","LOG.LIK","CONF","R2.ADJ","COMMON.TREND"
"1",101.273384829827,101.273384829827,101.273384829827,101.273384829827,101.601678310288,101.273384829827,101.273384829827,101.273384829827
"2",101.334935763473,101.334935763473,101.334935763473,101.334935763473,101.947839028269,101.334935763473,101.334935763473,101.334935763473
"3",101.44795856609,101.44795856609,101.44795856609,101.44795856609,102.283681430119,101.44795856609,101.44795856609,101.44795856609
"4",101.602029333028,101.602029333028,101.602029333028,101.602029333028,102.591064327176,101.602029333028,101.602029333028,101.602029333028
"5",101.787703838622,101.787703838622,101.787703838622,101.787703838622,102.857446560239,101.787703838622,101.787703838622,101.787703838622
"6",102.0003808988,102.0003808988,102.0003808988,102.0003808988,103.090805198941,102.0003808988,102.0003808988,102.0003808988
