"","MAPE","MSE","THEIL","BIAS","LOG.LIK","CONF","R2.ADJ","COMMON.TREND"
"1",98.8364233906097,98.8364233906097,98.8364233906097,98.8364233906097,98.9164155028672,98.7995345806212,98.7995345806212,98.7995345806212
"2",99.0378461498921,99.0378461498921,99.0378461498921,99.0378461498921,99.2112390319926,98.9633726399079,98.9633726399079,98.9633726399079
"3",99.220389554599,99.220389554599,99.220389554599,99.220389554599,99.4941606148037,99.1414763884788,99.1414763884788,99.1414763884788
"4",99.4698327456559,99.4698327456559,99.4698327456559,99.4698327456559,99.8468296329541,99.3981007175893,99.3981007175893,99.3981007175893
"5",99.7477232547228,99.7477232547228,99.7477232547228,99.7477232547228,100.227937398327,99.7077577426868,99.7077577426868,99.7077577426868
"6",100.06037472203,100.06037472203,100.06037472203,100.06037472203,100.640753786549,100.066773954404,100.066773954404,100.066773954404
