"","MAPE","MSE","THEIL","BIAS","LOG.LIK","CONF","R2.ADJ","COMMON.TREND"
"1",94.4737037849952,94.4737037849952,94.4737037849952,94.4737037849952,94.4700564410434,94.4737037849952,94.4737037849952,94.4700564410434
"2",94.761556510621,94.761556510621,94.761556510621,94.761556510621,94.7377090166466,94.761556510621,94.761556510621,94.7377090166466
"3",95.0348977530553,95.0348977530553,95.0348977530553,95.0348977530553,94.9994083694535,95.0348977530553,95.0348977530553,94.9994083694535
"4",95.3056326885302,95.3056326885302,95.3056326885302,95.3056326885302,95.2651601837293,95.3056326885302,95.3056326885302,95.2651601837293
"5",95.5705681366133,95.5705681366133,95.5705681366133,95.5705681366133,95.5376297660849,95.5705681366133,95.5705681366133,95.5376297660849
"6",95.8244748894591,95.8244748894591,95.8244748894591,95.8244748894591,95.8129674244893,95.8244748894591,95.8244748894591,95.8129674244893
