"","MAPE","MSE","THEIL","BIAS","LOG.LIK","CONF","R2.ADJ","COMMON.TREND"
"1",95.3563015742262,95.3563015742262,95.3563015742262,95.3563015742262,95.3076590066634,95.284781921616,95.284781921616,95.284781921616
"2",95.8621052588779,95.8621052588779,95.8621052588779,95.8621052588779,95.7303391178067,95.6896132319223,95.6896132319223,95.6896132319223
"3",96.3844080018006,96.3844080018006,96.3844080018006,96.3844080018006,96.1524302808724,96.0926664332563,96.0926664332563,96.0926664332563
