"","MAPE","MSE","THEIL","BIAS","LOG.LIK","CONF","R2.ADJ","COMMON.TREND"
"Centro.norte",99.206698676292,99.206698676292,99.206698676292,99.2002738111057,99.206698676292,99.2045455125821,99.2045455125821,99.2045455125821
