"","MAPE","MSE","THEIL","BIAS","LOG.LIK","CONF","R2.ADJ","COMMON.TREND"
"Centro.norte",99.1850331867624,99.1850331867624,99.1850331867624,99.1850331867624,99.2255860784686,99.1848023815816,99.1848023815816,99.1848023815816
