"","MAPE","MSE","THEIL","BIAS","LOG.LIK","CONF","R2.ADJ","COMMON.TREND"
"1",93.8342738052309,93.8342738052309,93.8342738052309,93.8342738052309,93.7855258628882,93.7940651166898,93.7940651166898,93.7855258628882
"2",93.9583310120137,93.9583310120137,93.9583310120137,93.9583310120137,93.8368287773328,93.8931802513517,93.8931802513517,93.8368287773328
"3",94.2225083467868,94.2225083467868,94.2225083467868,94.2225083467868,94.0135071592618,94.1157302872211,94.1157302872211,94.0135071592618
