"","MAPE","MSE","THEIL","BIAS","LOG.LIK","CONF","R2.ADJ","COMMON.TREND"
"1",102.982430294866,102.982430294866,102.982430294866,102.982430294866,102.982430294866,102.92892229044,102.92892229044,102.92892229044
"2",103.29375869723,103.29375869723,103.29375869723,103.29375869723,103.29375869723,103.182271069989,103.182271069989,103.182271069989
"3",103.694959686181,103.694959686181,103.694959686181,103.694959686181,103.694959686181,103.506099659471,103.506099659471,103.506099659471
