"","MAPE","MSE","THEIL","BIAS","LOG.LIK","CONF","R2.ADJ","COMMON.TREND"
"1",102.300981749844,102.300981749844,102.300981749844,102.300981749844,102.373404702891,102.300981749844,102.300981749844,102.300981749844
"2",102.659556849994,102.659556849994,102.659556849994,102.659556849994,102.814779425221,102.659556849994,102.659556849994,102.659556849994
"3",102.974632733477,102.974632733477,102.974632733477,102.974632733477,103.226660303523,102.974632733477,102.974632733477,102.974632733477
"4",103.283089192189,103.283089192189,103.283089192189,103.283089192189,103.636930383035,103.283089192189,103.283089192189,103.283089192189
"5",103.584717462169,103.584717462169,103.584717462169,103.584717462169,104.042802444354,103.584717462169,103.584717462169,103.584717462169
"6",103.884562046125,103.884562046125,103.884562046125,103.884562046125,104.447566262513,103.884562046125,103.884562046125,103.884562046125
