"","MAPE","MSE","THEIL","BIAS","LOG.LIK","CONF","R2.ADJ","COMMON.TREND"
"1",99.8582847802929,99.8582847802929,99.8582847802929,99.8582847802929,99.8859671768772,99.7459649171372,99.7459649171372,99.7459649171372
"2",99.969734236993,99.969734236993,99.969734236993,99.969734236993,99.994862202754,99.6784596039373,99.6784596039373,99.6784596039373
"3",100.100938028375,100.100938028375,100.100938028375,100.100938028375,100.143660812779,99.6430240558514,99.6430240558514,99.6430240558514
"4",100.289969978156,100.289969978156,100.289969978156,100.289969978156,100.345838112711,99.6600860353369,99.6600860353369,99.6600860353369
"5",100.520534294659,100.520534294659,100.520534294659,100.520534294659,100.598489770942,99.7329651378476,99.7329651378476,99.7329651378476
"6",100.785436455828,100.785436455828,100.785436455828,100.785436455828,100.890082683582,99.8560524478209,99.8560524478209,99.8560524478209
