"","MAPE","MSE","THEIL","BIAS","LOG.LIK","CONF","R2.ADJ","COMMON.TREND"
"1",101.535071781727,101.535071781727,101.535071781727,101.488020564973,101.540995834917,101.540995834917,101.540995834917,101.488020564973
"2",101.904569445366,101.904569445366,101.904569445366,101.799683635514,101.923763137037,101.923763137037,101.923763137037,101.799683635514
"3",102.28132361981,102.28132361981,102.28132361981,102.093570121937,102.307294944464,102.307294944464,102.307294944464,102.093570121937
