"","MAPE","MSE","THEIL","BIAS","LOG.LIK","CONF","R2.ADJ","COMMON.TREND"
"1",98.4129066426391,98.4129066426391,98.4129066426391,98.4129066426391,98.6624330010648,98.4129066426391,98.4129066426391,98.9426473972012
"2",98.8870765758037,98.8870765758037,98.8870765758037,98.8870765758037,98.7162845671572,98.8870765758037,98.8870765758037,99.3215314725189
"3",98.8876442634057,98.8876442634057,98.8876442634057,98.8876442634057,98.4004777332642,98.8876442634057,98.8876442634057,99.3339976010087
