"","MAPE","MSE","THEIL","BIAS","LOG.LIK","CONF","R2.ADJ","COMMON.TREND"
"Sur",94.8501976823379,94.8501976823379,94.8501976823379,94.8501976823379,95.0206017119951,94.8501976823379,94.8501976823379,95.0206017119951
