"","MAPE","MSE","THEIL","BIAS","LOG.LIK","CONF","R2.ADJ","COMMON.TREND"
"Frontera.norte",97.139662478349,97.139662478349,97.139662478349,97.139662478349,97.4647423452564,97.139662478349,97.139662478349,97.7409162312762
