"","MAPE","MSE","THEIL","BIAS","LOG.LIK","CONF","R2.ADJ","COMMON.TREND"
"1",101.171143006443,101.171143006443,101.171143006443,101.171143006443,101.216356344423,101.171143006443,101.212515991233,101.171143006443
"2",101.51099142829,101.51099142829,101.51099142829,101.51099142829,101.602701159519,101.51099142829,101.592815379901,101.51099142829
"3",101.852664920756,101.852664920756,101.852664920756,101.852664920756,102.019908202935,101.852664920756,102.004610304387,101.852664920756
"4",102.181291004511,102.181291004511,102.181291004511,102.181291004511,102.439132854105,102.181291004511,102.418690182488,102.181291004511
"5",102.498099322734,102.498099322734,102.498099322734,102.498099322734,102.854752562333,102.498099322734,102.832091834077,102.498099322734
"6",102.804008388911,102.804008388911,102.804008388911,102.804008388911,103.260425204386,102.804008388911,103.240098167021,102.804008388911
