"","MAPE","MSE","THEIL","BIAS","LOG.LIK","CONF","R2.ADJ","COMMON.TREND"
"Centro.sur",95.4678569440691,95.4678569440691,95.4678569440691,95.4678569440691,95.4678569440691,95.4678569440691,95.4678569440691,95.4946197942585
