"","MAPE","MSE","THEIL","BIAS","LOG.LIK","CONF","R2.ADJ","COMMON.TREND"
"1",96.4795481017731,96.4795481017731,96.4795481017731,95.7956072049446,95.7956072049446,96.4795481017731,96.4795481017731,95.7956072049446
"2",97.4187304724757,97.4187304724757,97.4187304724757,95.7821070118137,95.7821070118137,97.4187304724757,97.4187304724757,95.7821070118137
"3",98.1614221926298,98.1614221926298,98.1614221926298,95.7110446251018,95.7110446251018,98.1614221926298,98.1614221926298,95.7110446251018
"4",98.6852159645785,98.6852159645785,98.6852159645785,95.6309117843693,95.6309117843693,98.6852159645785,98.6852159645785,95.6309117843693
"5",99.0376514981738,99.0376514981738,99.0376514981738,95.567258953944,95.567258953944,99.0376514981738,99.0376514981738,95.567258953944
"6",99.2763294966729,99.2763294966729,99.2763294966729,95.5096070911244,95.5096070911244,99.2763294966729,99.2763294966729,95.5096070911244
