"","MAPE","MSE","THEIL","BIAS","LOG.LIK","CONF","R2.ADJ","COMMON.TREND"
"1",99.9402644758302,99.9402644758302,99.9402644758302,99.9402644758302,99.9477354643979,99.7405552943763,99.7405552943763,99.7405552943763
"2",100.088257923242,100.088257923242,100.088257923242,100.088257923242,100.073188433723,99.7050758138918,99.7050758138918,99.7050758138918
"3",100.354767329677,100.354767329677,100.354767329677,100.354767329677,100.333041846414,99.730980518066,99.730980518066,99.730980518066
"4",100.623512259244,100.623512259244,100.623512259244,100.623512259244,100.59390825355,99.7706311513229,99.7706311513229,99.7706311513229
"5",100.939344303216,100.939344303216,100.939344303216,100.939344303216,100.912833523046,99.8617583792602,99.8617583792602,99.8617583792602
"6",101.259964821498,101.259964821498,101.259964821498,101.259964821498,101.244288420392,99.9837729323224,99.9837729323224,99.9837729323224
