"","MAPE","MSE","THEIL","BIAS","LOG.LIK","CONF","R2.ADJ","COMMON.TREND"
"1",101.707339450918,101.707339450918,101.707339450918,101.707339450918,102.123838619109,101.707339450918,101.707339450918,101.707339450918
"2",101.117123212302,101.117123212302,101.117123212302,101.117123212302,102.399056331027,101.117123212302,101.117123212302,101.117123212302
"3",100.550108164918,100.550108164918,100.550108164918,100.550108164918,102.786245441986,100.550108164918,100.550108164918,100.550108164918
"4",100.19038467365,100.19038467365,100.19038467365,100.19038467365,103.158014122554,100.19038467365,100.19038467365,100.19038467365
"5",100.09154117281,100.09154117281,100.09154117281,100.09154117281,103.513055205999,100.09154117281,100.09154117281,100.09154117281
"6",100.20958117165,100.20958117165,100.20958117165,100.20958117165,103.82588195027,100.20958117165,100.20958117165,100.20958117165
