"","MAPE","MSE","THEIL","BIAS","LOG.LIK","CONF","R2.ADJ","COMMON.TREND"
"Mexico",98.3747846259687,98.3747846259687,98.3747846259687,98.3747846259687,98.3605155921089,98.2641840590892,98.2641840590892,98.2641840590892
