"","MAPE","MSE","THEIL","BIAS","LOG.LIK","CONF","R2.ADJ","COMMON.TREND"
"1",98.3747846259687,98.3747846259687,98.3747846259687,98.3747846259687,98.3605155921089,98.2641840590892,98.2641840590892,98.2641840590892
"2",98.7366838617656,98.7366838617656,98.7366838617656,98.7366838617656,98.7034545011055,98.5156539015264,98.5156539015264,98.5156539015264
"3",99.1764074531149,99.1764074531149,99.1764074531149,99.1764074531149,99.1229724186847,98.8022931642442,98.8022931642442,98.8022931642442
"4",99.6485135925419,99.6485135925419,99.6485135925419,99.6485135925419,99.573375206524,99.1039740818998,99.1039740818998,99.1039740818998
"5",100.140987646095,100.140987646095,100.140987646095,100.140987646095,100.043820004444,99.418436293046,99.418436293046,99.418436293046
"6",100.640396501046,100.640396501046,100.640396501046,100.640396501046,100.521792634356,99.7397564981212,99.7397564981212,99.7397564981212
