"","MAPE","MSE","THEIL","BIAS","LOG.LIK","CONF","R2.ADJ","COMMON.TREND"
"1",94.8501976823316,94.8501976823316,94.8501976823316,95.0893498537335,95.0206017119952,94.8501976823316,94.8501976823316,95.0206017119952
"2",94.6090259807372,94.6090259807372,94.6090259807372,95.0292248792691,94.8794682261675,94.6090259807372,94.6090259807372,94.8794682261675
"3",94.641257024148,94.641257024148,94.641257024148,95.207778105403,94.9561001314461,94.641257024148,94.641257024148,94.9561001314461
