"","MAPE","MSE","THEIL","BIAS","LOG.LIK","CONF","R2.ADJ","COMMON.TREND"
"1",101.42322717641,101.42322717641,101.42322717641,101.42322717641,101.457986538752,101.42322717641,101.42322717641,101.42322717641
"2",101.556214280885,101.556214280885,101.556214280885,101.556214280885,101.638116149807,101.556214280885,101.556214280885,101.556214280885
"3",101.709961441681,101.709961441681,101.709961441681,101.709961441681,101.903075142249,101.709961441681,101.709961441681,101.709961441681
