"","MAPE","MSE","THEIL","BIAS","LOG.LIK","CONF","R2.ADJ","COMMON.TREND"
"1",96.3859355507927,96.3859355507927,96.3859355507927,96.3859355507927,96.3859355507927,96.4233530022989,96.4233530022989,96.3859355507927
"2",96.8208246235653,96.8208246235653,96.8208246235653,96.8208246235653,96.8208246235653,96.8780555056055,96.8780555056055,96.8208246235653
"3",97.1796479050282,97.1796479050282,97.1796479050282,97.1796479050282,97.1796479050282,97.2575869855387,97.2575869855387,97.1796479050282
"4",97.518016503146,97.518016503146,97.518016503146,97.518016503146,97.518016503146,97.6002104994055,97.6002104994055,97.518016503146
"5",97.8158480266711,97.8158480266711,97.8158480266711,97.8158480266711,97.8158480266711,97.8909424545559,97.8909424545559,97.8158480266711
"6",98.08498008046,98.08498008046,98.08498008046,98.08498008046,98.08498008046,98.1417368670828,98.1417368670828,98.08498008046
