"","MAPE","MSE","THEIL","BIAS","LOG.LIK","CONF","R2.ADJ","COMMON.TREND"
"1",103.874559718549,103.874559718549,103.874559718549,103.874559718549,103.874559718549,103.552725065651,103.552725065651,103.552725065651
"2",103.979388390518,103.979388390518,103.979388390518,103.979388390518,103.979388390518,103.337664123429,103.337664123429,103.337664123429
"3",104.24038749512,104.24038749512,104.24038749512,104.24038749512,104.24038749512,103.237212509768,103.237212509768,103.237212509768
"4",104.610143105193,104.610143105193,104.610143105193,104.610143105193,104.610143105193,103.278779340603,103.278779340603,103.278779340603
"5",105.072202031376,105.072202031376,105.072202031376,105.072202031376,105.072202031376,103.441647006686,103.441647006686,103.441647006686
"6",105.566909326843,105.566909326843,105.566909326843,105.566909326843,105.566909326843,103.685986137684,103.685986137684,103.685986137684
