"","MAPE","MSE","THEIL","BIAS","LOG.LIK","CONF","R2.ADJ","COMMON.TREND"
"1",93.0456726117088,93.0456726117088,93.0456726117088,93.0595666924026,93.0420979301171,93.0456726117088,93.0456726117088,93.0420979301171
"2",93.22598976789,93.22598976789,93.22598976789,93.2310568123577,93.1904142590541,93.22598976789,93.22598976789,93.1904142590541
"3",93.4933185508982,93.4933185508982,93.4933185508982,93.4901181307855,93.4216857932958,93.4933185508982,93.4933185508982,93.4216857932958
"4",93.7910302799503,93.7910302799503,93.7910302799503,93.7816243428003,93.6792605048147,93.7910302799503,93.7910302799503,93.6792605048147
"5",94.0792419507744,94.0792419507744,94.0792419507744,94.0635663173125,93.9312191769435,94.0792419507744,94.0792419507744,93.9312191769435
"6",94.3528652458454,94.3528652458454,94.3528652458454,94.3275099111343,94.1764995450889,94.3528652458454,94.3528652458454,94.1764995450889
