"","MAPE","MSE","THEIL","BIAS","LOG.LIK","CONF","R2.ADJ","COMMON.TREND"
"Noroeste",99.0622101972676,99.0622101972676,99.0622101972676,99.0622101972676,99.0622101972676,99.8251267046891,99.8251267046891,99.2790774975286
