"","MAPE","MSE","THEIL","BIAS","LOG.LIK","CONF","R2.ADJ","COMMON.TREND"
"1",100.291771059245,100.291771059245,100.291771059245,100.337153482057,100.337153482057,100.291771059245,100.291771059245,100.291771059245
"2",100.521804585767,100.521804585767,100.521804585767,100.591311142952,100.591311142952,100.521804585767,100.521804585767,100.521804585767
"3",100.767302389558,100.767302389558,100.767302389558,100.940282231537,100.940282231537,100.767302389558,100.767302389558,100.767302389558
