"","MAPE","MSE","THEIL","BIAS","LOG.LIK","CONF","R2.ADJ","COMMON.TREND"
"1",102.453685019539,102.453685019539,102.453685019539,102.621844415563,102.411266155792,102.453685019539,102.453685019539,102.453685019539
"2",102.461932066041,102.461932066041,102.461932066041,103.012898911376,102.589400245809,102.461932066041,102.461932066041,102.461932066041
"3",102.327591848468,102.327591848468,102.327591848468,103.384237114644,102.753892355868,102.327591848468,102.327591848468,102.327591848468
"4",102.225400676618,102.225400676618,102.225400676618,103.715064084416,102.923996971993,102.225400676618,102.225400676618,102.225400676618
"5",102.204147804569,102.204147804569,102.204147804569,103.998143150987,103.089544264063,102.204147804569,102.204147804569,102.204147804569
"6",102.288025799178,102.288025799178,102.288025799178,104.242002240809,103.255500124811,102.288025799178,102.288025799178,102.288025799178
