"","MAPE","MSE","THEIL","BIAS","LOG.LIK","CONF","R2.ADJ","COMMON.TREND"
"Frontera.norte",95.7317119872946,95.7317119872946,95.7317119872946,95.7317119872946,95.7317119872946,96.279461550306,96.279461550306,96.279461550306
