"","MAPE","MSE","THEIL","BIAS","LOG.LIK","CONF","R2.ADJ","COMMON.TREND"
"1",98.8163409910197,98.8163409910197,98.8163409910197,98.0368650262165,98.3183359564377,98.8163409910197,98.8163409910197,98.8163409910197
"2",99.3238647851111,99.3238647851111,99.3238647851111,97.8353732378499,98.5297895703132,99.3238647851111,99.3238647851111,99.3238647851111
"3",99.4866298924433,99.4866298924433,99.4866298924433,97.5564971237168,98.6678827501885,99.4866298924433,99.4866298924433,99.4866298924433
