"","MAPE","MSE","THEIL","BIAS","LOG.LIK","CONF","R2.ADJ","COMMON.TREND"
"Mexico",96.485830515603,96.485830515603,96.485830515603,96.485830515603,96.490618650728,96.485830515603,96.485830515603,96.485830515603
