"","MAPE","MSE","THEIL","BIAS","LOG.LIK","CONF","R2.ADJ","COMMON.TREND"
"1",98.8364233906097,98.8364233906097,98.8364233906097,98.8364233906097,98.9164155028672,98.7995345806212,98.7995345806212,98.7995345806212
"2",99.0378461498921,99.0378461498921,99.0378461498921,99.0378461498921,99.2112390319926,98.9633726399083,98.9633726399083,98.9633726399083
"3",99.2203895545988,99.2203895545988,99.2203895545988,99.2203895545988,99.4941606148037,99.1414763884871,99.1414763884871,99.1414763884871
"4",99.469832745656,99.469832745656,99.469832745656,99.469832745656,99.8468296329541,99.398100717563,99.398100717563,99.398100717563
"5",99.7477232547231,99.7477232547231,99.7477232547231,99.7477232547231,100.227937398327,99.7077577427127,99.7077577427127,99.7077577427127
"6",100.060374722031,100.060374722031,100.060374722031,100.060374722031,100.640753786549,100.066773954421,100.066773954421,100.066773954421
