"","MAPE","MSE","THEIL","BIAS","LOG.LIK","CONF","R2.ADJ","COMMON.TREND"
"1",95.530351644488,95.530351644488,95.530351644488,95.530351644488,95.7956072049458,96.4795481017753,96.4795481017753,95.7956072049458
"2",95.1692348508522,95.1692348508522,95.1692348508522,95.1692348508522,95.7821070118078,97.4187304724787,97.4187304724787,95.7821070118078
"3",94.7383441156845,94.7383441156845,94.7383441156845,94.7383441156845,95.7110446250889,98.1614221926184,98.1614221926184,95.7110446250889
"4",94.3250653679326,94.3250653679326,94.3250653679326,94.3250653679326,95.6309117843419,98.6852159645558,98.6852159645558,95.6309117843419
"5",93.9635550133802,93.9635550133802,93.9635550133802,93.9635550133802,95.5672589538944,99.0376514981832,99.0376514981832,95.5672589538944
"6",93.6423179144884,93.6423179144884,93.6423179144884,93.6423179144884,95.5096070910672,99.2763294967045,99.2763294967045,95.5096070910672
