"","MAPE","MSE","THEIL","BIAS","LOG.LIK","CONF","R2.ADJ","COMMON.TREND"
"1",97.7025675075623,97.6850603712932,97.7025675075623,97.6850603712932,97.6085923172942,97.6085923172942,97.6085923172942,97.6085923172942
"2",98.0476932834254,98.0109786004388,98.0476932834254,98.0109786004388,97.8343150000907,97.8343150000907,97.8343150000907,97.8343150000907
"3",98.2927234225073,98.2376553662857,98.2927234225073,98.2376553662857,97.9643214544821,97.9643214544821,97.9643214544821,97.9643214544821
"4",98.6331659508115,98.5577407193263,98.6331659508115,98.5577407193263,98.1742385542057,98.1742385542057,98.1742385542057,98.1742385542057
"5",99.0167464465641,98.9211034799956,99.0167464465641,98.9211034799956,98.4260449432887,98.4260449432887,98.4260449432887,98.4260449432887
"6",99.4456552294344,99.3300914611802,99.4456552294344,99.3300914611802,98.7226902481738,98.7226902481738,98.7226902481738,98.7226902481738
