"","MAPE","MSE","THEIL","BIAS","LOG.LIK","CONF","R2.ADJ","COMMON.TREND"
"1",95.6760501614168,95.6760501614168,95.6760501614168,95.6760501614168,95.732914242668,95.6760501614168,95.6760501614168,95.6760501614168
"2",96.0361470150737,96.0361470150737,96.0361470150737,96.0361470150737,96.1449503760868,96.0361470150737,96.0361470150737,96.0361470150737
"3",96.3864068216607,96.3864068216607,96.3864068216607,96.3864068216607,96.5836589599597,96.3864068216607,96.3864068216607,96.3864068216607
"4",96.7376452768902,96.7376452768902,96.7376452768902,96.7376452768902,97.0501259314316,96.7376452768902,96.7376452768902,96.7376452768902
"5",97.0866240297875,97.0866240297875,97.0866240297875,97.0866240297875,97.5320048253227,97.0866240297875,97.0866240297875,97.0866240297875
"6",97.4314862777008,97.4314862777008,97.4314862777008,97.4314862777008,98.0209091199038,97.4314862777008,97.4314862777008,97.4314862777008
