"","MAPE","MSE","THEIL","BIAS","LOG.LIK","CONF","R2.ADJ","COMMON.TREND"
"1",102.455602005,102.455602005,102.455602005,102.77069115949,102.77069115949,102.455602005,102.455602005,102.455602005
"2",99.8725101464856,99.8725101464856,99.8725101464856,101.387867106831,101.387867106831,99.8725101464856,99.8725101464856,99.8725101464856
"3",99.0098340143642,99.0098340143642,99.0098340143642,102.029003343331,102.029003343331,99.0098340143642,99.0098340143642,99.0098340143642
"4",98.5013386165864,98.5013386165864,98.5013386165864,102.520338147212,102.520338147212,98.5013386165864,98.5013386165864,98.5013386165864
"5",98.6299703108812,98.6299703108812,98.6299703108812,103.267171719613,103.267171719613,98.6299703108812,98.6299703108812,98.6299703108812
"6",98.9319021952178,98.9319021952178,98.9319021952178,103.863355450727,103.863355450727,98.9319021952178,98.9319021952178,98.9319021952178
