"","MAPE","MSE","THEIL","BIAS","LOG.LIK","CONF","R2.ADJ","COMMON.TREND"
"1",98.3770952128065,98.3770952128065,98.3770952128065,98.3770952128065,98.4286648540367,98.2856532773098,98.2856532773098,98.2856532773098
"2",98.704597892595,98.704597892595,98.704597892595,98.704597892595,98.7737333377125,98.4694590969745,98.4694590969745,98.4694590969745
"3",98.9507028429484,98.9507028429484,98.9507028429484,98.9507028429484,99.0548289413788,98.5483823825352,98.5483823825352,98.5483823825352
"4",99.205221240298,99.205221240298,99.205221240298,99.205221240298,99.3361923235533,98.6203301264021,98.6203301264021,98.6203301264021
"5",99.4224559025178,99.4224559025178,99.4224559025178,99.4224559025178,99.5849608917241,98.6619260923572,98.6619260923572,98.6619260923572
"6",99.6388390274577,99.6388390274577,99.6388390274577,99.6388390274577,99.8347650344453,98.7265737707453,98.7265737707453,98.7265737707453
