"","MAPE","MSE","THEIL","BIAS","LOG.LIK","CONF","R2.ADJ","COMMON.TREND"
"Noroeste",102.822438238539,102.822438238539,102.822438238539,102.822438238539,102.869868946896,102.822438238539,102.822438238539,102.869868946896
