"","MAPE","MSE","THEIL","BIAS","LOG.LIK","CONF","R2.ADJ","COMMON.TREND"
"1",98.3200564852211,98.3200564852211,98.3200564852211,98.3200564852211,98.2917558071375,98.1680536021531,98.1680536021531,98.1680536021531
"2",98.7423360705775,98.7423360705775,98.7423360705775,98.7423360705775,98.665921587033,98.3872488343957,98.3872488343957,98.3872488343957
"3",99.1290081921549,99.1290081921549,99.1290081921549,99.1290081921549,98.9916669653154,98.5594253057934,98.5594253057934,98.5594253057934
