"","MAPE","MSE","THEIL","BIAS","LOG.LIK","CONF","R2.ADJ","COMMON.TREND"
"1",98.4276637186191,98.4276637186191,98.4276637186191,98.2508863875874,98.4276637186191,98.2508863875874,98.2508863875874,98.2508863875874
"2",99.0303270113325,99.0303270113325,99.0303270113325,98.5303444418743,99.0303270113325,98.5303444418743,98.5303444418743,98.5303444418743
"3",99.5564790527258,99.5564790527258,99.5564790527258,98.6717423357342,99.5564790527258,98.6717423357342,98.6717423357342,98.6717423357342
"4",100.028849291929,100.028849291929,100.028849291929,98.7448777159226,100.028849291929,98.7448777159226,98.7448777159226,98.7448777159226
"5",100.459233884253,100.459233884253,100.459233884253,98.8077511432462,100.459233884253,98.8077511432462,98.8077511432462,98.8077511432462
"6",100.855181482869,100.855181482869,100.855181482869,98.8898600731042,100.855181482869,98.8898600731042,98.8898600731042,98.8898600731042
