"","MAPE","MSE","THEIL","BIAS","LOG.LIK","CONF","R2.ADJ","COMMON.TREND"
"Nacional",100.226607952436,100.226607952436,100.226607952436,100.317206951739,100.317206951739,100.226607952436,100.226607952436,100.226607952436
