"","MAPE","MSE","THEIL","BIAS","LOG.LIK","CONF","R2.ADJ","COMMON.TREND"
"1",95.0662669622053,95.0662669622053,95.0662669622053,95.0662669622053,95.0277310766357,95.0662669622053,95.0662669622053,95.0277310766357
"2",95.3778664711358,95.3778664711358,95.3778664711358,95.3778664711358,95.2886650651172,95.3778664711358,95.3778664711358,95.2886650651172
"3",95.6488131065852,95.6488131065852,95.6488131065852,95.6488131065852,95.4977849460082,95.6488131065852,95.6488131065852,95.4977849460082
