"","MAPE","MSE","THEIL","BIAS","LOG.LIK","CONF","R2.ADJ","COMMON.TREND"
"Noreste",95.0048163833364,95.0048163833364,95.0048163833364,95.0048163833364,95.0892100721772,95.0048163833364,95.0048163833364,95.0048163833364
