"","MAPE","MSE","THEIL","BIAS","LOG.LIK","CONF","R2.ADJ","COMMON.TREND"
"Nacional",99.7556530071754,99.7556530071754,99.7556530071754,99.7556530071754,99.7418259351551,99.6936153551172,99.6936153551172,99.6936153551172
