"","MAPE","MSE","THEIL","BIAS","LOG.LIK","CONF","R2.ADJ","COMMON.TREND"
"Noroeste",105.515804344771,105.515804344771,105.515804344771,106.492110354905,106.492110354905,105.515804344771,105.515804344771,105.515804344771
