"","MAPE","MSE","THEIL","BIAS","LOG.LIK","CONF","R2.ADJ","COMMON.TREND"
"1",101.133960755382,101.133960755382,101.133960755382,101.133960755382,101.237245875304,101.133960755382,101.133960755382,101.133960755382
"2",101.50457710449,101.50457710449,101.50457710449,101.50457710449,101.632906404951,101.50457710449,101.50457710449,101.50457710449
"3",101.730370695844,101.730370695844,101.730370695844,101.730370695844,102.052718719016,101.730370695844,101.730370695844,101.730370695844
"4",101.800898604402,101.800898604402,101.800898604402,101.800898604402,102.449773407121,101.800898604402,101.800898604402,101.800898604402
"5",101.795908944066,101.795908944066,101.795908944066,101.795908944066,102.801197244488,101.795908944066,101.795908944066,101.795908944066
"6",101.807234945157,101.807234945157,101.807234945157,101.807234945157,103.108541449431,101.807234945157,101.807234945157,101.807234945157
