"","MAPE","MSE","THEIL","BIAS","LOG.LIK","CONF","R2.ADJ","COMMON.TREND"
"1",98.9917801288494,98.9917801288494,98.9917801288494,98.9917801288494,98.9789949831072,98.9184317254272,98.9184317254272,98.9184317254272
"2",99.2354517898083,99.2354517898083,99.2354517898083,99.2354517898083,99.1920688677993,99.0979734320999,99.0979734320999,99.0979734320999
"3",99.6130764711674,99.6130764711674,99.6130764711674,99.6130764711674,99.5385275170353,99.3458345538385,99.3458345538385,99.3458345538385
