"","MAPE","MSE","THEIL","BIAS","LOG.LIK","CONF","R2.ADJ","COMMON.TREND"
"Noroeste",102.408392353574,102.408392353574,102.408392353574,102.408392353574,102.373303076864,102.408392353574,102.408392353574,102.408392353574
