"","MAPE","MSE","THEIL","BIAS","LOG.LIK","CONF","R2.ADJ","COMMON.TREND"
"Mexico",92.7338816107391,92.7338816107391,92.7338816107391,92.7338816107391,92.7165247252168,92.7338816107391,92.7338816107391,92.7165247252168
