"","MAPE","MSE","THEIL","BIAS","LOG.LIK","CONF","R2.ADJ","COMMON.TREND"
"1",98.7533741474118,98.7533741474118,98.7533741474118,98.4803776270664,98.4803776270664,98.7533741474118,98.7533741474118,98.4803776270664
"2",98.8729519103996,98.8729519103996,98.8729519103996,98.2688659615134,98.2688659615134,98.8729519103996,98.8729519103996,98.2688659615134
"3",99.3070315928915,99.3070315928915,99.3070315928915,98.3134419448265,98.3134419448265,99.3070315928915,99.3070315928915,98.3134419448265
