"","MAPE","MSE","THEIL","BIAS","LOG.LIK","CONF","R2.ADJ","COMMON.TREND"
"1",96.3878212425037,96.3878212425037,96.3878212425037,96.3878212425037,97.073492003164,96.3878212425037,96.3878212425037,97.073492003164
"2",95.0053037051849,95.0053037051849,95.0053037051849,95.0053037051849,96.8853929127843,95.0053037051849,95.0053037051849,96.8853929127843
"3",93.7985569317642,93.7985569317642,93.7985569317642,93.7985569317642,96.6995597545692,93.7985569317642,93.7985569317642,96.6995597545692
