"","MAPE","MSE","THEIL","BIAS","LOG.LIK","CONF","R2.ADJ","COMMON.TREND"
"1",94.6745360707259,94.6745360707259,94.6745360707259,94.6745360707259,94.6838979268142,94.6745360707259,94.6745360707259,94.6745360707259
"2",94.7829351829297,94.7829351829297,94.7829351829297,94.7829351829297,94.7746428795369,94.7829351829297,94.7829351829297,94.7829351829297
"3",94.9619310979792,94.9619310979792,94.9619310979792,94.9619310979792,94.8762799234631,94.9619310979792,94.9619310979792,94.9619310979792
