"","MAPE","MSE","THEIL","BIAS","LOG.LIK","CONF","R2.ADJ","COMMON.TREND"
"1",96.3859355507927,96.3859355507927,96.3859355507927,96.3859355507927,96.3859355507927,96.4233530022993,96.4233530022993,96.3859355507927
"2",96.8208246235653,96.8208246235653,96.8208246235653,96.8208246235653,96.8208246235653,96.8780555056071,96.8780555056071,96.8208246235653
"3",97.1796479050279,97.1796479050279,97.1796479050279,97.1796479050279,97.1796479050279,97.2575869855679,97.2575869855679,97.1796479050279
