"","MAPE","MSE","THEIL","BIAS","LOG.LIK","CONF","R2.ADJ","COMMON.TREND"
"1",95.8006495760123,95.8006495760123,95.8006495760123,95.7550099122281,95.8006495760123,95.7550099122281,95.8006495760123,95.8006495760123
"2",96.1787177157803,96.1787177157803,96.1787177157803,96.0639393516684,96.1787177157803,96.0639393516684,96.1787177157803,96.1787177157803
"3",96.5370800456907,96.5370800456907,96.5370800456907,96.3453664802163,96.5370800456907,96.3453664802163,96.5370800456907,96.5370800456907
"4",96.8625784543744,96.8625784543744,96.8625784543744,96.5962151269848,96.8625784543744,96.5962151269848,96.8625784543744,96.8625784543744
"5",97.1632474976236,97.1632474976236,97.1632474976236,96.8207756746429,97.1632474976236,96.8207756746429,97.1632474976236,97.1632474976236
"6",97.4451980339319,97.4451980339319,97.4451980339319,97.0226679492369,97.4451980339319,97.0226679492369,97.4451980339319,97.4451980339319
