"","MAPE","MSE","THEIL","BIAS","LOG.LIK","CONF","R2.ADJ","COMMON.TREND"
"1",93.6191595368485,93.6191595368485,93.6191595368485,93.6191595368485,93.5679206623902,93.585520992086,93.585520992086,93.5679206623902
"2",93.8575794895624,93.8575794895624,93.8575794895624,93.8575794895624,93.751595185305,93.7021810981627,93.7021810981627,93.751595185305
"3",94.0874986825692,94.0874986825692,94.0874986825692,94.0874986825692,93.919524192148,93.7955715287676,93.7955715287676,93.919524192148
"4",94.3929638869551,94.3929638869551,94.3929638869551,94.3929638869551,94.1563156334057,93.9699222085208,93.9699222085208,94.1563156334057
"5",94.7132329262732,94.7132329262732,94.7132329262732,94.7132329262732,94.4112736981977,94.1810092458827,94.1810092458827,94.4112736981977
"6",95.0174520887556,95.0174520887556,95.0174520887556,95.0174520887556,94.6624675257673,94.4011196757672,94.4011196757672,94.6624675257673
