"","MAPE","MSE","THEIL","BIAS","LOG.LIK","CONF","R2.ADJ","COMMON.TREND"
"Noreste",103.425500329277,103.425500329277,103.425500329277,103.353517056059,103.425500329277,103.353517056059,103.353517056059,103.353517056059
