"","MAPE","MSE","THEIL","BIAS","LOG.LIK","CONF","R2.ADJ","COMMON.TREND"
"Sur",99.962868031391,99.962868031391,99.962868031391,99.6181990688448,99.9605938975737,99.6181990688448,99.6181990688448,99.962868031391
