"","MAPE","MSE","THEIL","BIAS","LOG.LIK","CONF","R2.ADJ","COMMON.TREND"
"Mexico",103.135861303237,103.135861303237,103.135861303237,103.135861303237,103.135861303237,103.146350679153,103.146350679153,103.140329388892
