"","MAPE","MSE","THEIL","BIAS","LOG.LIK","CONF","R2.ADJ","COMMON.TREND"
"1",94.5397561816326,94.5397561816326,94.5397561816326,94.5397561816326,94.5397561816326,94.5397561816326,94.5397561816326,94.5365189385016
"2",94.8757569005363,94.8757569005363,94.8757569005363,94.8757569005363,94.8757569005363,94.8757569005363,94.8757569005363,94.8964831211872
"3",95.2057847474543,95.2057847474543,95.2057847474543,95.2057847474543,95.2057847474543,95.2057847474543,95.2057847474543,95.2574268952923
"4",95.4977083071202,95.4977083071202,95.4977083071202,95.4977083071202,95.4977083071202,95.4977083071202,95.4977083071202,95.5890543252359
"5",95.7457768797424,95.7457768797424,95.7457768797424,95.7457768797424,95.7457768797424,95.7457768797424,95.7457768797424,95.8741700279465
"6",95.972328449056,95.972328449056,95.972328449056,95.972328449056,95.972328449056,95.972328449056,95.972328449056,96.1279779505293
