"","MAPE","MSE","THEIL","BIAS","LOG.LIK","CONF","R2.ADJ","COMMON.TREND"
"1",95.8503414246056,95.8503414246056,95.8503414246056,95.9168071043791,95.8192912033441,95.9168071043791,95.9168071043791,95.8503414246056
"2",96.166457902659,96.166457902659,96.166457902659,96.3363746560558,96.1275052660215,96.3363746560558,96.3363746560558,96.166457902659
"3",96.472001366518,96.472001366518,96.472001366518,96.7647528631402,96.4252006700245,96.7647528631402,96.7647528631402,96.472001366518
