"","MAPE","MSE","THEIL","BIAS","LOG.LIK","CONF","R2.ADJ","COMMON.TREND"
"1",101.961229246261,101.961229246261,101.961229246261,101.961229246261,102.00674844771,101.961229246261,101.961229246261,101.961229246261
"2",102.178638214401,102.178638214401,102.178638214401,102.178638214401,102.344692912177,102.178638214401,102.178638214401,102.178638214401
"3",102.266313097128,102.266313097128,102.266313097128,102.266313097128,102.578940765118,102.266313097128,102.266313097128,102.266313097128
