"","MAPE","MSE","THEIL","BIAS","LOG.LIK","CONF","R2.ADJ","COMMON.TREND"
"Centro.sur",99.0738893082938,99.0738893082938,99.0738893082938,99.0738893082938,99.0738893082938,98.9816829277182,98.9816829277182,98.9816829277182
