"","MAPE","MSE","THEIL","BIAS","LOG.LIK","CONF","R2.ADJ","COMMON.TREND"
"1",101.537037010885,101.537037010885,101.537037010885,101.537037010885,101.560526092537,101.537037010885,101.572062834257,101.537037010885
"2",101.86557871834,101.86557871834,101.86557871834,101.86557871834,101.929006360389,101.86557871834,101.95436605498,101.86557871834
"3",102.18654913684,102.18654913684,102.18654913684,102.18654913684,102.314431959917,102.18654913684,102.349912517143,102.18654913684
