"","MAPE","MSE","THEIL","BIAS","LOG.LIK","CONF","R2.ADJ","COMMON.TREND"
"1",95.1125708549524,95.1125708549524,95.1125708549524,95.2346004870097,95.1566585044442,95.2346004870097,95.2346004870097,95.1566585044442
"2",95.2721352384676,95.2721352384676,95.2721352384676,95.4906177914564,95.3222001914758,95.4906177914564,95.4906177914564,95.3222001914758
"3",95.4519594157833,95.4519594157833,95.4519594157833,95.7410677764348,95.467224999945,95.7410677764348,95.7410677764348,95.467224999945
"4",95.5780598807325,95.5780598807325,95.5780598807325,95.9309729811135,95.5424250262726,95.9309729811135,95.9309729811135,95.5424250262726
"5",95.6826619815242,95.6826619815242,95.6826619815242,96.0715165523132,95.5737043640034,96.0715165523132,96.0715165523132,95.5737043640034
"6",95.8271504736271,95.8271504736271,95.8271504736271,96.2101469292775,95.6213323568206,96.2101469292775,96.2101469292775,95.6213323568206
