"","MAPE","MSE","THEIL","BIAS","LOG.LIK","CONF","R2.ADJ","COMMON.TREND"
"1",92.7338816107391,92.7338816107391,92.7338816107391,92.7338816107391,92.7165247252168,92.7338816107391,92.7338816107391,92.7165247252168
"2",92.9631767131293,92.9631767131293,92.9631767131293,92.9631767131293,92.982534965669,92.9631767131293,92.9631767131293,92.982534965669
"3",93.1727616321114,93.1727616321114,93.1727616321114,93.1727616321114,93.2385920610574,93.1727616321114,93.1727616321114,93.2385920610574
"4",93.4342668613431,93.4342668613431,93.4342668613431,93.4342668613431,93.5410616035387,93.4342668613431,93.4342668613431,93.5410616035387
"5",93.7168255456301,93.7168255456301,93.7168255456301,93.7168255456301,93.8601144474357,93.7168255456301,93.7168255456301,93.8601144474357
"6",93.9977293352094,93.9977293352094,93.9977293352094,93.9977293352094,94.1784133619105,93.9977293352094,93.9977293352094,94.1784133619105
