"","MAPE","MSE","THEIL","BIAS","LOG.LIK","CONF","R2.ADJ","COMMON.TREND"
"1",103.381377285771,103.381377285771,103.381377285771,103.37418718546,103.420442497286,103.381377285771,103.381377285771,103.37418718546
"2",103.67678043482,103.67678043482,103.67678043482,103.672547058903,103.755493970583,103.67678043482,103.67678043482,103.672547058903
"3",103.953907070667,103.953907070667,103.953907070667,103.926586237298,104.059543948768,103.953907070667,103.953907070667,103.926586237298
"4",104.214059877585,104.214059877585,104.214059877585,104.140864163054,104.335094528153,104.214059877585,104.214059877585,104.140864163054
"5",104.501838820088,104.501838820088,104.501838820088,104.358802878135,104.633595573088,104.501838820088,104.501838820088,104.358802878135
"6",104.813264146041,104.813264146041,104.813264146041,104.583511395246,104.953632067245,104.813264146041,104.813264146041,104.583511395246
