"","MAPE","MSE","THEIL","BIAS","LOG.LIK","CONF","R2.ADJ","COMMON.TREND"
"1",99.2079573603372,99.2079573603372,99.2079573603372,99.2079573603372,99.8351001649839,99.2079573603372,99.2079573603372,99.8351001649839
"2",100.180270726188,100.180270726188,100.180270726188,100.180270726188,101.098179703672,100.180270726188,100.180270726188,101.098179703672
"3",100.659699760082,100.659699760082,100.659699760082,100.659699760082,101.942928730652,100.659699760082,100.659699760082,101.942928730652
