"","MAPE","MSE","THEIL","BIAS","LOG.LIK","CONF","R2.ADJ","COMMON.TREND"
"1",99.5303976195172,99.5303976195172,99.5303976195172,99.5303976195172,99.476161224563,99.3415837838899,99.3415837838899,99.3415837838899
"2",99.9559060382412,99.9559060382412,99.9559060382412,99.9559060382412,99.8196703618044,99.4979031637842,99.4979031637842,99.4979031637842
"3",100.440993103438,100.440993103438,100.440993103438,100.440993103438,100.215298463728,99.6637976976908,99.6637976976908,99.6637976976908
"4",100.951282737097,100.951282737097,100.951282737097,100.951282737097,100.644046885995,99.8460733590793,99.8460733590793,99.8460733590793
"5",101.465756979705,101.465756979705,101.465756979705,101.465756979705,101.095332055283,100.050398986807,100.050398986807,100.050398986807
"6",101.970854152788,101.970854152788,101.970854152788,101.970854152788,101.561355060964,100.278102661587,100.278102661587,100.278102661587
