"","MAPE","MSE","THEIL","BIAS","LOG.LIK","CONF","R2.ADJ","COMMON.TREND"
"1",93.6191595368485,93.6191595368485,93.6191595368485,93.6191595368485,93.5679206623902,93.585520992086,93.585520992086,93.5679206623902
"2",93.8575794895624,93.8575794895624,93.8575794895624,93.8575794895624,93.751595185305,93.7021810981627,93.7021810981627,93.751595185305
"3",94.0874986825692,94.0874986825692,94.0874986825692,94.0874986825692,93.919524192148,93.7955715287676,93.7955715287676,93.919524192148
