"","MAPE","MSE","THEIL","BIAS","LOG.LIK","CONF","R2.ADJ","COMMON.TREND"
"1",98.4201417070734,98.4201417070734,98.4201417070734,98.3060796011784,98.3841775721804,98.3060796011784,98.3060796011784,98.3060796011784
"2",98.8559975287953,98.8559975287953,98.8559975287953,98.6095340217583,98.7679968153099,98.6095340217583,98.6095340217583,98.6095340217583
"3",99.3371282198406,99.3371282198406,99.3371282198406,98.9395422130752,99.2009591376936,98.9395422130752,98.9395422130752,98.9395422130752
