"","MAPE","MSE","THEIL","BIAS","LOG.LIK","CONF","R2.ADJ","COMMON.TREND"
"Centro.sur",99.0050165763992,99.0050165763992,99.0050165763992,99.0050165763992,98.8130036975379,98.8130036975379,98.8130036975379,98.8130036975379
