"","MAPE","MSE","THEIL","BIAS","LOG.LIK","CONF","R2.ADJ","COMMON.TREND"
"Mexico",98.1114711561777,98.1114711561777,98.1114711561777,98.0029005056202,98.0776641603378,98.0029005056202,98.0029005056202,98.0029005056202
