"","MAPE","MSE","THEIL","BIAS","LOG.LIK","CONF","R2.ADJ","COMMON.TREND"
"1",95.0048163833364,95.0048163833364,95.0048163833364,95.0048163833364,95.0892100721772,95.0048163833364,95.0048163833364,95.0048163833364
"2",94.9760124475527,94.9760124475527,94.9760124475527,94.9760124475527,94.9935949776184,94.9760124475527,94.9760124475527,94.9760124475527
"3",94.9578637617393,94.9578637617393,94.9578637617393,94.9578637617393,94.9170736799027,94.9578637617393,94.9578637617393,94.9578637617393
"4",95.0231952143279,95.0231952143279,95.0231952143279,95.0231952143279,94.8605789799248,95.0231952143279,95.0231952143279,95.0231952143279
"5",95.1795652415167,95.1795652415167,95.1795652415167,95.1795652415167,94.8500246356237,95.1795652415167,95.1795652415167,95.1795652415167
"6",95.3928453356011,95.3928453356011,95.3928453356011,95.3928453356011,94.860032640873,95.3928453356011,95.3928453356011,95.3928453356011
