"","MAPE","MSE","THEIL","BIAS","LOG.LIK","CONF","R2.ADJ","COMMON.TREND"
"Nacional",103.486166608463,103.486166608463,103.486166608463,103.384254570225,103.486166608463,103.384254570225,103.384254570225,103.384254570225
