"","MAPE","MSE","THEIL","BIAS","LOG.LIK","CONF","R2.ADJ","COMMON.TREND"
"1",98.1114711561777,98.1114711561777,98.1114711561777,98.0029005056202,98.0776641603378,98.0029005056202,98.1114711561777,98.0029005056202
"2",98.6231298765463,98.6231298765463,98.6231298765463,98.3663454725447,98.5562446475695,98.3663454725447,98.6231298765463,98.3663454725447
"3",99.0712320514052,99.0712320514052,99.0712320514052,98.6730805654021,98.9762619527593,98.6730805654021,99.0712320514052,98.6730805654021
