"","MAPE","MSE","THEIL","BIAS","LOG.LIK","CONF","R2.ADJ","COMMON.TREND"
"Centro.norte",102.897362031982,102.897362031982,102.897362031982,102.897362031982,102.897362031982,102.83232761125,102.83232761125,102.83232761125
