"","MAPE","MSE","THEIL","BIAS","LOG.LIK","CONF","R2.ADJ","COMMON.TREND"
"Centro.norte",98.9164438673203,98.9164438673203,98.9164438673203,98.9164438673203,98.958603204205,98.9269056451996,98.9269056451996,98.9269056451996
