"","MAPE","MSE","THEIL","BIAS","LOG.LIK","CONF","R2.ADJ","COMMON.TREND"
"Centro.sur",101.423829826382,101.423829826382,101.423829826382,101.39731796037,101.39731796037,101.423829826382,101.423829826382,101.423829826382
