"","MAPE","MSE","THEIL","BIAS","LOG.LIK","CONF","R2.ADJ","COMMON.TREND"
"Mexico",98.731609867265,98.731609867265,98.731609867265,98.7931229845123,98.731609867265,98.7528519034773,98.7528519034773,98.7528519034773
