"","MAPE","MSE","THEIL","BIAS","LOG.LIK","CONF","R2.ADJ","COMMON.TREND"
"1",99.8047240006497,99.8047240006497,99.8047240006497,99.8047240006497,100.117940846207,99.8047240006497,99.8047240006497,99.8047240006497
"2",100.248467918243,100.248467918243,100.248467918243,100.248467918243,100.799830062942,100.248467918243,100.248467918243,100.248467918243
"3",100.55875621707,100.55875621707,100.55875621707,100.55875621707,101.416085568627,100.55875621707,100.55875621707,100.55875621707
"4",100.797758109902,100.797758109902,100.797758109902,100.797758109902,101.978618763618,100.797758109902,100.797758109902,100.797758109902
"5",100.998542206027,100.998542206027,100.998542206027,100.998542206027,102.472207211011,100.998542206027,100.998542206027,100.998542206027
"6",101.191537831382,101.191537831382,101.191537831382,101.191537831382,102.905988265974,101.191537831382,101.191537831382,101.191537831382
