"","MAPE","MSE","THEIL","BIAS","LOG.LIK","CONF","R2.ADJ","COMMON.TREND"
"1",99.1314647619444,99.1314647619444,99.1314647619444,98.7961873592557,99.1160498392323,98.7961873592557,98.7961873592557,98.7961873592557
"2",99.5087658258626,99.5087658258626,99.5087658258626,98.7272457006891,99.469678216242,98.7272457006891,98.7272457006891,98.7272457006891
"3",99.98165092595,99.98165092595,99.98165092595,98.6635060046939,99.9117724301145,98.6635060046939,98.6635060046939,98.6635060046939
"4",100.515871986235,100.515871986235,100.515871986235,98.658563055105,100.409865741702,98.658563055105,98.658563055105,98.658563055105
"5",101.085114935024,101.085114935024,101.085114935024,98.7334317731055,100.94027953538,98.7334317731055,98.7334317731055,98.7334317731055
"6",101.674673752311,101.674673752311,101.674673752311,98.8912086574254,101.490923266819,98.8912086574254,98.8912086574254,98.8912086574254
