"","MAPE","MSE","THEIL","BIAS","LOG.LIK","CONF","R2.ADJ","COMMON.TREND"
"Noroeste",95.7589792009041,95.7589792009041,95.7589792009041,95.4159135908685,95.1918790166537,95.7589792009041,95.7589792009041,95.4159135908685
