"","MAPE","MSE","THEIL","BIAS","LOG.LIK","CONF","R2.ADJ","COMMON.TREND"
"Noroeste",100.609172200143,100.609172200143,100.609172200143,100.609172200143,101.416796158602,100.609172200143,100.609172200143,101.416796158602
