"","MAPE","MSE","THEIL","BIAS","LOG.LIK","CONF","R2.ADJ","COMMON.TREND"
"1",96.3228934593929,96.3228934593929,96.3228934593929,96.2425818897429,96.1344536213296,96.3228934593929,96.3228934593929,96.1344536213296
"2",96.6929681204907,96.6929681204907,96.6929681204907,96.5081280994324,96.2769515432302,96.6929681204907,96.6929681204907,96.2769515432302
"3",96.9908194438628,96.9908194438628,96.9908194438628,96.7183726122539,96.3281579715641,96.9908194438628,96.9908194438628,96.3281579715641
