"","MAPE","MSE","THEIL","BIAS","LOG.LIK","CONF","R2.ADJ","COMMON.TREND"
"Noreste",98.6926035907337,98.6926035907337,98.6926035907337,98.6926035907337,98.747787719643,98.7298131780156,98.7298131780156,98.7298131780156
