"","MAPE","MSE","THEIL","BIAS","LOG.LIK","CONF","R2.ADJ","COMMON.TREND"
"1",94.6745360706207,94.6745360706207,94.6745360706207,94.6745360706207,94.6838979268143,94.6745360706207,94.6745360706207,94.6745360706207
"2",94.7829351827607,94.7829351827607,94.7829351827607,94.7829351827607,94.7746428795372,94.7829351827607,94.7829351827607,94.7829351827607
"3",94.9619310977717,94.9619310977717,94.9619310977717,94.9619310977717,94.8762799234638,94.9619310977717,94.9619310977717,94.9619310977717
