"","MAPE","MSE","THEIL","BIAS","LOG.LIK","CONF","R2.ADJ","COMMON.TREND"
"Noreste",100.86190646104,100.86190646104,100.86190646104,100.86190646104,100.86190646104,100.857282063857,100.857282063857,100.857282063857
