"","MAPE","MSE","THEIL","BIAS","LOG.LIK","CONF","R2.ADJ","COMMON.TREND"
"1",97.8372627102007,97.8372627102007,97.8372627102007,97.8372627102007,97.8456202965341,97.8557474810711,97.8557474810711,97.8557474810711
"2",98.2264984903946,98.2264984903946,98.2264984903946,98.2264984903946,98.2354315338266,98.1800020596379,98.1800020596379,98.1800020596379
"3",98.3623862491508,98.3623862491508,98.3623862491508,98.3623862491508,98.3749429180743,98.3063672390381,98.3063672390381,98.3063672390381
"4",98.5680154198357,98.5680154198357,98.5680154198357,98.5680154198357,98.5802401244842,98.4894419797138,98.4894419797138,98.4894419797138
"5",98.7059241544437,98.7059241544437,98.7059241544437,98.7059241544437,98.7197717549742,98.6415491088718,98.6415491088718,98.6415491088718
"6",98.8652582568894,98.8652582568894,98.8652582568894,98.8652582568894,98.880685566226,98.822766309204,98.822766309204,98.822766309204
