"","MAPE","MSE","THEIL","BIAS","LOG.LIK","CONF","R2.ADJ","COMMON.TREND"
"1",101.273384829827,101.273384829827,101.273384829827,101.273384829827,101.601678310288,101.273384829827,101.273384829827,101.273384829827
"2",101.334935763473,101.334935763473,101.334935763473,101.334935763473,101.947839028269,101.334935763473,101.334935763473,101.334935763473
"3",101.44795856609,101.44795856609,101.44795856609,101.44795856609,102.283681430119,101.44795856609,101.44795856609,101.44795856609
