"","MAPE","MSE","THEIL","BIAS","LOG.LIK","CONF","R2.ADJ","COMMON.TREND"
"1",97.7523361851487,97.7523361851487,97.7523361851487,96.4085706420693,96.4085706420693,97.7523361851487,97.7523361851487,96.4085706420693
"2",99.2402357642822,99.2402357642822,99.2402357642822,96.3273860171652,96.3273860171652,99.2402357642822,99.2402357642822,96.3273860171652
"3",100.231084903349,100.231084903349,100.231084903349,96.2882480170259,96.2882480170259,100.231084903349,100.231084903349,96.2882480170259
"4",100.751675024578,100.751675024578,100.751675024578,96.3009446415155,96.3009446415155,100.751675024578,100.751675024578,96.3009446415155
"5",100.975542402427,100.975542402427,100.975542402427,96.3833541959924,96.3833541959924,100.975542402427,100.975542402427,96.3833541959924
"6",101.063752407155,101.063752407155,101.063752407155,96.4749575940967,96.4749575940967,101.063752407155,101.063752407155,96.4749575940967
