"","MAPE","MSE","THEIL","BIAS","LOG.LIK","CONF","R2.ADJ","COMMON.TREND"
"Noreste",95.0048163833394,95.0048163833394,95.0048163833394,95.0048163833394,95.0892100721771,95.0048163833394,95.0048163833394,95.0048163833394
