"","MAPE","MSE","THEIL","BIAS","LOG.LIK","CONF","R2.ADJ","COMMON.TREND"
"Nacional",94.8896855062097,94.8896855062097,94.8896855062097,94.8896855062097,94.9905642975753,94.8896855062097,94.8896855062097,94.8896855062097
