"","MAPE","MSE","THEIL","BIAS","LOG.LIK","CONF","R2.ADJ","COMMON.TREND"
"1",101.116744282483,101.116744282483,101.116744282483,101.116744282483,101.728993621709,101.116744282483,101.116744282483,101.116744282483
"2",99.6664924097559,99.6664924097559,99.6664924097559,99.6664924097559,101.365329241554,99.6664924097559,99.6664924097559,99.6664924097559
"3",98.6323655288279,98.6323655288279,98.6323655288279,98.6323655288279,101.430355970829,98.6323655288279,98.6323655288279,98.6323655288279
"4",97.9816461089626,97.9816461089626,97.9816461089626,97.9816461089626,101.656640612084,97.9816461089626,97.9816461089626,97.9816461089626
"5",97.93390340946,97.93390340946,97.93390340946,97.93390340946,102.106152778336,97.93390340946,97.93390340946,97.93390340946
"6",98.2184005999487,98.2184005999487,98.2184005999487,98.2184005999487,102.561239827309,98.2184005999487,98.2184005999487,98.2184005999487
