"","MAPE","MSE","THEIL","BIAS","LOG.LIK","CONF","R2.ADJ","COMMON.TREND"
"1",102.064733517414,102.064733517414,102.064733517414,102.031507792053,102.064733517414,102.073815274431,102.073815274431,102.031507792053
"2",102.458037322382,102.458037322382,102.458037322382,102.388378708004,102.458037322382,102.482663267626,102.482663267626,102.388378708004
"3",102.845541506915,102.845541506915,102.845541506915,102.724252516097,102.845541506915,102.886047348146,102.886047348146,102.724252516097
"4",103.233525112,103.233525112,103.233525112,103.050823230843,103.233525112,103.288690018339,103.288690018339,103.050823230843
"5",103.628168527161,103.628168527161,103.628168527161,103.375831876936,103.628168527161,103.696078388546,103.696078388546,103.375831876936
"6",104.02801698379,104.02801698379,104.02801698379,103.699906420012,104.02801698379,104.106498852417,104.106498852417,103.699906420012
