"","MAPE","MSE","THEIL","BIAS","LOG.LIK","CONF","R2.ADJ","COMMON.TREND"
"Centro.sur",98.1821495148087,98.1821495148087,98.1821495148087,98.1821495148087,98.0199475780739,98.0199475780739,98.0199475780739,98.0199475780739
