"","MAPE","MSE","THEIL","BIAS","LOG.LIK","CONF","R2.ADJ","COMMON.TREND"
"1",99.6571939277305,99.6571939277305,99.6571939277305,99.6582765014024,99.6582765014024,99.6571939277305,99.6571939277305,99.6571939277305
"2",99.8797114849176,99.8797114849176,99.8797114849176,99.9110944593179,99.9110944593179,99.8797114849176,99.8797114849176,99.8797114849176
"3",100.092714096544,100.092714096544,100.092714096544,100.185157212224,100.185157212224,100.092714096544,100.092714096544,100.092714096544
"4",100.308937483957,100.308937483957,100.308937483957,100.488193220732,100.488193220732,100.308937483957,100.308937483957,100.308937483957
"5",100.535474065119,100.535474065119,100.535474065119,100.813989812999,100.813989812999,100.535474065119,100.535474065119,100.535474065119
"6",100.774911222161,100.774911222161,100.774911222161,101.154832906716,101.154832906716,100.774911222161,100.774911222161,100.774911222161
