"","MAPE","MSE","THEIL","BIAS","LOG.LIK","CONF","R2.ADJ","COMMON.TREND"
"Mexico",95.530420923845,95.530420923845,95.530420923845,95.530420923845,95.5590235977794,95.530420923845,95.530420923845,95.530420923845
