"","MAPE","MSE","THEIL","BIAS","LOG.LIK","CONF","R2.ADJ","COMMON.TREND"
"1",100.226607952436,100.226607952436,100.226607952436,100.317206951739,100.317206951739,100.226607952436,100.226607952436,100.226607952436
"2",100.526287737129,100.526287737129,100.526287737129,100.772165445139,100.772165445139,100.526287737129,100.526287737129,100.526287737129
"3",100.778321012,100.778321012,100.778321012,101.248580769483,101.248580769483,100.778321012,100.778321012,100.778321012
"4",100.999887073038,100.999887073038,100.999887073038,101.725320983,101.725320983,100.999887073038,100.999887073038,100.999887073038
"5",101.208771195193,101.208771195193,101.208771195193,102.193970899337,102.193970899337,101.208771195193,101.208771195193,101.208771195193
"6",101.417271918663,101.417271918663,101.417271918663,102.651168791054,102.651168791054,101.417271918663,101.417271918663,101.417271918663
