"","MAPE","MSE","THEIL","BIAS","LOG.LIK","CONF","R2.ADJ","COMMON.TREND"
"1",98.4441421255278,98.4441421255278,98.4441421255278,98.4441421255278,98.6882447419575,98.4441421255278,98.4441421255278,98.6948508123677
"2",98.4288630987987,98.4288630987987,98.4288630987987,98.4288630987987,98.9895059962678,98.4288630987987,98.4288630987987,99.0133796898824
"3",98.2513238848639,98.2513238848639,98.2513238848639,98.2513238848639,99.1171820117511,98.2513238848639,98.2513238848639,99.1502013227539
