"","MAPE","MSE","THEIL","BIAS","LOG.LIK","CONF","R2.ADJ","COMMON.TREND"
"1",96.3878212425037,96.3878212425037,96.3878212425037,96.3878212425037,97.073492003164,96.3878212425037,96.3878212425037,97.073492003164
"2",95.0053037051849,95.0053037051849,95.0053037051849,95.0053037051849,96.8853929127843,95.0053037051849,95.0053037051849,96.8853929127843
"3",93.7985569317642,93.7985569317642,93.7985569317642,93.7985569317642,96.6995597545692,93.7985569317642,93.7985569317642,96.6995597545692
"4",93.1133126779101,93.1133126779101,93.1133126779101,93.1133126779101,96.6034378645736,93.1133126779101,93.1133126779101,96.6034378645736
"5",92.9473879551517,92.9473879551517,92.9473879551517,92.9473879551517,96.6082855651885,92.9473879551517,92.9473879551517,96.6082855651885
"6",93.1523802843232,93.1523802843232,93.1523802843232,93.1523802843232,96.6983151097055,93.1523802843232,93.1523802843232,96.6983151097055
