"","MAPE","MSE","THEIL","BIAS","LOG.LIK","CONF","R2.ADJ","COMMON.TREND"
"Frontera.norte",97.1224556585819,96.3878212424752,96.3878212424752,96.3878212424752,97.0734920031637,96.3878212424752,96.3878212424752,97.0734920031637
