"","MAPE","MSE","THEIL","BIAS","LOG.LIK","CONF","R2.ADJ","COMMON.TREND"
"1",98.7935297150499,98.7935297150499,98.7935297150499,98.7935297150499,98.7729373341877,98.7314276747747,98.7314276747747,98.7314276747747
"2",99.095279612811,99.095279612811,99.095279612811,99.095279612811,99.0421899013627,98.9614455682248,98.9614455682248,98.9614455682248
"3",99.4582845481293,99.4582845481293,99.4582845481293,99.4582845481293,99.3765483671856,99.2300066923993,99.2300066923993,99.2300066923993
"4",99.8415995975753,99.8415995975753,99.8415995975753,99.8415995975753,99.7359923720639,99.5086870172293,99.5086870172293,99.5086870172293
"5",100.232913300758,100.232913300758,100.232913300758,100.232913300758,100.110358831305,99.7908350641091,99.7908350641091,99.7908350641091
"6",100.62507162135,100.62507162135,100.62507162135,100.62507162135,100.492769295595,100.073964205515,100.073964205515,100.073964205515
