"","MAPE","MSE","THEIL","BIAS","LOG.LIK","CONF","R2.ADJ","COMMON.TREND"
"1",101.773573040232,101.773573040232,101.773573040232,101.773573040232,101.773573040232,101.719603466105,101.719603466105,101.719603466105
"2",102.081804512974,102.081804512974,102.081804512974,102.081804512974,102.081804512974,101.902598077896,101.902598077896,101.902598077896
"3",102.379388825457,102.379388825457,102.379388825457,102.379388825457,102.379388825457,102.050067862017,102.050067862017,102.050067862017
"4",102.668551208651,102.668551208651,102.668551208651,102.668551208651,102.668551208651,102.183273093917,102.183273093917,102.183273093917
"5",102.952582711566,102.952582711566,102.952582711566,102.952582711566,102.952582711566,102.327554151791,102.327554151791,102.327554151791
"6",103.235781488979,103.235781488979,103.235781488979,103.235781488979,103.235781488979,102.499058543504,102.499058543504,102.499058543504
