"","MAPE","MSE","THEIL","BIAS","LOG.LIK","CONF","R2.ADJ","COMMON.TREND"
"1",98.2491618221911,98.2037722295409,98.2491618221911,98.2037722295409,98.2491618221911,98.0642255918039,98.0642255918039,98.0642255918039
"2",98.6775601044218,98.5763780234512,98.6775601044218,98.5763780234512,98.6775601044218,98.2611030475709,98.2611030475709,98.2611030475709
"3",99.0574293703787,98.8949381659672,99.0574293703787,98.8949381659672,99.0574293703787,98.3778073279342,98.3778073279342,98.3778073279342
"4",99.4038298332587,99.1950127554522,99.4038298332587,99.1950127554522,99.4038298332587,98.4455369388451,98.4455369388451,98.4455369388451
"5",99.7126322523396,99.4597961986282,99.7126322523396,99.4597961986282,99.7126322523396,98.4749750898102,98.4749750898102,98.4749750898102
"6",100.013838836319,99.714802902688,100.013838836319,99.714802902688,100.013838836319,98.5230513763681,98.5230513763681,98.5230513763681
