"","MAPE","MSE","THEIL","BIAS","LOG.LIK","CONF","R2.ADJ","COMMON.TREND"
"Noreste",95.0457467681624,95.0457467681624,95.0457467681624,95.0457467681624,95.3212094530831,95.0457467681624,95.0457467681624,95.0457467681624
