"","MAPE","MSE","THEIL","BIAS","LOG.LIK","CONF","R2.ADJ","COMMON.TREND"
"1",93.5006329486924,93.5054971733254,93.5006329486924,93.5054971733254,93.5054971733254,93.4813074891158,93.4813074891158,93.4813074891158
"2",93.6783905623374,93.7327200240378,93.6783905623374,93.7327200240378,93.7327200240378,93.7195543266074,93.7195543266074,93.7195543266074
"3",93.7809699014588,93.8939107992988,93.7809699014588,93.8939107992988,93.8939107992988,93.8963117827361,93.8963117827361,93.8963117827361
"4",93.9444548490127,94.1141401186919,93.9444548490127,94.1141401186919,94.1141401186919,94.1314433958117,94.1314433958117,94.1314433958117
"5",94.1456877666432,94.3597695019229,94.1456877666432,94.3597695019229,94.3597695019229,94.3946810895872,94.3946810895872,94.3946810895872
"6",94.3570235405104,94.600263983482,94.3570235405104,94.600263983482,94.600263983482,94.6617262996511,94.6617262996511,94.6617262996511
