"","MAPE","MSE","THEIL","BIAS","LOG.LIK","CONF","R2.ADJ","COMMON.TREND"
"1",94.9413984591504,94.9413984591504,94.9413984591504,94.9413984591504,94.9110997293069,94.9413984591504,94.9413984591504,94.9110997293069
"2",95.119868153131,95.119868153131,95.119868153131,95.119868153131,95.0271253005357,95.119868153131,95.119868153131,95.0271253005357
"3",95.3160975871763,95.3160975871763,95.3160975871763,95.3160975871763,95.1703734194517,95.3160975871763,95.3160975871763,95.1703734194517
