"","MAPE","MSE","THEIL","BIAS","LOG.LIK","CONF","R2.ADJ","COMMON.TREND"
"1",97.1368868907496,97.1368868907496,97.1368868907496,97.1368868907496,97.1414853405771,97.1379697509712,97.1379697509712,97.1379697509712
"2",97.4827297326593,97.4827297326593,97.4827297326593,97.4827297326593,97.4974612370647,97.4231130662376,97.4231130662376,97.4231130662376
"3",97.7475168500638,97.7475168500638,97.7475168500638,97.7475168500638,97.7772281716626,97.6361840751515,97.6361840751515,97.6361840751515
"4",97.9759815443768,97.9759815443768,97.9759815443768,97.9759815443768,98.023787832501,97.8182728961815,97.8182728961815,97.8182728961815
"5",98.1833535200283,98.1833535200283,98.1833535200283,98.1833535200283,98.2515294658289,97.9989310443263,97.9989310443263,97.9989310443263
"6",98.3828899603397,98.3828899603397,98.3828899603397,98.3828899603397,98.4734463186909,98.1894918762019,98.1894918762019,98.1894918762019
