"","MAPE","MSE","THEIL","BIAS","LOG.LIK","CONF","R2.ADJ","COMMON.TREND"
"1",104.604805021476,104.718935567995,104.718935567995,104.604805021476,104.604805021476,103.909099119519,103.909099119519,103.909099119519
"2",104.045830274326,104.205915372737,104.205915372737,104.045830274326,104.045830274326,102.765997375192,102.765997375192,102.765997375192
"3",103.463913653935,103.703717346009,103.703717346009,103.463913653935,103.463913653935,102.035389421717,102.035389421717,102.035389421717
"4",103.357213807417,103.677456031879,103.677456031879,103.357213807417,103.357213807417,102.144832119362,102.144832119362,102.144832119362
"5",103.441787255795,103.846598563487,103.846598563487,103.441787255795,103.441787255795,102.595738273527,102.595738273527,102.595738273527
"6",103.610113544953,104.096957486185,104.096957486185,103.610113544953,103.610113544953,103.028838988175,103.028838988175,103.028838988175
