"","MAPE","MSE","THEIL","BIAS","LOG.LIK","CONF","R2.ADJ","COMMON.TREND"
"1",97.9460387162546,97.9460387162546,97.9460387162546,97.9460387162546,97.942345702864,97.8975917556968,97.8975917556968,97.8975917556968
"2",98.4315236220711,98.4315236220711,98.4315236220711,98.4315236220711,98.4229973437679,98.2753966729965,98.2753966729965,98.2753966729965
"3",98.6952740591859,98.6952740591859,98.6952740591859,98.6952740591859,98.6882351140259,98.4736381890667,98.4736381890667,98.4736381890667
