"","MAPE","MSE","THEIL","BIAS","LOG.LIK","CONF","R2.ADJ","COMMON.TREND"
"1",97.1575425092116,97.1575425092116,97.1575425092116,97.1575425092116,97.1575425092116,97.1210882018953,97.1210882018953,97.1210882018953
"2",97.5866666591388,97.5866666591388,97.5866666591388,97.5866666591388,97.5866666591388,97.5371872595241,97.5371872595241,97.5371872595241
"3",98.0115422028002,98.0115422028002,98.0115422028002,98.0115422028002,98.0115422028002,97.9319195118611,97.9319195118611,97.9319195118611
"4",98.3784932698277,98.3784932698277,98.3784932698277,98.3784932698277,98.3784932698277,98.2742707708385,98.2742707708385,98.2742707708385
"5",98.7124014966406,98.7124014966406,98.7124014966406,98.7124014966406,98.7124014966406,98.586565174143,98.586565174143,98.586565174143
"6",98.9964755914817,98.9964755914817,98.9964755914817,98.9964755914817,98.9964755914817,98.8638702892566,98.8638702892566,98.8638702892566
