"","MAPE","MSE","THEIL","BIAS","LOG.LIK","CONF","R2.ADJ","COMMON.TREND"
"1",103.214273511476,103.214273511476,103.214273511476,103.214273511476,103.214273511476,103.203336199807,103.203336199807,103.203336199807
"2",103.569873923948,103.569873923948,103.569873923948,103.569873923948,103.569873923948,103.532194139647,103.532194139647,103.532194139647
"3",103.967224410361,103.967224410361,103.967224410361,103.967224410361,103.967224410361,103.873854428252,103.873854428252,103.873854428252
"4",104.394958097446,104.394958097446,104.394958097446,104.394958097446,104.394958097446,104.226529261225,104.226529261225,104.226529261225
"5",104.841277921151,104.841277921151,104.841277921151,104.841277921151,104.841277921151,104.584820176664,104.584820176664,104.584820176664
"6",105.294380631146,105.294380631146,105.294380631146,105.294380631146,105.294380631146,104.944727462542,104.944727462542,104.944727462542
