"","MAPE","MSE","THEIL","BIAS","LOG.LIK","CONF","R2.ADJ","COMMON.TREND"
"1",101.423227176429,101.423227176429,101.423227176429,101.423227176429,101.457986538752,101.423227176429,101.423227176429,101.423227176429
"2",101.556214280921,101.556214280921,101.556214280921,101.556214280921,101.638116149807,101.556214280921,101.556214280921,101.556214280921
"3",101.709961441763,101.709961441763,101.709961441763,101.709961441763,101.903075142249,101.709961441763,101.709961441763,101.709961441763
