"","MAPE","MSE","THEIL","BIAS","LOG.LIK","CONF","R2.ADJ","COMMON.TREND"
"Centro.norte",98.8512369227106,98.8512369227106,98.8512369227106,98.8512369227106,98.8299305018096,98.8512369227106,98.8512369227106,98.8273373330703
