"","MAPE","MSE","THEIL","BIAS","LOG.LIK","CONF","R2.ADJ","COMMON.TREND"
"Centro.norte",100.935448161268,100.935448161268,100.935448161268,100.935448161268,100.935448161268,100.935448161268,100.935448161268,100.912941259126
