"","MAPE","MSE","THEIL","BIAS","LOG.LIK","CONF","R2.ADJ","COMMON.TREND"
"1",99.188388999707,99.188388999707,99.188388999707,99.188388999707,99.1470887432664,99.1307546539164,99.1307546539164,99.1307546539164
"2",99.6134856851425,99.6134856851425,99.6134856851425,99.6134856851425,99.5292846680729,99.4616465520376,99.4616465520376,99.4616465520376
"3",100.044233061076,100.044233061076,100.044233061076,100.044233061076,99.9201881754164,99.7761873448266,99.7761873448266,99.7761873448266
"4",100.482720579008,100.482720579008,100.482720579008,100.482720579008,100.322932152117,100.087462768697,100.087462768697,100.087462768697
"5",100.926574470366,100.926574470366,100.926574470366,100.926574470366,100.739185205372,100.397909483694,100.397909483694,100.397909483694
"6",101.369820995247,101.369820995247,101.369820995247,101.369820995247,101.163307937548,100.706168466837,100.706168466837,100.706168466837
