"","MAPE","MSE","THEIL","BIAS","LOG.LIK","CONF","R2.ADJ","COMMON.TREND"
"Centro.sur",98.9917801288494,98.9917801288494,98.9917801288494,98.9917801288494,98.9789949831072,98.9184317254272,98.9184317254272,98.9184317254272
