"","MAPE","MSE","THEIL","BIAS","LOG.LIK","CONF","R2.ADJ","COMMON.TREND"
"Nacional",94.1224435201996,94.1224435201996,94.1224435201996,94.3221382637255,94.3221382637255,94.1224435201996,94.1224435201996,94.1224435201996
