"","MAPE","MSE","THEIL","BIAS","LOG.LIK","CONF","R2.ADJ","COMMON.TREND"
"1",94.8723193718436,94.8723193718436,94.8723193718436,94.8723193718436,94.8734966722583,94.8723193718436,94.8723193718436,94.8723193718436
"2",95.112352943689,95.112352943689,95.112352943689,95.112352943689,95.098117243954,95.112352943689,95.112352943689,95.112352943689
"3",95.3419771766191,95.3419771766191,95.3419771766191,95.3419771766191,95.3240897748826,95.3419771766191,95.3419771766191,95.3419771766191
"4",95.5728659052738,95.5728659052738,95.5728659052738,95.5728659052738,95.5576313012598,95.5728659052738,95.5728659052738,95.5728659052738
"5",95.8029753694887,95.8029753694887,95.8029753694887,95.8029753694887,95.7902203273138,95.8029753694887,95.8029753694887,95.8029753694887
"6",96.0259137803086,96.0259137803086,96.0259137803086,96.0259137803086,96.0105028194897,96.0259137803086,96.0259137803086,96.0259137803086
