"","MAPE","MSE","THEIL","BIAS","LOG.LIK","CONF","R2.ADJ","COMMON.TREND"
"1",100.321582164306,100.321582164306,100.321582164306,100.386354247504,100.386354247504,100.321582164306,100.321582164306,100.321582164306
"2",100.672250792614,100.672250792614,100.672250792614,100.81269364767,100.81269364767,100.672250792614,100.672250792614,100.672250792614
"3",101.016078279724,101.016078279724,101.016078279724,101.273437511817,101.273437511817,101.016078279724,101.016078279724,101.016078279724
