"","MAPE","MSE","THEIL","BIAS","LOG.LIK","CONF","R2.ADJ","COMMON.TREND"
"Sur",95.2719995501519,95.2719995501519,95.2719995501519,95.2719995501519,95.2130985819311,95.2719995501519,95.2719995501519,95.2130985819311
