"","MAPE","MSE","THEIL","BIAS","LOG.LIK","CONF","R2.ADJ","COMMON.TREND"
"1",97.3259844160568,97.3259844160568,97.3259844160568,97.2475738464003,97.3259844160568,97.2475738464003,97.2475738464003,97.2475738464003
"2",97.7867616273685,97.7867616273685,97.7867616273685,97.5954615205366,97.7867616273685,97.5954615205366,97.5954615205366,97.5954615205366
"3",98.2145231348673,98.2145231348673,98.2145231348673,97.9010501897598,98.2145231348673,97.9010501897598,97.9010501897598,97.9010501897598
"4",98.636487495226,98.636487495226,98.636487495226,98.191531849674,98.636487495226,98.191531849674,98.191531849674,98.191531849674
"5",99.0513694206275,99.0513694206275,99.0513694206275,98.470698810649,99.0513694206275,98.470698810649,98.470698810649,98.470698810649
"6",99.4586416047464,99.4586416047464,99.4586416047464,98.7419767048857,99.4586416047464,98.7419767048857,98.7419767048857,98.7419767048857
