"","MAPE","MSE","THEIL","BIAS","LOG.LIK","CONF","R2.ADJ","COMMON.TREND"
"1",100.935448161268,100.935448161268,100.935448161268,100.935448161268,100.935448161268,100.935448161268,100.935448161268,100.912941259126
"2",101.321497274034,101.321497274034,101.321497274034,101.321497274034,101.321497274034,101.321497274034,101.321497274034,101.261257963528
"3",101.708400188123,101.708400188123,101.708400188123,101.708400188123,101.708400188123,101.708400188123,101.708400188123,101.589019664906
