"","MAPE","MSE","THEIL","BIAS","LOG.LIK","CONF","R2.ADJ","COMMON.TREND"
"1",103.462786517924,103.462786517924,103.462786517924,103.462786517924,103.462786517924,103.178535658608,103.178535658608,103.178535658608
"2",103.510514601376,103.510514601376,103.510514601376,103.510514601376,103.510514601376,102.98329682323,102.98329682323,102.98329682323
"3",103.764988278281,103.764988278281,103.764988278281,103.764988278281,103.764988278281,102.977747753549,102.977747753549,102.977747753549
