"","MAPE","MSE","THEIL","BIAS","LOG.LIK","CONF","R2.ADJ","COMMON.TREND"
"1",96.3859355507927,96.3859355507927,96.3859355507927,96.3859355507927,96.3859355507927,96.4233530022955,96.4233530022955,96.3859355507927
"2",96.8208246235646,96.8208246235646,96.8208246235646,96.8208246235646,96.8208246235646,96.8780555056502,96.8780555056502,96.8208246235646
"3",97.1796479050293,97.1796479050293,97.1796479050293,97.1796479050293,97.1796479050293,97.2575869856217,97.2575869856217,97.1796479050293
