"","MAPE","MSE","THEIL","BIAS","LOG.LIK","CONF","R2.ADJ","COMMON.TREND"
"Centro.norte",94.2846100055738,94.2846100055738,94.2846100055738,94.2846100055738,94.2928970055286,94.2846100055738,94.2846100055738,94.2928970055286
