"","MAPE","MSE","THEIL","BIAS","LOG.LIK","CONF","R2.ADJ","COMMON.TREND"
"1",99.070791623447,99.070791623447,99.070791623447,99.070791623447,99.070791623447,98.9544875004751,98.9544875004751,98.9544875004751
"2",99.1429091939868,99.1429091939868,99.1429091939868,99.1429091939868,99.1429091939868,98.9091480856754,98.9091480856754,98.9091480856754
"3",99.3207805993278,99.3207805993278,99.3207805993278,99.3207805993278,99.3207805993278,98.9988566907529,98.9988566907529,98.9988566907529
