"","MAPE","MSE","THEIL","BIAS","LOG.LIK","CONF","R2.ADJ","COMMON.TREND"
"Sur",95.1125708549881,95.1125708549881,95.1125708549881,95.2346004870096,95.1566585044442,95.2346004870096,95.2346004870096,95.1566585044442
