"","MAPE","MSE","THEIL","BIAS","LOG.LIK","CONF","R2.ADJ","COMMON.TREND"
"1",102.897362031982,102.897362031982,102.897362031982,102.897362031982,102.897362031982,102.832327611249,102.832327611249,102.832327611249
"2",103.251381165317,103.251381165317,103.251381165317,103.251381165317,103.251381165317,103.119239580207,103.119239580207,103.119239580207
"3",103.607224257703,103.607224257703,103.607224257703,103.607224257703,103.607224257703,103.406575121533,103.406575121533,103.406575121533
