"","MAPE","MSE","THEIL","BIAS","LOG.LIK","CONF","R2.ADJ","COMMON.TREND"
"1",99.206698676292,99.206698676292,99.206698676292,99.2002738111057,99.206698676292,99.2045455125821,99.2045455125821,99.2045455125821
"2",99.5083517794413,99.5083517794413,99.5083517794413,99.4939613551103,99.5083517794413,99.4852389801585,99.4852389801585,99.4852389801585
"3",99.8374295171318,99.8374295171318,99.8374295171318,99.8147951721614,99.8374295171318,99.7795153229626,99.7795153229626,99.7795153229626
"4",100.200834278457,100.200834278457,100.200834278457,100.169731785089,100.200834278457,100.089923424532,100.089923424532,100.089923424532
"5",100.582099735274,100.582099735274,100.582099735274,100.54257098282,100.582099735274,100.403910492079,100.403910492079,100.403910492079
"6",100.976365992172,100.976365992172,100.976365992172,100.928563908068,100.976365992172,100.718904706563,100.718904706563,100.718904706563
