"","MAPE","MSE","THEIL","BIAS","LOG.LIK","CONF","R2.ADJ","COMMON.TREND"
"1",99.0920367809193,99.0920367809193,99.0920367809193,99.0920367809193,99.0645075616775,99.0803739336278,99.0803739336278,99.0803739336278
"2",99.4264759158512,99.4264759158512,99.4264759158512,99.4264759158512,99.3716710718049,99.3909238837857,99.3909238837857,99.3909238837857
"3",99.7811961692346,99.7811961692346,99.7811961692346,99.7811961692346,99.7079313175084,99.6989618537252,99.6989618537252,99.6989618537252
"4",100.149096167621,100.149096167621,100.149096167621,100.149096167621,100.064334842955,100.006517943093,100.006517943093,100.006517943093
"5",100.525475634519,100.525475634519,100.525475634519,100.525475634519,100.43890725111,100.31458046364,100.31458046364,100.31458046364
"6",100.90202553213,100.90202553213,100.90202553213,100.90202553213,100.822716027944,100.620488159329,100.620488159329,100.620488159329
