"","MAPE","MSE","THEIL","BIAS","LOG.LIK","CONF","R2.ADJ","COMMON.TREND"
"1",103.462786517924,103.462786517924,103.462786517924,103.462786517924,103.462786517924,103.178535658608,103.178535658608,103.178535658608
"2",103.510514601376,103.510514601376,103.510514601376,103.510514601376,103.510514601376,102.98329682323,102.98329682323,102.98329682323
"3",103.764988278281,103.764988278281,103.764988278281,103.764988278281,103.764988278281,102.977747753589,102.977747753589,102.977747753589
"4",104.102130178394,104.102130178394,104.102130178394,104.102130178394,104.102130178394,103.104064999238,103.104064999238,103.104064999238
"5",104.530012394038,104.530012394038,104.530012394038,104.530012394038,104.530012394038,103.346663907971,103.346663907971,103.346663907971
"6",104.984876342218,104.984876342218,104.984876342218,104.984876342218,104.984876342218,103.657055921024,103.657055921024,103.657055921024
