"","MAPE","MSE","THEIL","BIAS","LOG.LIK","CONF","R2.ADJ","COMMON.TREND"
"1",101.073434192937,101.073434192937,101.073434192937,101.073434192937,101.16516535812,101.073434192937,101.073434192937,101.16516535812
"2",101.519706986032,101.519706986032,101.519706986032,101.519706986032,101.956239709831,101.519706986032,101.519706986032,101.956239709831
"3",101.664037588748,101.664037588748,101.664037588748,101.664037588748,102.710485352226,101.664037588748,101.664037588748,102.710485352226
"4",101.646845821362,101.646845821362,101.646845821362,101.646845821362,103.365479253989,101.646845821362,101.646845821362,103.365479253989
"5",101.61801428985,101.61801428985,101.61801428985,101.61801428985,103.90543110002,101.61801428985,101.61801428985,103.90543110002
"6",101.691804221989,101.691804221989,101.691804221989,101.691804221989,104.363446146118,101.691804221989,101.691804221989,104.363446146118
