"","MAPE","MSE","THEIL","BIAS","LOG.LIK","CONF","R2.ADJ","COMMON.TREND"
"Centro.norte",101.307233340693,101.307233340693,101.307233340693,101.307233340693,101.326784058159,101.330449567391,101.330449567391,101.307233340693
