"","MAPE","MSE","THEIL","BIAS","LOG.LIK","CONF","R2.ADJ","COMMON.TREND"
"1",92.7338816107391,92.7338816107391,92.7338816107391,92.7338816107391,92.7165247252168,92.7338816107391,92.7338816107391,92.7165247252168
"2",92.9631767131293,92.9631767131293,92.9631767131293,92.9631767131293,92.982534965669,92.9631767131293,92.9631767131293,92.982534965669
"3",93.1727616321114,93.1727616321114,93.1727616321114,93.1727616321114,93.2385920610574,93.1727616321114,93.1727616321114,93.2385920610574
