"","MAPE","MSE","THEIL","BIAS","LOG.LIK","CONF","R2.ADJ","COMMON.TREND"
"1",95.0457467681621,95.0457467681621,95.0457467681621,95.0457467681621,95.3212094530831,95.0457467681621,95.0457467681621,95.3921378650945
"2",95.1071481062419,95.1071481062419,95.1071481062419,95.1071481062419,95.6209780978792,95.1071481062419,95.1071481062419,95.7864198782743
"3",95.2227905762207,95.2227905762207,95.2227905762207,95.2227905762207,95.9060921615332,95.2227905762207,95.2227905762207,96.1835649745834
