"","MAPE","MSE","THEIL","BIAS","LOG.LIK","CONF","R2.ADJ","COMMON.TREND"
"Noroeste",100.326429284064,100.326429284064,100.326429284064,100.326429284064,100.387750009022,100.326429284064,100.326429284064,100.387750009022
