"","MAPE","MSE","THEIL","BIAS","LOG.LIK","CONF","R2.ADJ","COMMON.TREND"
"1",97.2076555569805,97.2076555569805,97.2076555569805,97.2076555569805,95.881528201263,97.2076555569805,97.2076555569805,95.881528201263
"2",98.2244842327465,98.2244842327465,98.2244842327465,98.2244842327465,95.5623799176309,98.2244842327465,98.2244842327465,95.5623799176309
"3",99.1462480978051,99.1462480978051,99.1462480978051,99.1462480978051,95.5334847516509,99.1462480978051,99.1462480978051,95.5334847516509
