"","MAPE","MSE","THEIL","BIAS","LOG.LIK","CONF","R2.ADJ","COMMON.TREND"
"1",98.9334010404979,98.9334010404979,98.9334010404979,98.9458369100764,98.9458369100764,98.8509166367451,98.8509166367451,98.8509166367451
"2",98.9405584192251,98.9405584192251,98.9405584192251,98.9769666421708,98.9769666421708,98.8981256725386,98.8981256725386,98.8981256725386
"3",99.1161405770136,99.1161405770136,99.1161405770136,99.1767197657473,99.1767197657473,99.0956598770493,99.0956598770493,99.0956598770493
"4",99.3109464986675,99.3109464986675,99.3109464986675,99.4017317344824,99.4017317344824,99.3488472497418,99.3488472497418,99.3488472497418
"5",99.5641305030239,99.5641305030239,99.5641305030239,99.6848789617873,99.6848789617873,99.6634485909839,99.6634485909839,99.6634485909839
"6",99.8397639809641,99.8397639809641,99.8397639809641,99.9885937620108,99.9885937620108,100.013459085463,100.013459085463,100.013459085463
