"","MAPE","MSE","THEIL","BIAS","LOG.LIK","CONF","R2.ADJ","COMMON.TREND"
"1",96.2651020233561,96.2651020233561,96.2651020233561,96.2651020233561,96.2651020233561,96.223249052229,96.223249052229,96.223249052229
"2",96.7183887504595,96.7183887504595,96.7183887504595,96.7183887504595,96.7183887504595,96.6249107321639,96.6249107321639,96.6249107321639
"3",97.1022243408475,97.1022243408475,97.1022243408475,97.1022243408475,97.1022243408475,96.9515057741613,96.9515057741613,96.9515057741613
