"","MAPE","MSE","THEIL","BIAS","LOG.LIK","CONF","R2.ADJ","COMMON.TREND"
"1",99.2079573603215,99.2079573603215,99.2079573603215,99.2079573603215,99.8351001649809,99.2079573603215,99.2079573603215,99.8351001649809
"2",100.180270726166,100.180270726166,100.180270726166,100.180270726166,101.098179703672,100.180270726166,100.180270726166,101.098179703672
"3",100.659699760089,100.659699760089,100.659699760089,100.659699760089,101.942928730649,100.659699760089,100.659699760089,101.942928730649
