"","MAPE","MSE","THEIL","BIAS","LOG.LIK","CONF","R2.ADJ","COMMON.TREND"
"1",95.530420923845,95.530420923845,95.530420923845,95.530420923845,95.5590235977794,95.530420923845,95.530420923845,95.530420923845
"2",95.9326049628182,95.9326049628182,95.9326049628182,95.9326049628182,95.9809956979489,95.9326049628182,95.9326049628182,95.9326049628182
"3",96.3225080200659,96.3225080200659,96.3225080200659,96.3225080200659,96.4098962239761,96.3225080200659,96.3225080200659,96.3225080200659
