"","MAPE","MSE","THEIL","BIAS","LOG.LIK","CONF","R2.ADJ","COMMON.TREND"
"1",100.42055690205,100.42055690205,100.42055690205,100.42055690205,100.42055690205,100.368510062442,100.368510062442,100.368510062442
"2",100.671444031588,100.671444031588,100.671444031588,100.671444031588,100.671444031588,100.546630522273,100.546630522273,100.546630522273
"3",101.027710693414,101.027710693414,101.027710693414,101.027710693414,101.027710693414,100.776631400837,100.776631400837,100.776631400837
"4",101.378189170139,101.378189170139,101.378189170139,101.378189170139,101.378189170139,100.986477607041,100.986477607041,100.986477607041
"5",101.754404664864,101.754404664864,101.754404664864,101.754404664864,101.754404664864,101.204905655887,101.204905655887,101.204905655887
"6",102.119585704744,102.119585704744,102.119585704744,102.119585704744,102.119585704744,101.413650565479,101.413650565479,101.413650565479
