"","MAPE","MSE","THEIL","BIAS","LOG.LIK","CONF","R2.ADJ","COMMON.TREND"
"1",101.773573040232,101.773573040232,101.773573040232,101.773573040232,101.773573040232,101.719603466105,101.719603466105,101.719603466105
"2",102.081804512974,102.081804512974,102.081804512974,102.081804512974,102.081804512974,101.902598077896,101.902598077896,101.902598077896
"3",102.379388825457,102.379388825457,102.379388825457,102.379388825457,102.379388825457,102.050067862017,102.050067862017,102.050067862017
