"","MAPE","MSE","THEIL","BIAS","LOG.LIK","CONF","R2.ADJ","COMMON.TREND"
"Noreste",97.9460387162546,97.9460387162546,97.9460387162546,97.9460387162546,97.942345702864,97.8975917556968,97.8975917556968,97.8975917556968
