"","MAPE","MSE","THEIL","BIAS","LOG.LIK","CONF","R2.ADJ","COMMON.TREND"
"Centro.norte",95.2708027145739,95.2708027145739,95.2708027145739,95.2708027145739,95.2708027145739,95.2575911065955,95.2708027145739,95.2575911065955
