"","MAPE","MSE","THEIL","BIAS","LOG.LIK","CONF","R2.ADJ","COMMON.TREND"
"1",102.408772992588,102.408772992588,102.408772992588,102.408772992588,102.481811697356,102.529104987021,102.529104987021,102.408772992588
"2",102.548545379939,102.548545379939,102.548545379939,102.548545379939,102.73398603836,102.818751689274,102.818751689274,102.548545379939
"3",102.652440525295,102.652440525295,102.652440525295,102.652440525295,102.973374583198,103.121001510311,103.121001510311,102.652440525295
"4",102.752891024055,102.752891024055,102.752891024055,102.752891024055,103.212092984021,103.427838475318,103.427838475318,102.752891024055
"5",102.853090725808,102.853090725808,102.853090725808,102.853090725808,103.449745767558,103.744467196741,103.744467196741,102.853090725808
"6",102.970956190054,102.970956190054,102.970956190054,102.970956190054,103.694927897572,104.074442905722,104.074442905722,102.970956190054
