"","MAPE","MSE","THEIL","BIAS","LOG.LIK","CONF","R2.ADJ","COMMON.TREND"
"1",98.9597317593369,98.9597317593369,98.9597317593369,98.9597317593369,99.0329455146207,98.9597317593369,98.9597317593369,98.9597317593369
"2",99.0058086405295,99.0058086405295,99.0058086405295,99.0058086405295,99.1953715061014,99.0058086405295,99.0058086405295,99.0058086405295
"3",99.1436561756595,99.1436561756595,99.1436561756595,99.1436561756595,99.4326223703882,99.1436561756595,99.1436561756595,99.1436561756595
"4",99.3628026949634,99.3628026949634,99.3628026949634,99.3628026949634,99.7249661550004,99.3628026949634,99.3628026949634,99.3628026949634
"5",99.650565035665,99.650565035665,99.650565035665,99.650565035665,100.052405924176,99.650565035665,99.650565035665,99.650565035665
"6",99.988982563685,99.988982563685,99.988982563685,99.988982563685,100.39971809691,99.988982563685,99.988982563685,99.988982563685
