"","MAPE","MSE","THEIL","BIAS","LOG.LIK","CONF","R2.ADJ","COMMON.TREND"
"1",98.4880411617365,98.4880411617365,98.4880411617365,98.4880411617365,98.5252741493997,98.332782391482,98.332782391482,98.332782391482
"2",98.9305395844981,98.9305395844981,98.9305395844981,98.9305395844981,98.9911935819004,98.6029106173814,98.6029106173814,98.6029106173814
"3",99.2663113690167,99.2663113690167,99.2663113690167,99.2663113690167,99.3617126686341,98.7566206969608,98.7566206969608,98.7566206969608
"4",99.5756650574236,99.5756650574236,99.5756650574236,99.5756650574236,99.7031014208474,98.8753263828636,98.8753263828636,98.8753263828636
"5",99.8283068805318,99.8283068805318,99.8283068805318,99.8283068805318,99.9933325607523,98.9552456304227,98.9552456304227,98.9552456304227
"6",100.067980882668,100.067980882668,100.067980882668,100.067980882668,100.273625369981,99.0574692379442,99.0574692379442,99.0574692379442
