"","MAPE","MSE","THEIL","BIAS","LOG.LIK","CONF","R2.ADJ","COMMON.TREND"
"1",99.0328164612968,99.0328164612968,99.0328164612968,99.0328164612968,99.06757262738,99.0181116463143,99.0181116463143,99.0328164612968
"2",99.2704090124315,99.2704090124315,99.2704090124315,99.2704090124315,99.3514452024887,99.23218027101,99.23218027101,99.2704090124315
"3",99.4494931502909,99.4494931502909,99.4494931502909,99.4494931502909,99.5829370430766,99.4126098967209,99.4126098967209,99.4494931502909
