"","MAPE","MSE","THEIL","BIAS","LOG.LIK","CONF","R2.ADJ","COMMON.TREND"
"Frontera.norte",100.914813916292,100.914813916292,100.914813916292,100.914813916292,100.960934612112,100.914813916292,100.914813916292,100.914813916292
