"","MAPE","MSE","THEIL","BIAS","LOG.LIK","CONF","R2.ADJ","COMMON.TREND"
"1",94.9634942469378,94.9634942469378,94.9634942469378,95.5830206881699,94.9634942469378,95.5830206881699,95.5830206881699,94.9950226396995
"2",95.6529916689649,95.6529916689649,95.6529916689649,97.1677420687321,95.6529916689649,97.1677420687321,97.1677420687321,95.7346486712508
"3",95.8801702369182,95.8801702369182,95.8801702369182,98.2936249660353,95.8801702369182,98.2936249660353,98.2936249660353,95.9934496889237
