"","MAPE","MSE","THEIL","BIAS","LOG.LIK","CONF","R2.ADJ","COMMON.TREND"
"1",98.911617389074,98.911617389074,98.911617389074,98.911617389074,98.900675856474,98.8837765561627,98.911617389074,98.8837765561627
"2",99.1659712645342,99.1659712645342,99.1659712645342,99.1659712645342,99.1367208884906,99.1003275810614,99.1659712645342,99.1003275810614
"3",99.481349934165,99.481349934165,99.481349934165,99.481349934165,99.4384586992131,99.3611464288554,99.481349934165,99.3611464288554
