"","MAPE","MSE","THEIL","BIAS","LOG.LIK","CONF","R2.ADJ","COMMON.TREND"
"1",93.0456726117088,93.0456726117088,93.0456726117088,93.0456726117088,93.0420979301171,93.0456726117088,93.0456726117088,93.0420979301171
"2",93.2259897678896,93.2259897678896,93.2259897678896,93.2259897678896,93.190414259054,93.2259897678896,93.2259897678896,93.190414259054
"3",93.4933185508794,93.4933185508794,93.4933185508794,93.4933185508794,93.4216857932958,93.4933185508794,93.4933185508794,93.4216857932958
