"","MAPE","MSE","THEIL","BIAS","LOG.LIK","CONF","R2.ADJ","COMMON.TREND"
"1",99.3493994624573,99.3493994624573,99.3493994624573,99.3493994624573,99.3323680540316,99.2942631204691,99.2942631204691,99.2942631204691
"2",99.6769202095125,99.6769202095125,99.6769202095125,99.6769202095125,99.6281409055537,99.5138858903397,99.5138858903397,99.5138858903397
"3",100.048897655052,100.048897655052,100.048897655052,100.048897655052,99.9758209102351,99.7528185612925,99.7528185612925,99.7528185612925
"4",100.443538336033,100.443538336033,100.443538336033,100.443538336033,100.346220889409,99.9946318821597,99.9946318821597,99.9946318821597
"5",100.858562804122,100.858562804122,100.858562804122,100.858562804122,100.74425460542,100.248220031035,100.248220031035,100.248220031035
"6",101.280092985904,101.280092985904,101.280092985904,101.280092985904,101.155947481908,100.507249744315,100.507249744315,100.507249744315
