"","MAPE","MSE","THEIL","BIAS","LOG.LIK","CONF","R2.ADJ","COMMON.TREND"
"Mexico",93.0456726116905,93.0456726116905,93.0456726116905,93.0595666924012,93.0420979301171,93.0456726116905,93.0456726116905,93.0420979301171
