"","MAPE","MSE","THEIL","BIAS","LOG.LIK","CONF","R2.ADJ","COMMON.TREND"
"1",105.065065198254,105.065065198254,105.065065198254,105.065065198254,105.065065198254,104.498570267689,104.498570267689,104.498570267689
"2",105.827350795917,105.827350795917,105.827350795917,105.827350795917,105.827350795917,104.35394804972,104.35394804972,104.35394804972
"3",106.529445325308,106.529445325308,106.529445325308,106.529445325308,106.529445325308,104.175158500632,104.175158500632,104.175158500632
