"","MAPE","MSE","THEIL","BIAS","LOG.LIK","CONF","R2.ADJ","COMMON.TREND"
"1",99.6525164105934,99.6525164105934,99.6525164105934,99.6525164105934,99.6525164105934,99.588590194835,99.588590194835,99.6525164105934
"2",99.9476163954079,99.9476163954079,99.9476163954079,99.9476163954079,99.9476163954079,99.8183168836246,99.8183168836246,99.9476163954079
"3",100.287439185213,100.287439185213,100.287439185213,100.287439185213,100.287439185213,100.05813644737,100.05813644737,100.287439185213
"4",100.666734031585,100.666734031585,100.666734031585,100.666734031585,100.666734031585,100.317184662051,100.317184662051,100.666734031585
"5",101.074494450418,101.074494450418,101.074494450418,101.074494450418,101.074494450418,100.587190253617,100.587190253617,101.074494450418
"6",101.498970574666,101.498970574666,101.498970574666,101.498970574666,101.498970574666,100.862324816804,100.862324816804,101.498970574666
