"","MAPE","MSE","THEIL","BIAS","LOG.LIK","CONF","R2.ADJ","COMMON.TREND"
"1",103.355774712395,103.355774712395,103.355774712395,103.355774712395,103.355774712395,103.298768974438,103.298768974438,103.298768974438
"2",103.637825355953,103.637825355953,103.637825355953,103.637825355953,103.637825355953,103.507951165103,103.507951165103,103.507951165103
"3",103.992599433113,103.992599433113,103.992599433113,103.992599433113,103.992599433113,103.757668379571,103.757668379571,103.757668379571
"4",104.399554427135,104.399554427135,104.399554427135,104.399554427135,104.399554427135,104.044134659577,104.044134659577,104.044134659577
"5",104.842640417789,104.842640417789,104.842640417789,104.842640417789,104.842640417789,104.3557244279,104.3557244279,104.3557244279
"6",105.30323834745,105.30323834745,105.30323834745,105.30323834745,105.30323834745,104.682020837093,104.682020837093,104.682020837093
