"","MAPE","MSE","THEIL","BIAS","LOG.LIK","CONF","R2.ADJ","COMMON.TREND"
"1",101.42322717641,101.42322717641,101.42322717641,101.42322717641,101.457986538752,101.42322717641,101.42322717641,101.42322717641
"2",101.556214280884,101.556214280884,101.556214280884,101.556214280884,101.638116149807,101.556214280884,101.556214280884,101.556214280884
"3",101.709961441677,101.709961441677,101.709961441677,101.709961441677,101.903075142249,101.709961441677,101.709961441677,101.709961441677
"4",101.861235897264,101.861235897264,101.861235897264,101.861235897264,102.188761903709,101.861235897264,101.861235897264,101.861235897264
"5",102.042268627069,102.042268627069,102.042268627069,102.042268627069,102.526463978787,102.042268627069,102.042268627069,102.042268627069
"6",102.224136153969,102.224136153969,102.224136153969,102.224136153969,102.863742162012,102.224136153969,102.224136153969,102.224136153969
