"","MAPE","MSE","THEIL","BIAS","LOG.LIK","CONF","R2.ADJ","COMMON.TREND"
"Centro.norte",96.4904446379306,96.4904446379306,96.4904446379306,96.4519025377786,96.4519025377786,96.478947859616,96.478947859616,96.4904446379306
