"","MAPE","MSE","THEIL","BIAS","LOG.LIK","CONF","R2.ADJ","COMMON.TREND"
"1",101.277806021521,101.277806021521,101.277806021521,101.591560267044,101.651652012069,101.277806021521,101.277806021521,101.277806021521
"2",101.099397195793,101.099397195793,101.099397195793,102.226677273099,102.310870992067,101.099397195793,101.099397195793,101.099397195793
"3",100.768421611779,100.768421611779,100.768421611779,102.697313620595,102.820166408816,100.768421611779,100.768421611779,100.768421611779
