"","MAPE","MSE","THEIL","BIAS","LOG.LIK","CONF","R2.ADJ","COMMON.TREND"
"1",94.5397561816572,94.5397561816572,94.5397561816572,94.5365189385027,94.5397561816572,94.5397561816572,94.5397561816572,94.5365189385027
"2",94.8757569005888,94.8757569005888,94.8757569005888,94.896483121189,94.8757569005888,94.8757569005888,94.8757569005888,94.896483121189
"3",95.205784747512,95.205784747512,95.205784747512,95.2574268952982,95.205784747512,95.205784747512,95.205784747512,95.2574268952982
