"","MAPE","MSE","THEIL","BIAS","LOG.LIK","CONF","R2.ADJ","COMMON.TREND"
"1",103.390273145849,103.390273145849,103.390273145849,103.314281811943,103.343370311984,103.314281811943,103.314281811943,103.314281811943
"2",103.579298132106,103.579298132106,103.579298132106,103.393238184882,103.500450153647,103.393238184882,103.393238184882,103.393238184882
"3",103.78046120906,103.78046120906,103.78046120906,103.425419695122,103.629166053854,103.425419695122,103.425419695122,103.425419695122
"4",103.90845409263,103.90845409263,103.90845409263,103.376318771599,103.679338796891,103.376318771599,103.376318771599,103.376318771599
"5",104.060010903795,104.060010903795,104.060010903795,103.339453552807,103.741608609703,103.339453552807,103.339453552807,103.339453552807
"6",104.246058566188,104.246058566188,104.246058566188,103.339870303182,103.836459429492,103.339870303182,103.339870303182,103.339870303182
