"","MAPE","MSE","THEIL","BIAS","LOG.LIK","CONF","R2.ADJ","COMMON.TREND"
"1",94.8896855060858,94.8896855060858,94.8896855060858,94.8896855060858,94.9905642975754,94.8896855060858,94.8896855060858,94.8896855060858
"2",94.8961356540196,94.8961356540196,94.8961356540196,94.8961356540196,95.0559965049327,94.8961356540196,94.8961356540196,94.8961356540196
"3",94.9314732959264,94.9314732959264,94.9314732959264,94.9314732959264,95.122149985928,94.9314732959264,94.9314732959264,94.9314732959264
"4",95.0249788717445,95.0249788717445,95.0249788717445,95.0249788717445,95.2033962404291,95.0249788717445,95.0249788717445,95.0249788717445
"5",95.1804892674169,95.1804892674169,95.1804892674169,95.1804892674169,95.3024323187345,95.1804892674169,95.1804892674169,95.1804892674169
"6",95.3871183596418,95.3871183596418,95.3871183596418,95.3871183596418,95.4152503806463,95.3871183596418,95.3871183596418,95.3871183596418
