"","MAPE","MSE","THEIL","BIAS","LOG.LIK","CONF","R2.ADJ","COMMON.TREND"
"1",99.0050165763992,99.0050165763992,99.0050165763992,99.0050165763992,98.8130036975379,98.8130036975379,98.8130036975379,98.8130036975379
"2",99.3286034410717,99.3286034410717,99.3286034410717,99.3286034410717,98.965172440583,98.965172440583,98.965172440583,98.965172440583
"3",99.7669569523599,99.7669569523599,99.7669569523599,99.7669569523599,99.1704456692472,99.1704456692472,99.1704456692472,99.1704456692472
