"","MAPE","MSE","THEIL","BIAS","LOG.LIK","CONF","R2.ADJ","COMMON.TREND"
"1",100.334073047843,100.334073047843,100.334073047843,100.334073047843,100.368646447557,100.334073047843,100.334073047843,100.334073047843
"2",100.697999682846,100.697999682846,100.697999682846,100.697999682846,100.77702563754,100.697999682846,100.697999682846,100.697999682846
"3",101.057631342583,101.057631342583,101.057631342583,101.057631342583,101.214257653588,101.057631342583,101.057631342583,101.057631342583
"4",101.403156752733,101.403156752733,101.403156752733,101.403156752733,101.653861243725,101.403156752733,101.403156752733,101.403156752733
"5",101.739211492272,101.739211492272,101.739211492272,101.739211492272,102.09584221917,101.739211492272,101.739211492272,101.739211492272
"6",102.066465903284,102.066465903284,102.066465903284,102.066465903284,102.535767501298,102.066465903284,102.066465903284,102.066465903284
