"","MAPE","MSE","THEIL","BIAS","LOG.LIK","CONF","R2.ADJ","COMMON.TREND"
"1",97.3259844160568,97.3259844160568,97.3259844160568,97.2475738464003,97.3259844160568,97.2475738464003,97.2475738464003,97.2475738464003
"2",97.7867616273685,97.7867616273685,97.7867616273685,97.5954615205366,97.7867616273685,97.5954615205366,97.5954615205366,97.5954615205366
"3",98.2145231348673,98.2145231348673,98.2145231348673,97.9010501897598,98.2145231348673,97.9010501897598,97.9010501897598,97.9010501897598
