"","MAPE","MSE","THEIL","BIAS","LOG.LIK","CONF","R2.ADJ","COMMON.TREND"
"1",100.954967219079,100.954967219079,100.954967219079,100.954967219079,100.999394036478,100.954967219079,100.999394036478,100.954967219079
"2",101.307100730946,101.307100730946,101.307100730946,101.307100730946,101.417674677052,101.307100730946,101.417674677052,101.307100730946
"3",101.629097371897,101.629097371897,101.629097371897,101.629097371897,101.832346541123,101.629097371897,101.832346541123,101.629097371897
"4",101.928893636089,101.928893636089,101.928893636089,101.928893636089,102.243519372489,101.928893636089,102.243519372489,101.928893636089
"5",102.216130139714,102.216130139714,102.216130139714,102.216130139714,102.653924351846,102.216130139714,102.653924351846,102.216130139714
"6",102.492493300488,102.492493300488,102.492493300488,102.492493300488,103.057827465947,102.492493300488,103.057827465947,102.492493300488
