"","MAPE","MSE","THEIL","BIAS","LOG.LIK","CONF","R2.ADJ","COMMON.TREND"
"1",94.9341416127323,94.9341416127323,94.9341416127323,94.9341416127323,95.0822793616419,94.9341416127323,94.9341416127323,94.9341416127323
"2",95.0601104745687,95.0601104745687,95.0601104745687,95.0601104745687,95.4337845207966,95.0601104745687,95.0601104745687,95.0601104745687
"3",95.1299493892189,95.1299493892189,95.1299493892189,95.1299493892189,95.7216358428807,95.1299493892189,95.1299493892189,95.1299493892189
"4",95.1624149907298,95.1624149907298,95.1624149907298,95.1624149907298,95.9256350859123,95.1624149907298,95.1624149907298,95.1624149907298
"5",95.2034745026102,95.2034745026102,95.2034745026102,95.2034745026102,96.0791357077596,95.2034745026102,95.2034745026102,95.2034745026102
"6",95.290070458699,95.290070458699,95.290070458699,95.290070458699,96.2194238405234,95.290070458699,95.290070458699,95.290070458699
