"","MAPE","MSE","THEIL","BIAS","LOG.LIK","CONF","R2.ADJ","COMMON.TREND"
"Noreste",95.2764082766126,95.2764082766126,95.2764082766126,95.2764082766126,95.2198577747485,94.8312400675434,94.8312400675434,94.8312400675434
