"","MAPE","MSE","THEIL","BIAS","LOG.LIK","CONF","R2.ADJ","COMMON.TREND"
"Sur",95.9168071043791,95.9168071043791,95.9168071043791,95.9168071043791,95.8192912033441,95.9168071043791,95.9168071043791,95.850341424605
