"","MAPE","MSE","THEIL","BIAS","LOG.LIK","CONF","R2.ADJ","COMMON.TREND"
"1",98.9682762482873,98.9338666045644,98.9682762482873,98.9338666045644,98.9682762482873,98.9329307288707,98.9329307288707,98.9329307288707
"2",99.0774134116295,99.0085647600018,99.0774134116295,99.0085647600018,99.0774134116295,99.0257981180358,99.0257981180358,99.0257981180358
"3",99.1632535283113,99.0451436860266,99.1632535283113,99.0451436860266,99.1632535283113,99.1091301778993,99.1091301778993,99.1091301778993
