"","MAPE","MSE","THEIL","BIAS","LOG.LIK","CONF","R2.ADJ","COMMON.TREND"
"Nacional",103.373883608368,103.373883608368,103.373883608368,103.189376496761,103.287791935309,103.189376496761,103.189376496761,103.189376496761
