"","MAPE","MSE","THEIL","BIAS","LOG.LIK","CONF","R2.ADJ","COMMON.TREND"
"1",97.1396624783534,97.1396624783534,97.1396624783534,97.1396624783534,97.4647423452562,97.1396624783534,97.1396624783534,97.4647423452562
"2",96.8400483828362,96.8400483828362,96.8400483828362,96.8400483828362,97.1568750274369,96.8400483828362,96.8400483828362,97.1568750274369
"3",96.5551420127199,96.5551420127199,96.5551420127199,96.5551420127199,96.6684356356485,96.5551420127199,96.5551420127199,96.6684356356485
