"","MAPE","MSE","THEIL","BIAS","LOG.LIK","CONF","R2.ADJ","COMMON.TREND"
"Centro.sur",96.8479467727409,96.8479467727409,96.8479467727409,96.8479467727409,96.8479467727409,96.8277040815723,96.8277040815723,96.8277040815723
