"","MAPE","MSE","THEIL","BIAS","LOG.LIK","CONF","R2.ADJ","COMMON.TREND"
"1",101.950341266295,101.950341266295,101.950341266295,101.842914961634,101.92719535288,101.842914961634,101.842914961634,101.842914961634
"2",102.409409380214,102.409409380214,102.409409380214,102.102930462394,102.345435535088,102.102930462394,102.102930462394,102.102930462394
"3",102.845174812686,102.845174812686,102.845174812686,102.284058415145,102.725467237216,102.284058415145,102.284058415145,102.284058415145
