"","MAPE","MSE","THEIL","BIAS","LOG.LIK","CONF","R2.ADJ","COMMON.TREND"
"1",96.0695381908319,96.0695381908319,96.0695381908319,96.0695381908319,96.0695381908319,96.0695381908319,96.0695381908319,96.0695381908319
"2",96.3806520359966,96.3806520359966,96.3806520359966,96.3806520359966,96.3806520359966,96.3806520359966,96.3806520359966,96.3806520359966
"3",96.6477985996436,96.6477985996436,96.6477985996436,96.6477985996436,96.6477985996436,96.6477985996436,96.6477985996436,96.6477985996436
"4",96.8948348150151,96.8948348150151,96.8948348150151,96.8948348150151,96.8948348150151,96.8948348150151,96.8948348150151,96.8948348150151
"5",97.1163968267901,97.1163968267901,97.1163968267901,97.1163968267901,97.1163968267901,97.1163968267901,97.1163968267901,97.1163968267901
"6",97.3179275109132,97.3179275109132,97.3179275109132,97.3179275109132,97.3179275109132,97.3179275109132,97.3179275109132,97.3179275109132
