"","MAPE","MSE","THEIL","BIAS","LOG.LIK","CONF","R2.ADJ","COMMON.TREND"
"1",96.4476157593045,96.4476157593045,96.4476157593045,96.4514523206641,96.4476157593045,96.4514523206641,96.4514523206641,96.4514523206641
"2",96.7997725914759,96.7997725914759,96.7997725914759,96.7950820401169,96.7997725914759,96.7950820401169,96.7950820401169,96.7950820401169
"3",97.1092041731335,97.1092041731335,97.1092041731335,97.0967370779426,97.1092041731335,97.0967370779426,97.0967370779426,97.0967370779426
