"","MAPE","MSE","THEIL","BIAS","LOG.LIK","CONF","R2.ADJ","COMMON.TREND"
"1",96.1715322204191,96.1715322204191,96.1715322204191,95.7827496332135,95.7827496332135,96.9686686747865,96.9686686747865,96.9686686747865
"2",96.8299681483631,96.8299681483631,96.8299681483631,95.8898050555277,95.8898050555277,98.6596619917896,98.6596619917896,98.6596619917896
"3",97.2262225564623,97.2262225564623,97.2262225564623,95.7609643726041,95.7609643726041,99.880201123468,99.880201123468,99.880201123468
"4",97.6730028417345,97.6730028417345,97.6730028417345,95.6686221640476,95.6686221640476,100.907675087815,100.907675087815,100.907675087815
"5",98.0134476899581,98.0134476899581,98.0134476899581,95.4981531560042,95.4981531560042,101.584108681594,101.584108681594,101.584108681594
"6",98.3350752250614,98.3350752250614,98.3350752250614,95.3255986424627,95.3255986424627,102.094447471984,102.094447471984,102.094447471984
