"","MAPE","MSE","THEIL","BIAS","LOG.LIK","CONF","R2.ADJ","COMMON.TREND"
"1",99.0920367809193,99.0920367809193,99.0920367809193,99.0920367809193,99.0645075616775,99.0803739336278,99.0803739336278,99.0803739336278
"2",99.4264759158512,99.4264759158512,99.4264759158512,99.4264759158512,99.3716710718049,99.3909238837857,99.3909238837857,99.3909238837857
"3",99.7811961692346,99.7811961692346,99.7811961692346,99.7811961692346,99.7079313175084,99.6989618537252,99.6989618537252,99.6989618537252
