"","MAPE","MSE","THEIL","BIAS","LOG.LIK","CONF","R2.ADJ","COMMON.TREND"
"1",100.914813916288,100.914813916288,100.914813916288,100.914813916288,100.960934612116,100.914813916288,100.914813916288,100.914813916288
"2",101.200700899432,101.200700899432,101.200700899432,101.200700899432,101.432000459625,101.200700899432,101.200700899432,101.200700899432
"3",101.296586311793,101.296586311793,101.296586311793,101.296586311793,101.88549016338,101.296586311793,101.296586311793,101.296586311793
"4",101.306767766668,101.306767766668,101.306767766668,101.306767766668,102.307743427344,101.306767766668,101.306767766668,101.306767766668
"5",101.317164995691,101.317164995691,101.317164995691,101.317164995691,102.685225143871,101.317164995691,101.317164995691,101.317164995691
"6",101.38962858985,101.38962858985,101.38962858985,101.38962858985,103.022363807582,101.38962858985,101.38962858985,101.38962858985
