"","MAPE","MSE","THEIL","BIAS","LOG.LIK","CONF","R2.ADJ","COMMON.TREND"
"Noreste",100.337153482057,100.337153482057,100.337153482057,100.337153482057,100.337153482057,100.291771059245,100.291771059245,100.291771059245
