"","MAPE","MSE","THEIL","BIAS","LOG.LIK","CONF","R2.ADJ","COMMON.TREND"
"1",95.6106718282524,95.6106718282524,95.6106718282524,94.7862992578561,94.7862992578561,95.6106718282524,95.6106718282524,94.7862992578561
"2",96.6072405524971,96.6072405524971,96.6072405524971,94.4842103271238,94.4842103271238,96.6072405524971,96.6072405524971,94.4842103271238
"3",97.5673445468782,97.5673445468782,97.5673445468782,94.1766730164757,94.1766730164757,97.5673445468782,97.5673445468782,94.1766730164757
