"","MAPE","MSE","THEIL","BIAS","LOG.LIK","CONF","R2.ADJ","COMMON.TREND"
"1",94.8896855062097,94.8896855062097,94.8896855062097,94.8896855062097,94.9905642975753,94.8896855062097,94.8896855062097,94.8896855062097
"2",94.8961356542298,94.8961356542298,94.8961356542298,94.8961356542298,95.0559965049323,94.8961356542298,94.8961356542298,94.8961356542298
"3",94.9314732963227,94.9314732963227,94.9314732963227,94.9314732963227,95.1221499859271,94.9314732963227,94.9314732963227,94.9314732963227
