"","MAPE","MSE","THEIL","BIAS","LOG.LIK","CONF","R2.ADJ","COMMON.TREND"
"1",94.8167886753395,94.8167886753395,94.8167886753395,94.8167886753395,94.8167886753395,94.8347651710686,94.8347651710686,94.8347651710686
"2",95.0793569526026,95.0793569526026,95.0793569526026,95.0793569526026,95.0793569526026,95.1061197796116,95.1061197796116,95.1061197796116
"3",95.3381742628478,95.3381742628478,95.3381742628478,95.3381742628478,95.3381742628478,95.3675896196606,95.3675896196606,95.3675896196606
