"","MAPE","MSE","THEIL","BIAS","LOG.LIK","CONF","R2.ADJ","COMMON.TREND"
"1",96.3228934593929,96.3228934593929,96.3228934593929,96.2425818897429,96.1344536213296,96.3228934593929,96.3228934593929,96.1344536213296
"2",96.6929681204907,96.6929681204907,96.6929681204907,96.5081280994324,96.2769515432302,96.6929681204907,96.6929681204907,96.2769515432302
"3",96.9908194438628,96.9908194438628,96.9908194438628,96.7183726122539,96.3281579715641,96.9908194438628,96.9908194438628,96.3281579715641
"4",97.1846112064109,97.1846112064109,97.1846112064109,96.8362198216915,96.2680234923869,97.1846112064109,97.1846112064109,96.2680234923869
"5",97.3436152836463,97.3436152836463,97.3436152836463,96.9154042402129,96.1674059034236,97.3436152836463,97.3436152836463,96.1674059034236
"6",97.4969166320798,97.4969166320798,97.4969166320798,96.965574324946,96.0524114988911,97.4969166320798,97.4969166320798,96.0524114988911
