"","MAPE","MSE","THEIL","BIAS","LOG.LIK","CONF","R2.ADJ","COMMON.TREND"
"Noroeste",96.3004769365355,95.4949288844398,95.4949288844398,96.7033379024441,96.3004769365355,95.4949288844398,95.4949288844398,96.7033379024441
