"","MAPE","MSE","THEIL","BIAS","LOG.LIK","CONF","R2.ADJ","COMMON.TREND"
"1",98.6926035907337,98.6926035907337,98.6926035907337,98.6926035907337,98.747787719643,98.7298131780156,98.7298131780156,98.7298131780156
"2",98.694227230736,98.694227230736,98.694227230736,98.694227230736,98.810890590248,98.7507177946912,98.7507177946912,98.7507177946912
"3",98.7125480194423,98.7125480194423,98.7125480194423,98.7125480194423,98.907118735642,98.817850883891,98.817850883891,98.817850883891
