"","MAPE","MSE","THEIL","BIAS","LOG.LIK","CONF","R2.ADJ","COMMON.TREND"
"1",101.339173728126,101.339173728126,101.339173728126,101.339173728126,101.339173728126,101.30156612319,101.30156612319,101.30156612319
"2",101.500275455488,101.500275455488,101.500275455488,101.500275455488,101.500275455488,101.457279957166,101.457279957166,101.457279957166
"3",101.740711564045,101.740711564045,101.740711564045,101.740711564045,101.740711564045,101.60583980683,101.60583980683,101.60583980683
