"","MAPE","MSE","THEIL","BIAS","LOG.LIK","CONF","R2.ADJ","COMMON.TREND"
"Mexico",101.439105440559,101.439105440559,101.439105440559,101.439105440559,101.492869919339,101.439105440559,101.439105440559,101.439105440559
