"","MAPE","MSE","THEIL","BIAS","LOG.LIK","CONF","R2.ADJ","COMMON.TREND"
"1",96.5051612508437,96.5051612508437,96.5051612508437,96.5051612508437,96.5112533592792,96.4978230750954,96.4978230750954,96.4978230750954
"2",96.7687597311761,96.7687597311761,96.7687597311761,96.7687597311761,96.7772465139616,96.7469930193487,96.7469930193487,96.7469930193487
"3",96.9956251462412,96.9956251462412,96.9956251462412,96.9956251462412,97.0129724509229,96.9754136565279,96.9754136565279,96.9754136565279
