"","MAPE","MSE","THEIL","BIAS","LOG.LIK","CONF","R2.ADJ","COMMON.TREND"
"Sur",94.89386076112,94.89386076112,94.89386076112,94.810047710498,94.7192036754159,94.89386076112,94.89386076112,94.7192036754159
