"","MAPE","MSE","THEIL","BIAS","LOG.LIK","CONF","R2.ADJ","COMMON.TREND"
"1",100.326429284064,100.326429284064,100.326429284064,100.326429284064,100.387750009022,100.326429284064,100.326429284064,100.387750009022
"2",101.324476124445,101.324476124445,101.324476124445,101.324476124445,101.298577852005,101.324476124445,101.324476124445,101.298577852005
"3",102.022825646048,102.022825646048,102.022825646048,102.022825646048,102.124141751665,102.022825646048,102.022825646048,102.124141751665
