"","MAPE","MSE","THEIL","BIAS","LOG.LIK","CONF","R2.ADJ","COMMON.TREND"
"1",95.8049074733097,95.8049074733097,95.8049074733097,95.7580623106564,95.6532596149301,95.8049074733097,95.8049074733097,95.6532596149301
"2",96.2076343860956,96.2076343860956,96.2076343860956,96.0903685383614,95.8718371142216,96.2076343860956,96.2076343860956,95.8718371142216
"3",96.514029334932,96.514029334932,96.514029334932,96.3419209180054,95.9806105557066,96.514029334932,96.514029334932,95.9806105557066
"4",96.7150839218615,96.7150839218615,96.7150839218615,96.5042339918625,95.9858071820613,96.7150839218615,96.7150839218615,95.9858071820613
"5",96.8787813857328,96.8787813857328,96.8787813857328,96.6262210609017,95.9512165020113,96.8787813857328,96.8787813857328,95.9512165020113
"6",97.0432816881783,97.0432816881783,97.0432816881783,96.7301143793033,95.9131734090304,97.0432816881783,97.0432816881783,95.9131734090304
