"","MAPE","MSE","THEIL","BIAS","LOG.LIK","CONF","R2.ADJ","COMMON.TREND"
"1",101.073434192958,101.073434192958,101.073434192958,101.073434192958,101.16516535812,101.073434192958,101.073434192958,101.16516535812
"2",101.519706986043,101.519706986043,101.519706986043,101.519706986043,101.956239709831,101.519706986043,101.519706986043,101.956239709831
"3",101.664037588763,101.664037588763,101.664037588763,101.664037588763,102.710485352232,101.664037588763,101.664037588763,102.710485352232
