"","MAPE","MSE","THEIL","BIAS","LOG.LIK","CONF","R2.ADJ","COMMON.TREND"
"1",95.5318115616022,95.5318115616022,95.5318115616022,95.5318115616022,95.5889157869265,95.5318115616022,95.5318115616022,95.5318115616022
"2",95.9237269120224,95.9237269120224,95.9237269120224,95.9237269120224,96.0374655118573,95.9237269120224,95.9237269120224,95.9237269120224
"3",96.303262094116,96.303262094116,96.303262094116,96.303262094116,96.4921959914942,96.303262094116,96.303262094116,96.303262094116
