"","MAPE","MSE","THEIL","BIAS","LOG.LIK","CONF","R2.ADJ","COMMON.TREND"
"1",99.0920367809193,99.0920367809193,99.0920367809193,99.0920367809193,99.0645075616775,99.0803739336277,99.0803739336277,99.0803739336277
"2",99.4264759158512,99.4264759158512,99.4264759158512,99.4264759158512,99.3716710718049,99.3909238837851,99.3909238837851,99.3909238837851
"3",99.7811961692307,99.7811961692307,99.7811961692307,99.7811961692307,99.7079313175084,99.6989618537415,99.6989618537415,99.6989618537415
"4",100.149096167619,100.149096167619,100.149096167619,100.149096167619,100.064334842955,100.006517943108,100.006517943108,100.006517943108
"5",100.525475634514,100.525475634514,100.525475634514,100.525475634514,100.43890725111,100.314580463651,100.314580463651,100.314580463651
"6",100.902025532127,100.902025532127,100.902025532127,100.902025532127,100.822716027944,100.620488159341,100.620488159341,100.620488159341
