"","MAPE","MSE","THEIL","BIAS","LOG.LIK","CONF","R2.ADJ","COMMON.TREND"
"1",100.28565630692,100.28565630692,100.28565630692,100.28565630692,100.28565630692,100.322930908099,100.322930908099,100.293476734637
"2",100.644424412301,100.644424412301,100.644424412301,100.644424412301,100.644424412301,100.715045558795,100.715045558795,100.643293964846
"3",101.027737898689,101.027737898689,101.027737898689,101.027737898689,101.027737898689,101.120966363054,101.120966363054,100.984667162978
"4",101.414544847533,101.414544847533,101.414544847533,101.414544847533,101.414544847533,101.521863361354,101.521863361354,101.309226234187
"5",101.807119197141,101.807119197141,101.807119197141,101.807119197141,101.807119197141,101.92001160578,101.92001160578,101.623397500006
"6",102.200510322102,102.200510322102,102.200510322102,102.200510322102,102.200510322102,102.311107007712,102.311107007712,101.928646692168
