"","MAPE","MSE","THEIL","BIAS","LOG.LIK","CONF","R2.ADJ","COMMON.TREND"
"1",98.8582207012326,98.8582207012326,98.8582207012326,98.8582207012326,98.8585889278378,98.7985586079345,98.7985586079345,98.7985586079345
"2",99.0749396348147,99.0749396348147,99.0749396348147,99.0749396348147,99.048337565003,98.9560547997611,98.9560547997611,98.9560547997611
"3",99.3917386360394,99.3917386360394,99.3917386360394,99.3917386360394,99.3393351186301,99.1856180924816,99.1856180924816,99.1856180924816
