"","MAPE","MSE","THEIL","BIAS","LOG.LIK","CONF","R2.ADJ","COMMON.TREND"
"Noroeste",95.5317809554112,95.5317809554112,95.5317809554112,95.9418792425614,95.8581199954036,95.5317809554112,95.5317809554112,95.9418792425614
