"","MAPE","MSE","THEIL","BIAS","LOG.LIK","CONF","R2.ADJ","COMMON.TREND"
"1",95.928361447077,95.928361447077,95.928361447077,95.9888975999692,95.9888975999692,95.928361447077,95.928361447077,95.928361447077
"2",96.2912157176243,96.2912157176243,96.2912157176243,96.3913091872964,96.3913091872964,96.2912157176243,96.2912157176243,96.2912157176243
"3",96.6410127925545,96.6410127925545,96.6410127925545,96.8143420696357,96.8143420696357,96.6410127925545,96.6410127925545,96.6410127925545
"4",96.9682008087319,96.9682008087319,96.9682008087319,97.2187976889054,97.2187976889054,96.9682008087319,96.9682008087319,96.9682008087319
"5",97.2869008191236,97.2869008191236,97.2869008191236,97.6235490946758,97.6235490946758,97.2869008191236,97.2869008191236,97.2869008191236
"6",97.6016268471149,97.6016268471149,97.6016268471149,98.0250954726565,98.0250954726565,97.6016268471149,97.6016268471149,97.6016268471149
