"","MAPE","MSE","THEIL","BIAS","LOG.LIK","CONF","R2.ADJ","COMMON.TREND"
"1",102.095565529555,102.095565529555,102.095565529555,102.095565529555,102.809985245854,102.095565529555,102.095565529555,102.095565529555
"2",101.815501473155,101.815501473155,101.815501473155,101.815501473155,103.193530375456,101.815501473155,101.815501473155,101.815501473155
"3",101.867379234687,101.867379234687,101.867379234687,101.867379234687,103.600000939142,101.867379234687,101.867379234687,101.867379234687
"4",102.099517288501,102.099517288501,102.099517288501,102.099517288501,103.962213032056,102.099517288501,102.099517288501,102.099517288501
"5",102.443725436306,102.443725436306,102.443725436306,102.443725436306,104.291604491755,102.443725436306,102.443725436306,102.443725436306
"6",102.831669501985,102.831669501985,102.831669501985,102.831669501985,104.597551862178,102.831669501985,102.831669501985,102.831669501985
