"","MAPE","MSE","THEIL","BIAS","LOG.LIK","CONF","R2.ADJ","COMMON.TREND"
"1",102.897362031982,102.897362031982,102.897362031982,102.897362031982,102.897362031982,102.83232761125,102.897362031982,102.83232761125
"2",103.251381165317,103.251381165317,103.251381165317,103.251381165317,103.251381165317,103.119239580208,103.251381165317,103.119239580208
"3",103.607224257703,103.607224257703,103.607224257703,103.607224257703,103.607224257703,103.406575121494,103.607224257703,103.406575121494
"4",104.031731938439,104.031731938439,104.031731938439,104.031731938439,104.031731938439,103.758742206969,104.031731938439,103.758742206969
"5",104.485306707484,104.485306707484,104.485306707484,104.485306707484,104.485306707484,104.139037241354,104.485306707484,104.139037241354
"6",104.955604446384,104.955604446384,104.955604446384,104.955604446384,104.955604446384,104.535956316682,104.955604446384,104.535956316682
