"","MAPE","MSE","THEIL","BIAS","LOG.LIK","CONF","R2.ADJ","COMMON.TREND"
"1",95.8392318030174,95.8392318030174,95.8392318030174,95.8619911590926,95.8392318030174,95.8619911590926,95.8619911590926,95.8392318030174
"2",96.2091615192499,96.2091615192499,96.2091615192499,96.2631932440028,96.2091615192499,96.2631932440028,96.2631932440028,96.2091615192499
"3",96.5413273526345,96.5413273526345,96.5413273526345,96.6271535132249,96.5413273526345,96.6271535132249,96.6271535132249,96.5413273526345
"4",96.8499197604448,96.8499197604448,96.8499197604448,96.9576027812625,96.8499197604448,96.9576027812625,96.9576027812625,96.8499197604448
"5",97.1305143855691,97.1305143855691,97.1305143855691,97.2534221268449,97.1305143855691,97.2534221268449,97.2534221268449,97.1305143855691
"6",97.3871993444446,97.3871993444446,97.3871993444446,97.5216403250435,97.3871993444446,97.5216403250435,97.5216403250435,97.3871993444446
