"","MAPE","MSE","THEIL","BIAS","LOG.LIK","CONF","R2.ADJ","COMMON.TREND"
"1",98.772751010371,98.772751010371,98.772751010371,98.772751010371,98.7365755633998,98.7051578714178,98.7051578714178,98.7051578714178
"2",99.1935822933854,99.1935822933854,99.1935822933854,99.1935822933854,99.10620016971,99.0410504986293,99.0410504986293,99.0410504986293
"3",99.6546208588198,99.6546208588198,99.6546208588198,99.6546208588198,99.5210841011444,99.3944994003456,99.3944994003456,99.3944994003456
