"","MAPE","MSE","THEIL","BIAS","LOG.LIK","CONF","R2.ADJ","COMMON.TREND"
"1",98.7533741474118,98.7533741474118,98.7533741474118,98.4803776270664,98.4803776270664,98.7533741474118,98.7533741474118,98.7533741474118
"2",98.8729519103996,98.8729519103996,98.8729519103996,98.2688659615134,98.2688659615134,98.8729519103996,98.8729519103996,98.8729519103996
"3",99.3070315928915,99.3070315928915,99.3070315928915,98.3134419448265,98.3134419448265,99.3070315928915,99.3070315928915,99.3070315928915
"4",99.7508488754116,99.7508488754116,99.7508488754116,98.4797647588285,98.4797647588285,99.7508488754116,99.7508488754116,99.7508488754116
"5",100.079997299479,100.079997299479,100.079997299479,98.6911619599767,98.6911619599767,100.079997299479,100.079997299479,100.079997299479
"6",100.322719611586,100.322719611586,100.322719611586,98.9216884636261,98.9216884636261,100.322719611586,100.322719611586,100.322719611586
