"","MAPE","MSE","THEIL","BIAS","LOG.LIK","CONF","R2.ADJ","COMMON.TREND"
"1",104.285873572764,104.285873572764,104.285873572764,104.285873572764,104.874665918473,104.285873572764,104.285873572764,104.285873572764
"2",103.460943395069,103.460943395069,103.460943395069,103.460943395069,104.741926570428,103.460943395069,103.460943395069,103.460943395069
"3",102.809511380695,102.809511380695,102.809511380695,102.809511380695,104.553492170778,102.809511380695,102.809511380695,102.809511380695
