"","MAPE","MSE","THEIL","BIAS","LOG.LIK","CONF","R2.ADJ","COMMON.TREND"
"1",100.954967219079,100.954967219079,100.954967219079,100.954967219079,100.999394036478,100.954967219079,100.954967219079,100.954967219079
"2",101.307100730946,101.307100730946,101.307100730946,101.307100730946,101.417674677052,101.307100730946,101.307100730946,101.307100730946
"3",101.629097371897,101.629097371897,101.629097371897,101.629097371897,101.832346541123,101.629097371897,101.629097371897,101.629097371897
