"","MAPE","MSE","THEIL","BIAS","LOG.LIK","CONF","R2.ADJ","COMMON.TREND"
"Frontera.norte",99.6038167725293,99.6038167725293,99.6038167725293,99.6038167725293,100.554919028013,99.6038167725293,99.6038167725293,100.671554495875
