"","MAPE","MSE","THEIL","BIAS","LOG.LIK","CONF","R2.ADJ","COMMON.TREND"
"1",100.42055690205,100.42055690205,100.42055690205,100.42055690205,100.42055690205,100.368510062442,100.368510062442,100.368510062442
"2",100.671444031588,100.671444031588,100.671444031588,100.671444031588,100.671444031588,100.546630522273,100.546630522273,100.546630522273
"3",101.027710693414,101.027710693414,101.027710693414,101.027710693414,101.027710693414,100.776631400837,100.776631400837,100.776631400837
