"","MAPE","MSE","THEIL","BIAS","LOG.LIK","CONF","R2.ADJ","COMMON.TREND"
"1",99.6686004665698,99.6686004665698,99.6686004665698,99.6686004665698,99.7109030805458,99.6487850163219,99.6487850163219,99.7109030805458
"2",99.8740446846504,99.8740446846504,99.8740446846504,99.8740446846504,99.9265124430936,99.8192264875499,99.8192264875499,99.9265124430936
"3",100.075570964634,100.075570964634,100.075570964634,100.075570964634,100.151205472517,99.9773197459518,99.9773197459518,100.151205472517
