"","MAPE","MSE","THEIL","BIAS","LOG.LIK","CONF","R2.ADJ","COMMON.TREND"
"Mexico",97.3259844160568,97.3259844160568,97.3259844160568,97.2475738464003,97.3259844160568,97.2475738464003,97.2475738464003,97.2475738464003
