"","MAPE","MSE","THEIL","BIAS","LOG.LIK","CONF","R2.ADJ","COMMON.TREND"
"1",95.8006495760123,95.8006495760123,95.8006495760123,95.7550099122281,95.8006495760123,95.7550099122281,95.8006495760123,95.7550099122281
"2",96.1787177157803,96.1787177157803,96.1787177157803,96.0639393516684,96.1787177157803,96.0639393516684,96.1787177157803,96.0639393516684
"3",96.5370800456907,96.5370800456907,96.5370800456907,96.3453664802163,96.5370800456907,96.3453664802163,96.5370800456907,96.3453664802163
