"","MAPE","MSE","THEIL","BIAS","LOG.LIK","CONF","R2.ADJ","COMMON.TREND"
"1",100.609172200143,100.609172200143,100.609172200143,100.609172200143,101.416796158602,100.609172200143,100.609172200143,101.416796158602
"2",100.539309196378,100.539309196378,100.539309196378,100.539309196378,101.752934339923,100.539309196378,100.539309196378,101.752934339923
"3",100.702886733574,100.702886733574,100.702886733574,100.702886733574,101.995670811179,100.702886733574,100.702886733574,101.995670811179
"4",100.98789686032,100.98789686032,100.98789686032,100.98789686032,102.227523336382,100.98789686032,100.98789686032,102.227523336382
"5",101.27277365441,101.27277365441,101.27277365441,101.27277365441,102.429958372674,101.27277365441,101.27277365441,102.429958372674
"6",101.502558809842,101.502558809842,101.502558809842,101.502558809842,102.613529996347,101.502558809842,101.502558809842,102.613529996347
