"","MAPE","MSE","THEIL","BIAS","LOG.LIK","CONF","R2.ADJ","COMMON.TREND"
"1",101.339173728126,101.339173728126,101.339173728126,101.339173728126,101.339173728126,101.301566123179,101.301566123179,101.301566123179
"2",101.500275455487,101.500275455487,101.500275455487,101.500275455487,101.500275455487,101.45727995715,101.45727995715,101.45727995715
"3",101.740711564044,101.740711564044,101.740711564044,101.740711564044,101.740711564044,101.605839806817,101.605839806817,101.605839806817
