"","MAPE","MSE","THEIL","BIAS","LOG.LIK","CONF","R2.ADJ","COMMON.TREND"
"1",100.33407304785,100.33407304785,100.33407304785,100.368646447557,100.368646447557,100.33407304785,100.33407304785,100.33407304785
"2",100.697999682851,100.697999682851,100.697999682851,100.77702563754,100.77702563754,100.697999682851,100.697999682851,100.697999682851
"3",101.057631342588,101.057631342588,101.057631342588,101.214257653588,101.214257653588,101.057631342588,101.057631342588,101.057631342588
