"","MAPE","MSE","THEIL","BIAS","LOG.LIK","CONF","R2.ADJ","COMMON.TREND"
"1",103.381377285771,103.381377285771,103.381377285771,103.37418718546,103.420442497286,103.381377285771,103.381377285771,103.37418718546
"2",103.67678043482,103.67678043482,103.67678043482,103.672547058898,103.755493970583,103.67678043482,103.67678043482,103.672547058898
"3",103.953907070667,103.953907070667,103.953907070667,103.926586237293,104.059543948768,103.953907070667,103.953907070667,103.926586237293
"4",104.214059877585,104.214059877585,104.214059877585,104.140864163046,104.335094528152,104.214059877585,104.214059877585,104.140864163046
"5",104.501838820087,104.501838820087,104.501838820087,104.358802878117,104.633595573088,104.501838820087,104.501838820087,104.358802878117
"6",104.813264146041,104.813264146041,104.813264146041,104.583511395229,104.953632067244,104.813264146041,104.813264146041,104.583511395229
