"","MAPE","MSE","THEIL","BIAS","LOG.LIK","CONF","R2.ADJ","COMMON.TREND"
"1",95.5318115616028,95.5318115616028,95.5318115616028,95.5889157869265,95.5889157869265,95.5318115616028,95.5318115616028,95.5318115616028
"2",95.9237269120231,95.9237269120231,95.9237269120231,96.0374655118573,96.0374655118573,95.9237269120231,95.9237269120231,95.9237269120231
"3",96.3032620941206,96.3032620941206,96.3032620941206,96.4921959914942,96.4921959914942,96.3032620941206,96.3032620941206,96.3032620941206
