"","MAPE","MSE","THEIL","BIAS","LOG.LIK","CONF","R2.ADJ","COMMON.TREND"
"1",96.2212388702016,96.2212388702016,96.2212388702016,94.8560977620527,94.6598257444811,96.2212388702016,96.2212388702016,94.6598257444811
"2",97.9017097749063,97.9017097749063,97.9017097749063,94.7786312567547,94.3508500953606,97.9017097749063,97.9017097749063,94.3508500953606
"3",99.2615798908237,99.2615798908237,99.2615798908237,94.6951948749436,94.0281295509818,99.2615798908237,99.2615798908237,94.0281295509818
"4",100.22392482714,100.22392482714,100.22392482714,94.7257336064459,93.8435732471743,100.22392482714,100.22392482714,93.8435732471743
"5",100.832533647844,100.832533647844,100.832533647844,94.7908977831973,93.7246776137124,100.832533647844,100.832533647844,93.7246776137124
"6",101.193406253069,101.193406253069,101.193406253069,94.8286405082093,93.5994222483283,101.193406253069,101.193406253069,93.5994222483283
