"","MAPE","MSE","THEIL","BIAS","LOG.LIK","CONF","R2.ADJ","COMMON.TREND"
"Centro.norte",97.1601041980741,97.1531986519238,97.1601041980741,97.1427080715672,97.1601041980741,97.1427080715672,97.1427080715672,97.1427080715672
