"","MAPE","MSE","THEIL","BIAS","LOG.LIK","CONF","R2.ADJ","COMMON.TREND"
"1",97.1601041980741,97.1531986519238,97.1601041980741,97.1427080715672,97.1601041980741,97.1427080715672,97.1427080715672,97.1427080715672
"2",97.5345887678531,97.5224361782255,97.5345887678531,97.484804206415,97.5345887678531,97.484804206415,97.484804206415,97.484804206415
"3",97.8829941554658,97.8618479708978,97.8829941554658,97.7937386630489,97.8829941554658,97.7937386630489,97.7937386630489,97.7937386630489
"4",98.2205525279455,98.1931288390315,98.2205525279455,98.0924588089983,98.2205525279455,98.0924588089983,98.0924588089983,98.0924588089983
"5",98.5453103564694,98.5084787249851,98.5453103564694,98.3787936583058,98.5453103564694,98.3787936583058,98.3787936583058,98.3787936583058
"6",98.8657029255501,98.8146038210656,98.8657029255501,98.6605437946388,98.8657029255501,98.6605437946388,98.6605437946388,98.6605437946388
