"","MAPE","MSE","THEIL","BIAS","LOG.LIK","CONF","R2.ADJ","COMMON.TREND"
"1",96.4814806144721,96.4814806144721,96.4814806144721,96.4648544682059,96.4094031318552,96.4648544682059,96.4648544682059,96.4648544682059
"2",96.8320407865463,96.8320407865463,96.8320407865463,96.8355101623018,96.6498429520479,96.8355101623018,96.8355101623018,96.8355101623018
"3",97.1249821153604,97.1249821153604,97.1249821153604,97.1745693267654,96.8113480218386,97.1745693267654,97.1745693267654,97.1745693267654
"4",97.3867748145417,97.3867748145417,97.3867748145417,97.4911018693631,96.9318527962986,97.4911018693631,97.4911018693631,97.4911018693631
"5",97.6356963535306,97.6356963535306,97.6356963535306,97.7985383011105,97.0367363013268,97.7985383011105,97.7985383011105,97.7985383011105
"6",97.8756117820084,97.8756117820084,97.8756117820084,98.1010688684275,97.1349446137552,98.1010688684275,98.1010688684275,98.1010688684275
