"","MAPE","MSE","THEIL","BIAS","LOG.LIK","CONF","R2.ADJ","COMMON.TREND"
"1",99.0050165763992,99.0050165763992,99.0050165763992,99.0050165763992,98.8130036975379,98.8130036975379,99.0050165763992,98.8130036975379
"2",99.3286034410717,99.3286034410717,99.3286034410717,99.3286034410717,98.965172440583,98.965172440583,99.3286034410717,98.965172440583
"3",99.7669569523599,99.7669569523599,99.7669569523599,99.7669569523599,99.1704456692472,99.1704456692472,99.7669569523599,99.1704456692472
"4",100.247042903681,100.247042903681,100.247042903681,100.247042903681,99.3978021935353,99.3978021935353,100.247042903681,99.3978021935353
"5",100.768627926662,100.768627926662,100.768627926662,100.768627926662,99.6497197442822,99.6497197442822,100.768627926662,99.6497197442822
"6",101.299720242194,101.299720242194,101.299720242194,101.299720242194,99.9134333269721,99.9134333269721,101.299720242194,99.9134333269721
