"","MAPE","MSE","THEIL","BIAS","LOG.LIK","CONF","R2.ADJ","COMMON.TREND"
"1",98.4201417070734,98.4201417070734,98.4201417070734,98.3060796011784,98.3841775721804,98.3060796011784,98.4201417070734,98.3060796011784
"2",98.8559975287953,98.8559975287953,98.8559975287953,98.6095340217583,98.7679968153099,98.6095340217583,98.8559975287953,98.6095340217583
"3",99.3371282198406,99.3371282198406,99.3371282198406,98.9395422130752,99.2009591376936,98.9395422130752,99.3371282198406,98.9395422130752
"4",99.8234061646581,99.8234061646581,99.8234061646581,99.2703916899317,99.6466348981337,99.2703916899317,99.8234061646581,99.2703916899317
"5",100.311176508372,100.311176508372,100.311176508372,99.6009178433707,100.102940168503,99.6009178433707,100.311176508372,99.6009178433707
"6",100.794333683443,100.794333683443,100.794333683443,99.9289494007666,100.563326619364,99.9289494007666,100.794333683443,99.9289494007666
