"","MAPE","MSE","THEIL","BIAS","LOG.LIK","CONF","R2.ADJ","COMMON.TREND"
"1",99.7027167778722,99.7027167778722,99.7027167778722,99.7027167778722,99.674236976228,99.6298847123796,99.6298847123796,99.6298847123796
"2",100.085028610401,100.085028610401,100.085028610401,100.085028610401,100.006491376484,99.9291382722814,99.9291382722814,99.9291382722814
"3",100.512653240167,100.512653240167,100.512653240167,100.512653240167,100.379910659861,100.240543029385,100.240543029385,100.240543029385
