"","MAPE","MSE","THEIL","BIAS","LOG.LIK","CONF","R2.ADJ","COMMON.TREND"
"1",98.3200564852211,98.3200564852211,98.3200564852211,98.3200564852211,98.2917558071375,98.1680536021531,98.3200564852211,98.1680536021531
"2",98.7423360705775,98.7423360705775,98.7423360705775,98.7423360705775,98.665921587033,98.3872488343957,98.7423360705775,98.3872488343957
"3",99.1290081921549,99.1290081921549,99.1290081921549,99.1290081921549,98.9916669653154,98.5594253057934,99.1290081921549,98.5594253057934
"4",99.5881140832174,99.5881140832174,99.5881140832174,99.5881140832174,99.3842798912352,98.786513622898,99.5881140832174,98.786513622898
"5",100.066414300955,100.066414300955,100.066414300955,100.066414300955,99.8046271144783,99.0275642109954,100.066414300955,99.0275642109954
"6",100.568456250984,100.568456250984,100.568456250984,100.568456250984,100.260408266089,99.2909748930679,100.568456250984,99.2909748930679
