"","MAPE","MSE","THEIL","BIAS","LOG.LIK","CONF","R2.ADJ","COMMON.TREND"
"1",95.3563015742262,95.3563015742262,95.3563015742262,95.3563015742262,95.3076590066634,95.284781921616,95.284781921616,95.284781921616
"2",95.8621052588779,95.8621052588779,95.8621052588779,95.8621052588779,95.7303391178067,95.6896132319223,95.6896132319223,95.6896132319223
"3",96.3844080018006,96.3844080018006,96.3844080018006,96.3844080018006,96.1524302808724,96.0926664332563,96.0926664332563,96.0926664332563
"4",96.8823513452594,96.8823513452594,96.8823513452594,96.8823513452594,96.5465203299068,96.4867402316294,96.4867402316294,96.4867402316294
"5",97.3368473088477,97.3368473088477,97.3368473088477,97.3368473088477,96.9027558843662,96.8703106048132,96.8703106048132,96.8703106048132
"6",97.7447053079053,97.7447053079053,97.7447053079053,97.7447053079053,97.2236353199445,97.2455564978278,97.2455564978278,97.2455564978278
