"","MAPE","MSE","THEIL","BIAS","LOG.LIK","CONF","R2.ADJ","COMMON.TREND"
"1",99.1850331867624,99.1850331867624,99.1850331867624,99.1850331867624,99.2255860784686,99.1848023815816,99.2255860784686,99.1848023815816
"2",99.4929794241384,99.4929794241384,99.4929794241384,99.4929794241384,99.5832495466101,99.4867412563907,99.5832495466101,99.4867412563907
"3",99.8072928121927,99.8072928121927,99.8072928121927,99.8072928121927,99.9470102949269,99.7902669533105,99.9470102949269,99.7902669533105
"4",100.14959631437,100.14959631437,100.14959631437,100.14959631437,100.33716089667,100.117820827442,100.33716089667,100.117820827442
"5",100.500305558311,100.500305558311,100.500305558311,100.500305558311,100.733452039544,100.452897831418,100.733452039544,100.452897831418
"6",100.857822787399,100.857822787399,100.857822787399,100.857822787399,101.134671131595,100.794455807411,101.134671131595,100.794455807411
