"","MAPE","MSE","THEIL","BIAS","LOG.LIK","CONF","R2.ADJ","COMMON.TREND"
"Centro.sur",103.119150680312,103.119150680312,103.119150680312,103.004092325927,103.119150680312,103.004092325927,103.004092325927,103.004092325927
