"","MAPE","MSE","THEIL","BIAS","LOG.LIK","CONF","R2.ADJ","COMMON.TREND"
"1",102.905600001971,102.905600001971,102.905600001971,102.90549238345,102.905600001971,102.91998146182,102.91998146182,102.90549238345
"2",103.294215002354,103.294215002354,103.294215002354,103.296917387289,103.294215002354,103.32154422207,103.32154422207,103.296917387289
"3",103.631472884461,103.631472884461,103.631472884461,103.628287055378,103.631472884461,103.669037154235,103.669037154235,103.628287055378
"4",103.95659559103,103.95659559103,103.95659559103,103.932298402025,103.95659559103,104.002055845565,104.002055845565,103.932298402025
"5",104.300651918282,104.300651918282,104.300651918282,104.238728228107,104.300651918282,104.351882593865,104.351882593865,104.238728228107
"6",104.661410974404,104.661410974404,104.661410974404,104.550616788989,104.661410974404,104.71618587592,104.71618587592,104.550616788989
