"","MAPE","MSE","THEIL","BIAS","LOG.LIK","CONF","R2.ADJ","COMMON.TREND"
"1",95.2764082766134,95.2764082766134,95.2764082766134,95.2764082766134,95.2198577747485,94.8312400676799,94.8312400676799,94.8312400676799
"2",95.3964010234022,95.3964010234022,95.3964010234022,95.3964010234022,95.2570475863309,94.5191604026787,94.5191604026787,94.5191604026787
"3",95.67498415238,95.67498415238,95.67498415238,95.67498415238,95.4310060026053,94.3821009045614,94.3821009045614,94.3821009045614
