"","MAPE","MSE","THEIL","BIAS","LOG.LIK","CONF","R2.ADJ","COMMON.TREND"
"1",93.9375478030783,93.9375478030783,93.9375478030783,93.9375478030783,93.9476439758682,93.9375478030783,93.9375478030783,93.9476439758682
"2",94.2657055492557,94.2657055492557,94.2657055492557,94.2657055492557,94.3008069672937,94.2657055492557,94.2657055492557,94.3008069672937
"3",94.5874751471117,94.5874751471117,94.5874751471117,94.5874751471117,94.6459937991063,94.5874751471117,94.5874751471117,94.6459937991063
"4",94.8857897053528,94.8857897053528,94.8857897053528,94.8857897053528,94.9663749393106,94.8857897053528,94.8857897053528,94.9663749393106
"5",95.1545567750494,95.1545567750494,95.1545567750494,95.1545567750494,95.2535349786023,95.1545567750494,95.1545567750494,95.2535349786023
"6",95.4024913265168,95.4024913265168,95.4024913265168,95.4024913265168,95.5141514623422,95.4024913265168,95.4024913265168,95.5141514623422
