"","MAPE","MSE","THEIL","BIAS","LOG.LIK","CONF","R2.ADJ","COMMON.TREND"
"1",94.1224435201996,94.1224435201996,94.1224435201996,94.3221382637255,94.3221382637255,94.1224435201996,94.1224435201996,94.1224435201996
"2",93.9981720789588,93.9981720789588,93.9981720789588,94.4493996802632,94.4493996802632,93.9981720789588,93.9981720789588,93.9981720789588
"3",93.9496900653623,93.9496900653623,93.9496900653623,94.636313959022,94.636313959022,93.9496900653623,93.9496900653623,93.9496900653623
"4",93.9790762821231,93.9790762821231,93.9790762821231,94.8233637193895,94.8233637193895,93.9790762821231,93.9790762821231,93.9790762821231
"5",94.0767163688916,94.0767163688916,94.0767163688916,94.9880061467056,94.9880061467056,94.0767163688916,94.0767163688916,94.0767163688916
"6",94.2448300805258,94.2448300805258,94.2448300805258,95.144485125832,95.144485125832,94.2448300805258,94.2448300805258,94.2448300805258
