"","MAPE","MSE","THEIL","BIAS","LOG.LIK","CONF","R2.ADJ","COMMON.TREND"
"1",94.6745360707259,94.6745360707259,94.6745360707259,94.6745360707259,94.6838979268142,94.6745360707259,94.6745360707259,94.6745360707259
"2",94.7829351829273,94.7829351829273,94.7829351829273,94.7829351829273,94.7746428795368,94.7829351829273,94.7829351829273,94.7829351829273
"3",94.9619310980621,94.9619310980621,94.9619310980621,94.9619310980621,94.876279923463,94.9619310980621,94.9619310980621,94.9619310980621
"4",95.1790270502342,95.1790270502342,95.1790270502342,95.1790270502342,94.9647104034305,95.1790270502342,95.1790270502342,95.1790270502342
"5",95.4287185103073,95.4287185103073,95.4287185103073,95.4287185103073,95.0509126537722,95.4287185103073,95.4287185103073,95.4287185103073
"6",95.7054016026698,95.7054016026698,95.7054016026698,95.7054016026698,95.1492911781649,95.7054016026698,95.7054016026698,95.7054016026698
