"","MAPE","MSE","THEIL","BIAS","LOG.LIK","CONF","R2.ADJ","COMMON.TREND"
"1",97.2391337988294,97.2391337988294,97.2391337988294,97.2391337988294,97.1743788867801,97.2088649081831,97.2088649081831,97.2088649081831
"2",97.5275816115193,97.5275816115193,97.5275816115193,97.5275816115193,97.3869471879375,97.4729082178348,97.4729082178348,97.4729082178348
"3",97.8613442901374,97.8613442901374,97.8613442901374,97.8613442901374,97.6288767397144,97.7773991565792,97.7773991565792,97.7773991565792
