"","MAPE","MSE","THEIL","BIAS","LOG.LIK","CONF","R2.ADJ","COMMON.TREND"
"1",94.9413984591508,94.9413984591508,94.9413984591508,94.9413984591508,94.9110997293069,94.9413984591508,94.9413984591508,94.9110997293069
"2",95.1198681531319,95.1198681531319,95.1198681531319,95.1198681531319,95.0271253005357,95.1198681531319,95.1198681531319,95.0271253005357
"3",95.3160975871884,95.3160975871884,95.3160975871884,95.3160975871884,95.1703734194517,95.3160975871884,95.3160975871884,95.1703734194517
