"","MAPE","MSE","THEIL","BIAS","LOG.LIK","CONF","R2.ADJ","COMMON.TREND"
"1",101.307233340691,101.307233340691,101.307233340691,101.307233340691,101.330449567392,101.330449567392,101.330449567392,101.307233340691
"2",101.601120500456,101.601120500456,101.601120500456,101.601120500456,101.65509940228,101.65509940228,101.65509940228,101.601120500456
"3",101.907568482183,101.907568482183,101.907568482183,101.907568482183,102.018503489374,102.018503489374,102.018503489374,101.907568482183
"4",102.211000529998,102.211000529998,102.211000529998,102.211000529998,102.390270851484,102.390270851484,102.390270851484,102.211000529998
"5",102.50620436403,102.50620436403,102.50620436403,102.50620436403,102.762661448999,102.762661448999,102.762661448999,102.50620436403
"6",102.791292654582,102.791292654582,102.791292654582,102.791292654582,103.127901908683,103.127901908683,103.127901908683,102.791292654582
