"","MAPE","MSE","THEIL","BIAS","LOG.LIK","CONF","R2.ADJ","COMMON.TREND"
"1",101.707339450918,101.707339450918,101.707339450918,102.067758634692,102.123838619109,101.707339450918,101.707339450918,101.707339450918
"2",101.117123212302,101.117123212302,101.117123212302,102.438967055859,102.399056331026,101.117123212302,101.117123212302,101.117123212302
"3",100.550108164921,100.550108164921,100.550108164921,102.943288364297,102.786245441984,100.550108164921,100.550108164921,100.550108164921
