"","MAPE","MSE","THEIL","BIAS","LOG.LIK","CONF","R2.ADJ","COMMON.TREND"
"Centro.sur",101.535071781727,101.535071781727,101.535071781727,101.488020564973,101.540995834917,101.540995834917,101.540995834917,101.488020564973
