"","MAPE","MSE","THEIL","BIAS","LOG.LIK","CONF","R2.ADJ","COMMON.TREND"
"Mexico",100.973184639888,100.973184639888,100.973184639888,100.973184639888,101.001380279254,100.973184639888,100.973184639888,100.973184639888
