"","MAPE","MSE","THEIL","BIAS","LOG.LIK","CONF","R2.ADJ","COMMON.TREND"
"1",98.8512369227106,98.8512369227106,98.8512369227106,98.8273373330702,98.8299305018096,98.8512369227106,98.8512369227106,98.8273373330702
"2",99.1785492686721,99.1785492686721,99.1785492686721,99.1163619789059,99.1257350270044,99.1785492686721,99.1785492686721,99.1163619789059
"3",99.5424748188479,99.5424748188479,99.5424748188479,99.4273071059993,99.4655895576649,99.5424748188479,99.5424748188479,99.4273071059993
