"","MAPE","MSE","THEIL","BIAS","LOG.LIK","CONF","R2.ADJ","COMMON.TREND"
"1",97.7571579261991,97.7571579261991,97.7571579261991,97.6615361868474,97.6615361868474,97.6615361868474,97.6615361868474,97.6615361868474
"2",98.1902402493075,98.1902402493075,98.1902402493075,97.9671504231803,97.9671504231803,97.9671504231803,97.9671504231803,97.9671504231803
"3",98.5769801749273,98.5769801749273,98.5769801749273,98.1995137475097,98.1995137475097,98.1995137475097,98.1995137475097,98.1995137475097
