"","MAPE","MSE","THEIL","BIAS","LOG.LIK","CONF","R2.ADJ","COMMON.TREND"
"1",95.5830206881699,95.5830206881699,95.5830206881699,95.5830206881699,94.9634942469378,95.5830206881699,95.5830206881699,94.9950226396994
"2",97.1677420687317,97.1677420687317,97.1677420687317,97.1677420687317,95.6529916689649,97.1677420687317,97.1677420687317,95.734648671251
"3",98.2936249660399,98.2936249660399,98.2936249660399,98.2936249660399,95.8801702369182,98.2936249660399,98.2936249660399,95.9934496889239
"4",99.1463419135519,99.1463419135519,99.1463419135519,99.1463419135519,95.9848308761475,99.1463419135519,99.1463419135519,96.1199398203784
"5",99.6830683027946,99.6830683027946,99.6830683027946,99.6830683027946,95.8976228930957,99.6830683027946,99.6830683027946,96.0397343908034
"6",100.070368802439,100.070368802439,100.070368802439,100.070368802439,95.7483390453329,100.070368802439,100.070368802439,95.889062751651
