"","MAPE","MSE","THEIL","BIAS","LOG.LIK","CONF","R2.ADJ","COMMON.TREND"
"1",100.677199495584,100.677199495584,100.677199495584,100.677199495584,101.185970680766,100.677199495584,100.677199495584,101.341516213238
"2",100.753892945302,100.753892945302,100.753892945302,100.753892945302,101.516285398075,100.753892945302,100.753892945302,101.898561667033
"3",100.968294409958,100.968294409958,100.968294409958,100.968294409958,101.809025317274,100.968294409958,100.968294409958,102.375430978875
