"","MAPE","MSE","THEIL","BIAS","LOG.LIK","CONF","R2.ADJ","COMMON.TREND"
"Mexico",93.0456726117088,93.0456726117088,93.0456726117088,93.0456726117088,93.0420979301171,93.0456726117088,93.0456726117088,93.0420979301171
