"","MAPE","MSE","THEIL","BIAS","LOG.LIK","CONF","R2.ADJ","COMMON.TREND"
"1",98.9682762482873,98.9338666045644,98.9682762482873,98.9338666045644,98.9682762482873,98.9329307288707,98.9329307288707,98.9329307288707
"2",99.0774134116295,99.0085647600018,99.0774134116295,99.0085647600018,99.0774134116295,99.0257981180358,99.0257981180358,99.0257981180358
"3",99.1632535283113,99.0451436860266,99.1632535283113,99.0451436860266,99.1632535283113,99.1091301778993,99.1091301778993,99.1091301778993
"4",99.3655593714506,99.1912753512878,99.3655593714506,99.1912753512878,99.3655593714506,99.3172735418537,99.3172735418537,99.3172735418537
"5",99.5951656631617,99.3566969744767,99.5951656631617,99.3566969744767,99.5951656631617,99.5573716647082,99.5573716647082,99.5573716647082
"6",99.8676579522622,99.5595697001758,99.8676579522622,99.5595697001758,99.8676579522622,99.8368276926999,99.8368276926999,99.8368276926999
