"","MAPE","MSE","THEIL","BIAS","LOG.LIK","CONF","R2.ADJ","COMMON.TREND"
"1",95.271999550152,95.271999550152,95.271999550152,95.271999550152,95.2130985819311,95.271999550152,95.271999550152,95.2130985819311
"2",95.1555514355705,95.1555514355705,95.1555514355705,95.1555514355705,95.0009166571173,95.1555514355705,95.1555514355705,95.0009166571173
"3",95.1986075622749,95.1986075622749,95.1986075622749,95.1986075622749,94.9273548926349,95.1986075622749,95.1986075622749,94.9273548926349
"4",95.2957386804951,95.2957386804951,95.2957386804951,95.2957386804951,94.8511375172899,95.2957386804951,95.2957386804951,94.8511375172899
"5",95.4758231882938,95.4758231882938,95.4758231882938,95.4758231882938,94.8340279208582,95.4758231882938,95.4758231882938,94.8340279208582
"6",95.6998785210284,95.6998785210284,95.6998785210284,95.6998785210284,94.8379450200353,95.6998785210284,95.6998785210284,94.8379450200353
