"","MAPE","MSE","THEIL","BIAS","LOG.LIK","CONF","R2.ADJ","COMMON.TREND"
"1",93.7940651166898,93.7940651166898,93.7940651166898,93.7940651166898,93.7855258628882,93.7940651166898,93.7940651166898,93.7855258628882
"2",93.8931802513517,93.8931802513517,93.8931802513517,93.8931802513517,93.8368287773328,93.8931802513517,93.8931802513517,93.8368287773328
"3",94.1157302872158,94.1157302872158,94.1157302872158,94.1157302872158,94.0135071592617,94.1157302872158,94.1157302872158,94.0135071592617
"4",94.3761453836229,94.3761453836229,94.3761453836229,94.3761453836229,94.2187668670608,94.3761453836229,94.3761453836229,94.2187668670608
"5",94.636089245985,94.636089245985,94.636089245985,94.636089245985,94.4213067945018,94.636089245985,94.636089245985,94.4213067945018
"6",94.8896225805577,94.8896225805577,94.8896225805577,94.8896225805577,94.6161074728381,94.8896225805577,94.8896225805577,94.6161074728381
