"","MAPE","MSE","THEIL","BIAS","LOG.LIK","CONF","R2.ADJ","COMMON.TREND"
"1",99.3306079486029,99.3306079486029,99.3306079486029,99.3306079486029,99.3306079486029,99.2992778848178,99.3306079486029,99.2992778848178
"2",99.621786656236,99.621786656236,99.621786656236,99.621786656236,99.621786656236,99.5328938062846,99.621786656236,99.5328938062846
"3",99.9165912460781,99.9165912460781,99.9165912460781,99.9165912460781,99.9165912460781,99.7559090891011,99.9165912460781,99.7559090891011
"4",100.26756323328,100.26756323328,100.26756323328,100.26756323328,100.26756323328,100.007302770236,100.26756323328,100.007302770236
"5",100.641500447232,100.641500447232,100.641500447232,100.641500447232,100.641500447232,100.267817888887,100.641500447232,100.267817888887
"6",101.036078508712,101.036078508712,101.036078508712,101.036078508712,101.036078508712,100.536577106111,101.036078508712,100.536577106111
