"","MAPE","MSE","THEIL","BIAS","LOG.LIK","CONF","R2.ADJ","COMMON.TREND"
"Nacional",99.0987831915781,99.0987831915781,99.0987831915781,99.0987831915781,99.1033343551744,98.9765093738202,98.9765093738202,98.9765093738202
