"","MAPE","MSE","THEIL","BIAS","LOG.LIK","CONF","R2.ADJ","COMMON.TREND"
"Nacional",95.2413478459917,95.2413478459917,95.2413478459917,95.2413478459917,95.2287769671159,95.2413478459917,95.2413478459917,95.2413478459917
