"","MAPE","MSE","THEIL","BIAS","LOG.LIK","CONF","R2.ADJ","COMMON.TREND"
"1",98.7935297150499,98.7935297150499,98.7935297150499,98.7935297150499,98.7729373341877,98.7314276747747,98.7314276747747,98.7314276747747
"2",99.095279612811,99.095279612811,99.095279612811,99.095279612811,99.0421899013627,98.9614455682252,98.9614455682252,98.9614455682252
"3",99.4582845481293,99.4582845481293,99.4582845481293,99.4582845481293,99.3765483671857,99.2300066923961,99.2300066923961,99.2300066923961
"4",99.8415995975756,99.8415995975756,99.8415995975756,99.8415995975756,99.735992372064,99.5086870172274,99.5086870172274,99.5086870172274
"5",100.232913300759,100.232913300759,100.232913300759,100.232913300759,100.110358831305,99.7908350641074,99.7908350641074,99.7908350641074
"6",100.625071621351,100.625071621351,100.625071621351,100.625071621351,100.492769295595,100.073964205531,100.073964205531,100.073964205531
