"","MAPE","MSE","THEIL","BIAS","LOG.LIK","CONF","R2.ADJ","COMMON.TREND"
"Frontera.norte",102.447344389726,102.447344389726,102.447344389726,102.447344389726,102.59899780159,102.447344389726,102.447344389726,102.447344389726
