"","MAPE","MSE","THEIL","BIAS","LOG.LIK","CONF","R2.ADJ","COMMON.TREND"
"1",102.348157347804,102.348157347804,102.348157347804,102.308078320291,102.348157347804,102.357147808512,102.357147808512,102.308078320291
"2",102.724753660495,102.724753660495,102.724753660495,102.647126239775,102.724753660495,102.749854873706,102.749854873706,102.647126239775
"3",103.085520407858,103.085520407858,103.085520407858,102.946152987875,103.085520407858,103.125713212269,103.125713212269,102.946152987875
"4",103.447445719476,103.447445719476,103.447445719476,103.227491294872,103.447445719476,103.501525271126,103.501525271126,103.227491294872
"5",103.817827699488,103.817827699488,103.817827699488,103.502053391262,103.817827699488,103.883840663938,103.883840663938,103.502053391262
"6",104.196535321163,104.196535321163,104.196535321163,103.774596882658,104.196535321163,104.272407573016,104.272407573016,103.774596882658
