"","MAPE","MSE","THEIL","BIAS","LOG.LIK","CONF","R2.ADJ","COMMON.TREND"
"Noroeste",102.318120720001,102.318120720001,102.318120720001,102.634575672457,102.327073090266,102.318120720001,102.318120720001,102.318120720001
