"","MAPE","MSE","THEIL","BIAS","LOG.LIK","CONF","R2.ADJ","COMMON.TREND"
"1",96.0472846606797,96.0472846606797,96.0472846606797,96.0472846606797,96.1250806701429,96.0472846606797,96.0472846606797,95.8479601666192
"2",95.9871827787231,95.9871827787231,95.9871827787231,95.9871827787231,95.8683724517552,95.9871827787231,95.9871827787231,95.2287307932482
"3",96.2503436408482,96.2503436408482,96.2503436408482,96.2503436408482,95.834810408927,96.2503436408482,96.2503436408482,94.8287999652911
