"","MAPE","MSE","THEIL","BIAS","LOG.LIK","CONF","R2.ADJ","COMMON.TREND"
"Noreste",96.1485292605814,96.1485292605814,96.1485292605814,96.1485292605814,96.1558123397379,96.1433429840943,96.1433429840943,96.1433429840943
