"","MAPE","MSE","THEIL","BIAS","LOG.LIK","CONF","R2.ADJ","COMMON.TREND"
"1",100.337153482057,100.337153482057,100.337153482057,100.337153482057,100.337153482057,100.291771059245,100.291771059245,100.291771059245
"2",100.591311142952,100.591311142952,100.591311142952,100.591311142952,100.591311142952,100.521804585767,100.521804585767,100.521804585767
"3",100.940282231537,100.940282231537,100.940282231537,100.940282231537,100.940282231537,100.767302389559,100.767302389559,100.767302389559
"4",101.303787246773,101.303787246773,101.303787246773,101.303787246773,101.303787246773,101.000017281153,101.000017281153,101.000017281153
"5",101.678313010807,101.678313010807,101.678313010807,101.678313010807,101.678313010807,101.211812781448,101.211812781448,101.211812781448
"6",102.040958771774,102.040958771774,102.040958771774,102.040958771774,102.040958771774,101.401801368544,101.401801368544,101.401801368544
