"","MAPE","MSE","THEIL","BIAS","LOG.LIK","CONF","R2.ADJ","COMMON.TREND"
"1",99.264047059106,99.264047059106,99.264047059106,99.264047059106,99.3453774203166,99.2880450632694,99.2880450632694,99.2880450632694
"2",99.5540766908401,99.5540766908401,99.5540766908401,99.5540766908401,99.7175666781013,99.5792200917365,99.5792200917365,99.5792200917365
"3",99.8176029369748,99.8176029369748,99.8176029369748,99.8176029369748,100.067253228264,99.847603141642,99.847603141642,99.847603141642
