"","MAPE","MSE","THEIL","BIAS","LOG.LIK","CONF","R2.ADJ","COMMON.TREND"
"Mexico",96.4476157593045,96.4476157593045,96.4476157593045,96.4514523206641,96.4476157593045,96.4514523206641,96.4514523206641,96.4514523206641
