"","MAPE","MSE","THEIL","BIAS","LOG.LIK","CONF","R2.ADJ","COMMON.TREND"
"1",101.423227176429,101.423227176429,101.423227176429,101.423227176429,101.457986538752,101.423227176429,101.423227176429,101.423227176429
"2",101.556214280921,101.556214280921,101.556214280921,101.556214280921,101.638116149807,101.556214280921,101.556214280921,101.556214280921
"3",101.709961441763,101.709961441763,101.709961441763,101.709961441763,101.903075142249,101.709961441763,101.709961441763,101.709961441763
"4",101.861235897349,101.861235897349,101.861235897349,101.861235897349,102.18876190371,101.861235897349,101.861235897349,101.861235897349
"5",102.042268627155,102.042268627155,102.042268627155,102.042268627155,102.526463978787,102.042268627155,102.042268627155,102.042268627155
"6",102.22413615411,102.22413615411,102.22413615411,102.22413615411,102.863742162013,102.22413615411,102.22413615411,102.22413615411
