"","MAPE","MSE","THEIL","BIAS","LOG.LIK","CONF","R2.ADJ","COMMON.TREND"
"Noreste",94.8001723481285,94.8001723481285,94.8001723481285,94.8001723481285,94.7789073970328,94.8001723481285,94.8001723481285,94.8759598350872
