"","MAPE","MSE","THEIL","BIAS","LOG.LIK","CONF","R2.ADJ","COMMON.TREND"
"Nacional",101.199941360374,101.199941360374,101.199941360374,101.199941360374,101.296798456224,101.199941360374,101.199941360374,101.199941360374
