"","MAPE","MSE","THEIL","BIAS","LOG.LIK","CONF","R2.ADJ","COMMON.TREND"
"1",100.1032512827,100.1032512827,100.1032512827,100.1032512827,100.020893864912,100.1032512827,100.1032512827,100.1032512827
"2",100.549923520861,100.549923520861,100.549923520861,100.549923520861,100.504881679389,100.549923520861,100.549923520861,100.549923520861
"3",100.869738154491,100.869738154491,100.869738154491,100.869738154491,101.028464128711,100.869738154491,100.869738154491,100.869738154491
"4",101.040781694787,101.040781694787,101.040781694787,101.040781694787,101.532258560446,101.040781694787,101.040781694787,101.040781694787
"5",101.146194598322,101.146194598322,101.146194598322,101.146194598322,102.004426943848,101.146194598322,101.146194598322,101.146194598322
"6",101.26808623795,101.26808623795,101.26808623795,101.26808623795,102.442752941683,101.26808623795,101.26808623795,101.26808623795
