"","MAPE","MSE","THEIL","BIAS","LOG.LIK","CONF","R2.ADJ","COMMON.TREND"
"1",101.423829826382,101.423829826382,101.423829826382,101.39731796037,101.39731796037,101.423829826382,101.423829826382,101.423829826382
"2",101.702271055,101.702271055,101.702271055,101.67673101055,101.67673101055,101.702271055,101.702271055,101.702271055
"3",101.971343165838,101.971343165838,101.971343165838,101.952307492935,101.952307492935,101.971343165838,101.971343165838,101.971343165838
"4",102.244123084965,102.244123084965,102.244123084965,102.245865693619,102.245865693619,102.244123084965,102.244123084965,102.244123084965
"5",102.514676598848,102.514676598848,102.514676598848,102.535931792972,102.535931792972,102.514676598848,102.514676598848,102.514676598848
"6",102.792504933641,102.792504933641,102.792504933641,102.830529577273,102.830529577273,102.792504933641,102.792504933641,102.792504933641
