"","MAPE","MSE","THEIL","BIAS","LOG.LIK","CONF","R2.ADJ","COMMON.TREND"
"Noroeste",104.604805021476,104.718935567995,104.718935567995,104.604805021476,104.604805021476,103.909099119519,103.909099119519,103.909099119519
