"","MAPE","MSE","THEIL","BIAS","LOG.LIK","CONF","R2.ADJ","COMMON.TREND"
"1",96.5929256724099,96.5929256724099,96.5929256724099,96.5242002211502,96.5740245227003,96.5740245227003,96.5740245227003,96.5242002211502
"2",96.9333742346056,96.9333742346056,96.9333742346056,96.7746732559011,96.9229284955272,96.9229284955272,96.9229284955272,96.7746732559011
"3",97.2271014995128,97.2271014995128,97.2271014995128,96.9702837096318,97.2406845453901,97.2406845453901,97.2406845453901,96.9702837096318
"4",97.5007589262569,97.5007589262569,97.5007589262569,97.138661100833,97.5410098860532,97.5410098860532,97.5410098860532,97.138661100833
"5",97.7637486413976,97.7637486413976,97.7637486413976,97.297635871272,97.8366977273267,97.8366977273267,97.8366977273267,97.297635871272
"6",98.0155668481713,98.0155668481713,98.0155668481713,97.4524984928275,98.1327004742298,98.1327004742298,98.1327004742298,97.4524984928275
