"","MAPE","MSE","THEIL","BIAS","LOG.LIK","CONF","R2.ADJ","COMMON.TREND"
"1",94.8844823551874,94.8844823551874,94.8844823551874,94.8844823551874,94.8585940877499,94.6471509383597,94.6471509383597,94.6471509383597
"2",95.1599057238882,95.1599057238882,95.1599057238882,95.1599057238882,95.0867094651903,94.3901172586121,94.3901172586121,94.3901172586121
"3",95.3927588858607,95.3927588858607,95.3927588858607,95.3927588858607,95.2537801651137,94.0652225644408,94.0652225644408,94.0652225644408
