"","MAPE","MSE","THEIL","BIAS","LOG.LIK","CONF","R2.ADJ","COMMON.TREND"
"Noroeste",97.5603305072136,97.5603305072136,97.5603305072136,97.5603305072136,97.9676729714719,99.1767753056003,99.1767753056003,97.9676729714719
