"","MAPE","MSE","THEIL","BIAS","LOG.LIK","CONF","R2.ADJ","COMMON.TREND"
"Mexico",94.4737037850243,94.4737037850243,94.4737037850243,94.4737037850243,94.4700564410435,94.4737037850243,94.4737037850243,94.4700564410435
