"","MAPE","MSE","THEIL","BIAS","LOG.LIK","CONF","R2.ADJ","COMMON.TREND"
"1",97.9020397727011,97.9020397727011,97.9020397727011,97.8962381101289,97.8774057768768,97.8962381101289,97.8962381101289,97.8962381101289
"2",98.3778597720138,98.3778597720138,98.3778597720138,98.2717686514776,98.3273969106078,98.2717686514776,98.2717686514776,98.2717686514776
"3",98.6237504366926,98.6237504366926,98.6237504366926,98.4491222165602,98.5563535421987,98.4491222165602,98.4491222165602,98.4491222165602
"4",98.8794531200681,98.8794531200681,98.8794531200681,98.5947287936163,98.7938376278308,98.5947287936163,98.5947287936163,98.5947287936163
"5",99.0835558491486,99.0835558491486,99.0835558491486,98.7037241394593,98.9851001776675,98.7037241394593,98.7037241394593,98.7037241394593
"6",99.2861538342898,99.2861538342898,99.2861538342898,98.8162014971137,99.1819949140087,98.8162014971137,98.8162014971137,98.8162014971137
