"","MAPE","MSE","THEIL","BIAS","LOG.LIK","CONF","R2.ADJ","COMMON.TREND"
"Centro.sur",103.355774712395,103.355774712395,103.355774712395,103.355774712395,103.355774712395,103.298768974438,103.298768974438,103.298768974438
