"","MAPE","MSE","THEIL","BIAS","LOG.LIK","CONF","R2.ADJ","COMMON.TREND"
"1",95.4690839398974,95.4690839398974,95.4690839398974,95.4826562179755,95.4175462315613,95.4826562179755,95.4826562179755,95.4175462315613
"2",95.8275301114445,95.8275301114445,95.8275301114445,95.8786894160425,95.7003345504061,95.8786894160425,95.8786894160425,95.7003345504061
"3",96.1666991851007,96.1666991851007,96.1666991851007,96.264465726647,95.9566127859481,96.264465726647,96.264465726647,95.9566127859481
"4",96.4760792047455,96.4760792047455,96.4760792047455,96.6185842473845,96.1802774319711,96.6185842473845,96.6185842473845,96.1802774319711
"5",96.758103785529,96.758103785529,96.758103785529,96.9442310136221,96.3865354950192,96.9442310136221,96.9442310136221,96.3865354950192
"6",97.0157722230117,97.0157722230117,97.0157722230117,97.2465694437448,96.5862678224783,97.2465694437448,97.2465694437448,96.5862678224783
