"","MAPE","MSE","THEIL","BIAS","LOG.LIK","CONF","R2.ADJ","COMMON.TREND"
"1",95.2708027145739,95.2708027145739,95.2708027145739,95.2708027145739,95.2708027145739,95.2575911065955,95.2708027145739,95.2575911065955
"2",95.589552309478,95.589552309478,95.589552309478,95.589552309478,95.589552309478,95.5499209693525,95.589552309478,95.5499209693525
"3",95.8946629543887,95.8946629543887,95.8946629543887,95.8946629543887,95.8946629543887,95.8215333796073,95.8946629543887,95.8215333796073
"4",96.1678916385337,96.1678916385337,96.1678916385337,96.1678916385337,96.1678916385337,96.0623510247625,96.1678916385337,96.0623510247625
"5",96.4175419641402,96.4175419641402,96.4175419641402,96.4175419641402,96.4175419641402,96.277271892204,96.4175419641402,96.277271892204
"6",96.6535283231358,96.6535283231358,96.6535283231358,96.6535283231358,96.6535283231358,96.4735694483767,96.6535283231358,96.4735694483767
