"","MAPE","MSE","THEIL","BIAS","LOG.LIK","CONF","R2.ADJ","COMMON.TREND"
"Noreste",96.384485256636,96.384485256636,96.384485256636,96.384485256636,96.384485256636,96.4646388554956,96.4646388554956,96.384485256636
