"","MAPE","MSE","THEIL","BIAS","LOG.LIK","CONF","R2.ADJ","COMMON.TREND"
"1",99.7556530071754,99.7556530071754,99.7556530071754,99.7556530071754,99.7418259351551,99.6936153551172,99.6936153551172,99.6936153551172
"2",100.127651683344,100.127651683344,100.127651683344,100.127651683344,100.104041566781,99.9618177608755,99.9618177608755,99.9618177608755
"3",100.521304244206,100.521304244206,100.521304244206,100.521304244206,100.489769657865,100.216689921496,100.216689921496,100.216689921496
"4",100.937143197839,100.937143197839,100.937143197839,100.937143197839,100.899533178956,100.465188995633,100.465188995633,100.465188995633
"5",101.36549193575,101.36549193575,101.36549193575,101.36549193575,101.325992434709,100.712307881346,100.712307881346,100.712307881346
"6",101.796467008439,101.796467008439,101.796467008439,101.796467008439,101.762240938674,100.961922872867,100.961922872867,100.961922872867
