"","MAPE","MSE","THEIL","BIAS","LOG.LIK","CONF","R2.ADJ","COMMON.TREND"
"1",98.4441421255278,98.4441421255278,98.4441421255278,98.4441421255278,98.6882447419575,98.4441421255278,98.4441421255278,98.6948508123677
"2",98.4288630987987,98.4288630987987,98.4288630987987,98.4288630987987,98.9895059962678,98.4288630987987,98.4288630987987,99.0133796898824
"3",98.2513238848639,98.2513238848639,98.2513238848639,98.2513238848639,99.1171820117511,98.2513238848639,98.2513238848639,99.1502013227539
"4",98.2125563904788,98.2125563904788,98.2125563904788,98.2125563904788,99.3753590231452,98.2125563904788,98.2125563904788,99.4173686387658
"5",98.2306238465634,98.2306238465634,98.2306238465634,98.2306238465634,99.6565483828669,98.2306238465634,98.2306238465634,99.7032039807214
"6",98.3511203727051,98.3511203727051,98.3511203727051,98.3511203727051,100.013584902579,98.3511203727051,98.3511203727051,100.05825294805
