"","MAPE","MSE","THEIL","BIAS","LOG.LIK","CONF","R2.ADJ","COMMON.TREND"
"1",103.137618499406,103.137618499406,103.137618499406,103.137618499406,103.137618499406,102.960041039735,102.960041039735,102.960041039735
"2",103.32195038852,103.32195038852,103.32195038852,103.32195038852,103.32195038852,102.902973258202,102.902973258202,102.902973258202
"3",103.629211458838,103.629211458838,103.629211458838,103.629211458838,103.629211458838,102.940516163682,102.940516163682,102.940516163682
"4",104.029706033547,104.029706033547,104.029706033547,104.029706033547,104.029706033547,103.086753569947,103.086753569947,103.086753569947
"5",104.483941837728,104.483941837728,104.483941837728,104.483941837728,104.483941837728,103.323105305957,103.323105305957,103.323105305957
"6",104.963753450165,104.963753450165,104.963753450165,104.963753450165,104.963753450165,103.630933862679,103.630933862679,103.630933862679
