"","MAPE","MSE","THEIL","BIAS","LOG.LIK","CONF","R2.ADJ","COMMON.TREND"
"1",100.914813916292,100.914813916292,100.914813916292,100.914813916292,100.960934612112,100.914813916292,100.914813916292,100.914813916292
"2",101.200700899435,101.200700899435,101.200700899435,101.200700899435,101.432000459619,101.200700899435,101.200700899435,101.200700899435
"3",101.296586311798,101.296586311798,101.296586311798,101.296586311798,101.885490163377,101.296586311798,101.296586311798,101.296586311798
