"","MAPE","MSE","THEIL","BIAS","LOG.LIK","CONF","R2.ADJ","COMMON.TREND"
"1",102.96636409365,102.96636409365,102.96636409365,102.96636409365,102.895272923741,102.895272923741,102.895272923741,102.895272923741
"2",103.342793509386,103.342793509386,103.342793509386,103.342793509386,103.185156397131,103.185156397131,103.185156397131,103.185156397131
"3",103.732080717022,103.732080717022,103.732080717022,103.732080717022,103.491192735966,103.491192735966,103.491192735966,103.491192735966
