"","MAPE","MSE","THEIL","BIAS","LOG.LIK","CONF","R2.ADJ","COMMON.TREND"
"1",98.3747846259687,98.3747846259687,98.3747846259687,98.3747846259687,98.3605155921089,98.2641840590892,98.2641840590892,98.2641840590892
"2",98.7366838617656,98.7366838617656,98.7366838617656,98.7366838617656,98.7034545011055,98.5156539015264,98.5156539015264,98.5156539015264
"3",99.1764074531149,99.1764074531149,99.1764074531149,99.1764074531149,99.1229724186847,98.8022931642442,98.8022931642442,98.8022931642442
