"","MAPE","MSE","THEIL","BIAS","LOG.LIK","CONF","R2.ADJ","COMMON.TREND"
"1",99.6685131896174,99.6685131896174,99.6685131896174,99.6685131896174,99.6421167153675,99.6685131896174,99.6685131896174,99.6498864413924
"2",100.038832586669,100.038832586669,100.038832586669,100.038832586669,99.9774571614421,100.038832586669,100.038832586669,99.9877139204145
"3",100.442261247083,100.442261247083,100.442261247083,100.442261247083,100.346281034175,100.442261247083,100.442261247083,100.336324367692
"4",100.866816170527,100.866816170527,100.866816170527,100.866816170527,100.739133607137,100.866816170527,100.866816170527,100.690874720787
"5",101.302397099075,101.302397099075,101.302397099075,101.302397099075,101.147899079017,101.302397099075,101.302397099075,101.04336127571
"6",101.742342744036,101.742342744036,101.742342744036,101.742342744036,101.566407759958,101.742342744036,101.742342744036,101.390870539542
