"","MAPE","MSE","THEIL","BIAS","LOG.LIK","CONF","R2.ADJ","COMMON.TREND"
"1",103.119150680312,103.119150680312,103.119150680312,103.004092325927,103.119150680312,103.004092325927,103.004092325927,103.004092325927
"2",103.455322259518,103.455322259518,103.455322259518,103.217948936673,103.455322259518,103.217948936673,103.217948936673,103.217948936673
"3",103.762128185645,103.762128185645,103.762128185645,103.401459746817,103.762128185645,103.401459746817,103.401459746817,103.401459746817
