"","MAPE","MSE","THEIL","BIAS","LOG.LIK","CONF","R2.ADJ","COMMON.TREND"
"1",105.825988100911,105.825988100911,105.825988100911,105.817085345333,105.817085345333,105.825988100911,105.825988100911,105.825988100911
"2",104.073670656185,104.073670656185,104.073670656185,105.150776346443,105.150776346443,104.073670656185,104.073670656185,104.073670656185
"3",103.832380208968,103.832380208968,103.832380208968,105.801570075206,105.801570075206,103.832380208968,103.832380208968,103.832380208968
"4",103.935861593436,103.935861593436,103.935861593436,106.273405174821,106.273405174821,103.935861593436,103.935861593436,103.935861593436
"5",104.281588846203,104.281588846203,104.281588846203,106.68598052324,106.68598052324,104.281588846203,104.281588846203,104.281588846203
"6",104.697135612427,104.697135612427,104.697135612427,106.986020198118,106.986020198118,104.697135612427,104.697135612427,104.697135612427
