"","MAPE","MSE","THEIL","BIAS","LOG.LIK","CONF","R2.ADJ","COMMON.TREND"
"1",95.3986404449789,95.3986404449789,95.3986404449789,95.3986404449789,95.3414553621406,95.3986404449789,95.3986404449789,95.3986404449789
"2",95.8555027654292,95.8555027654292,95.8555027654292,95.8555027654292,95.7204925788407,95.8555027654292,95.8555027654292,95.8555027654292
"3",96.2766650701535,96.2766650701535,96.2766650701535,96.2766650701535,96.0920251341871,96.2766650701535,96.2766650701535,96.2766650701535
