"","MAPE","MSE","THEIL","BIAS","LOG.LIK","CONF","R2.ADJ","COMMON.TREND"
"1",98.8625413099331,98.8625413099331,98.8625413099331,98.8625413099331,98.8416992275887,98.8116044992785,98.8116044992785,98.8116044992785
"2",99.1918703269246,99.1918703269246,99.1918703269246,99.1918703269246,99.1455233289659,99.0828691736099,99.0828691736099,99.0828691736099
"3",99.5775957693336,99.5775957693336,99.5775957693336,99.5775957693336,99.5075377489302,99.3888950087862,99.3888950087862,99.3888950087862
"4",99.9897627147706,99.9897627147706,99.9897627147706,99.9897627147706,99.8975241521497,99.7063113914461,99.7063113914461,99.7063113914461
"5",100.420674017319,100.420674017319,100.420674017319,100.420674017319,100.309307783794,100.026151067881,100.026151067881,100.026151067881
"6",100.857315365193,100.857315365193,100.857315365193,100.857315365193,100.730477887533,100.341254479532,100.341254479532,100.341254479532
