"","MAPE","MSE","THEIL","BIAS","LOG.LIK","CONF","R2.ADJ","COMMON.TREND"
"Nacional",100.9202847575,100.9202847575,100.9202847575,100.9202847575,100.993371628671,100.9202847575,100.9202847575,100.9202847575
