"","MAPE","MSE","THEIL","BIAS","LOG.LIK","CONF","R2.ADJ","COMMON.TREND"
"1",93.5006329486924,93.5054971733254,93.5006329486924,93.5054971733254,93.5054971733254,93.4813074891158,93.4813074891158,93.4813074891158
"2",93.6783905623374,93.7327200240378,93.6783905623374,93.7327200240378,93.7327200240378,93.7195543266074,93.7195543266074,93.7195543266074
"3",93.7809699014588,93.8939107992988,93.7809699014588,93.8939107992988,93.8939107992988,93.8963117827361,93.8963117827361,93.8963117827361
