"","MAPE","MSE","THEIL","BIAS","LOG.LIK","CONF","R2.ADJ","COMMON.TREND"
"1",100.954967219077,100.954967219077,100.954967219077,100.994019324856,100.999394036478,100.954967219077,100.999394036478,100.954967219077
"2",101.307100730948,101.307100730948,101.307100730948,101.399005825727,101.417674677052,101.307100730948,101.417674677052,101.307100730948
"3",101.629097371901,101.629097371901,101.629097371901,101.809853187339,101.832346541123,101.629097371901,101.832346541123,101.629097371901
"4",101.928893636071,101.928893636071,101.928893636071,102.221612112835,102.243519372489,101.928893636071,102.243519372489,101.928893636071
"5",102.216130139689,102.216130139689,102.216130139689,102.6388181682,102.653924351847,102.216130139689,102.653924351847,102.216130139689
"6",102.492493300448,102.492493300448,102.492493300448,103.054858321441,103.057827465948,102.492493300448,103.057827465948,102.492493300448
