"","MAPE","MSE","THEIL","BIAS","LOG.LIK","CONF","R2.ADJ","COMMON.TREND"
"1",95.1264118103546,95.1264118103546,95.1264118103546,95.1264118103546,95.146565353199,95.1264118103546,95.1264118103546,95.1264118103546
"2",95.6298163886101,95.6298163886101,95.6298163886101,95.6298163886101,95.6364153126173,95.6298163886101,95.6298163886101,95.6298163886101
"3",95.9417135239319,95.9417135239319,95.9417135239319,95.9417135239319,95.8990172234518,95.9417135239319,95.9417135239319,95.9417135239319
