"","MAPE","MSE","THEIL","BIAS","LOG.LIK","CONF","R2.ADJ","COMMON.TREND"
"1",99.8251267046891,99.8251267046891,99.8251267046891,99.8251267046891,99.0622101972676,99.8251267046891,99.8251267046891,99.2790774975286
"2",100.314796632919,100.314796632919,100.314796632919,100.314796632919,99.0934817511081,100.314796632919,100.314796632919,99.6322101509275
"3",100.697754440842,100.697754440842,100.697754440842,100.697754440842,99.3963319055667,100.697754440842,100.697754440842,100.191164258835
"4",100.767926550546,100.767926550546,100.767926550546,100.767926550546,99.7459718809461,100.767926550546,100.767926550546,100.773060392569
"5",100.736849858888,100.736849858888,100.736849858888,100.736849858888,100.130137540013,100.736849858888,100.736849858888,101.369835066529
"6",100.797183057932,100.797183057932,100.797183057932,100.797183057932,100.522777192589,100.797183057932,100.797183057932,101.972564688964
