"","MAPE","MSE","THEIL","BIAS","LOG.LIK","CONF","R2.ADJ","COMMON.TREND"
"1",101.171143006446,101.171143006446,101.171143006446,101.171143006446,101.216356344422,101.171143006446,101.212515991233,101.171143006446
"2",101.510991428296,101.510991428296,101.510991428296,101.510991428296,101.602701159518,101.510991428296,101.592815379901,101.510991428296
"3",101.852664920767,101.852664920767,101.852664920767,101.852664920767,102.019908202934,101.852664920767,102.004610304387,101.852664920767
"4",102.181291004526,102.181291004526,102.181291004526,102.181291004526,102.439132854103,102.181291004526,102.418690182488,102.181291004526
"5",102.498099322751,102.498099322751,102.498099322751,102.498099322751,102.854752562332,102.498099322751,102.832091834077,102.498099322751
"6",102.804008388927,102.804008388927,102.804008388927,102.804008388927,103.260425204386,102.804008388927,103.240098167021,102.804008388927
