"","MAPE","MSE","THEIL","BIAS","LOG.LIK","CONF","R2.ADJ","COMMON.TREND"
"Frontera.norte",98.69358314663,98.69358314663,98.69358314663,98.69358314663,99.0229513959531,98.69358314663,98.69358314663,98.69358314663
