"","MAPE","MSE","THEIL","BIAS","LOG.LIK","CONF","R2.ADJ","COMMON.TREND"
"1",93.0456726117088,93.0456726117088,93.0456726117088,93.0595666924026,93.0420979301171,93.0456726117088,93.0456726117088,93.0420979301171
"2",93.22598976789,93.22598976789,93.22598976789,93.2310568123577,93.1904142590541,93.22598976789,93.22598976789,93.1904142590541
"3",93.4933185508982,93.4933185508982,93.4933185508982,93.4901181307855,93.4216857932958,93.4933185508982,93.4933185508982,93.4216857932958
