"","MAPE","MSE","THEIL","BIAS","LOG.LIK","CONF","R2.ADJ","COMMON.TREND"
"Noreste",99.4925416238099,99.4925416238099,99.4925416238099,99.4925416238099,99.4925416238099,99.4314417660491,99.4314417660491,99.4314417660491
