"","MAPE","MSE","THEIL","BIAS","LOG.LIK","CONF","R2.ADJ","COMMON.TREND"
"1",96.3859355507927,96.3859355507927,96.3859355507927,96.3859355507927,96.3859355507927,96.4233530022955,96.4233530022955,96.3859355507927
"2",96.8208246235646,96.8208246235646,96.8208246235646,96.8208246235646,96.8208246235646,96.8780555056502,96.8780555056502,96.8208246235646
"3",97.1796479050293,97.1796479050293,97.1796479050293,97.1796479050293,97.1796479050293,97.2575869856217,97.2575869856217,97.1796479050293
"4",97.5180165031454,97.5180165031454,97.5180165031454,97.5180165031454,97.5180165031454,97.6002104995181,97.6002104995181,97.5180165031454
"5",97.8158480266705,97.8158480266705,97.8158480266705,97.8158480266705,97.8158480266705,97.8909424546619,97.8909424546619,97.8158480266705
"6",98.0849800804609,98.0849800804609,98.0849800804609,98.0849800804609,98.0849800804609,98.1417368671633,98.1417368671633,98.0849800804609
