"","MAPE","MSE","THEIL","BIAS","LOG.LIK","CONF","R2.ADJ","COMMON.TREND"
"Nacional",94.475182672001,94.475182672001,94.475182672001,94.475182672001,94.4507319468325,94.3467849875654,94.3467849875654,94.3467849875654
