"","MAPE","MSE","THEIL","BIAS","LOG.LIK","CONF","R2.ADJ","COMMON.TREND"
"Centro.sur",99.7027167778722,99.7027167778722,99.7027167778722,99.7027167778722,99.674236976228,99.6298847123796,99.6298847123796,99.6298847123796
