"","MAPE","MSE","THEIL","BIAS","LOG.LIK","CONF","R2.ADJ","COMMON.TREND"
"1",98.772751010371,98.772751010371,98.772751010371,98.772751010371,98.7365755633998,98.7051578714178,98.772751010371,98.7051578714178
"2",99.1935822933854,99.1935822933854,99.1935822933854,99.1935822933854,99.10620016971,99.0410504986295,99.1935822933854,99.0410504986295
"3",99.6546208588198,99.6546208588198,99.6546208588198,99.6546208588198,99.5210841011444,99.3944994003413,99.6546208588198,99.3944994003413
"4",100.119705968474,100.119705968474,100.119705968474,100.119705968474,99.9488945398688,99.741137786013,100.119705968474,99.741137786013
"5",100.584212507242,100.584212507242,100.584212507242,100.584212507242,100.387857470878,100.081090508342,100.584212507242,100.081090508342
"6",101.041791945281,101.041791945281,101.041791945281,101.041791945281,100.831601634207,100.413398711155,101.041791945281,100.413398711155
