"","MAPE","MSE","THEIL","BIAS","LOG.LIK","CONF","R2.ADJ","COMMON.TREND"
"Frontera.norte",100.447512124248,100.447512124248,100.447512124248,100.802531769271,100.616107447785,100.447512124248,100.447512124248,100.447512124248
