"","MAPE","MSE","THEIL","BIAS","LOG.LIK","CONF","R2.ADJ","COMMON.TREND"
"1",94.3913367552537,94.3913367552537,94.3913367552537,94.3913367552537,93.9171276491849,94.3913367552537,94.3913367552537,93.9171276491849
"2",94.8238458807268,94.8238458807268,94.8238458807268,94.8238458807268,93.4027866563109,94.8238458807268,94.8238458807268,93.4027866563109
"3",95.4828456724665,95.4828456724665,95.4828456724665,95.4828456724665,93.0892875318272,95.4828456724665,95.4828456724665,93.0892875318272
