"","MAPE","MSE","THEIL","BIAS","LOG.LIK","CONF","R2.ADJ","COMMON.TREND"
"Noreste",102.13292797773,102.13292797773,102.13292797773,102.13292797773,102.217346223991,102.045737888454,102.045737888454,102.045737888454
