"","MAPE","MSE","THEIL","BIAS","LOG.LIK","CONF","R2.ADJ","COMMON.TREND"
"1",95.9235402314454,95.9235402314454,95.9235402314454,95.9235402314454,96.9025787954287,95.9235402314454,95.9235402314454,96.9025787954287
"2",94.976388884193,94.976388884193,94.976388884193,94.976388884193,96.532979155056,94.976388884193,94.976388884193,96.532979155056
"3",94.5168751868848,94.5168751868848,94.5168751868848,94.5168751868848,96.1448013190867,94.5168751868848,94.5168751868848,96.1448013190867
