"","MAPE","MSE","THEIL","BIAS","LOG.LIK","CONF","R2.ADJ","COMMON.TREND"
"1",98.6948508123677,98.6948508123677,98.6948508123677,98.6948508123677,98.6882447419575,98.4441421255278,98.4441421255278,98.6948508123677
"2",99.0133796898824,99.0133796898824,99.0133796898824,99.0133796898824,98.9895059962678,98.4288630987987,98.4288630987987,99.0133796898824
"3",99.1502013227541,99.1502013227541,99.1502013227541,99.1502013227541,99.1171820117511,98.2513238848647,98.2513238848647,99.1502013227541
