"","MAPE","MSE","THEIL","BIAS","LOG.LIK","CONF","R2.ADJ","COMMON.TREND"
"Centro.norte",98.8625413099331,98.8625413099331,98.8625413099331,98.8625413099331,98.8416992275887,98.8116044992785,98.8116044992785,98.8116044992785
