"","MAPE","MSE","THEIL","BIAS","LOG.LIK","CONF","R2.ADJ","COMMON.TREND"
"Noroeste",99.19540073618,99.19540073618,99.19540073618,99.19540073618,98.9828122241114,99.19540073618,99.19540073618,99.1555174877346
