"","MAPE","MSE","THEIL","BIAS","LOG.LIK","CONF","R2.ADJ","COMMON.TREND"
"1",101.996024565668,101.922087854838,101.922087854838,101.922087854838,102.042090315926,101.922087854838,101.922087854838,101.922087854838
"2",102.341044033556,102.126478415196,102.126478415196,102.126478415196,102.435508810547,102.126478415196,102.126478415196,102.126478415196
"3",102.602653982741,102.248033835872,102.248033835872,102.248033835872,102.764162858751,102.248033835872,102.248033835872,102.248033835872
