"","MAPE","MSE","THEIL","BIAS","LOG.LIK","CONF","R2.ADJ","COMMON.TREND"
"1",94.8501976823379,94.8501976823379,94.8501976823379,94.8501976823379,95.0206017119951,94.8501976823379,95.0893498537322,95.0206017119951
"2",94.6090259807461,94.6090259807461,94.6090259807461,94.6090259807461,94.8794682261675,94.6090259807461,95.0292248792652,94.8794682261675
"3",94.6412570241296,94.6412570241296,94.6412570241296,94.6412570241296,94.9561001314461,94.6412570241296,95.2077781053907,94.9561001314461
"4",94.7447261165418,94.7447261165418,94.7447261165418,94.7447261165418,95.0286750217429,94.7447261165418,95.3904173695528,95.0286750217429
"5",94.8873287367798,94.8873287367798,94.8873287367798,94.8873287367798,95.0962287506076,94.8873287367798,95.5644262009674,95.0962287506076
"6",95.0759944774241,95.0759944774241,95.0759944774241,95.0759944774241,95.1638585972778,95.0759944774241,95.7234622325893,95.1638585972778
