"","MAPE","MSE","THEIL","BIAS","LOG.LIK","CONF","R2.ADJ","COMMON.TREND"
"1",95.5317809554112,95.5317809554112,95.5317809554112,95.9418792425614,95.8581199954036,95.5317809554112,95.5317809554112,95.9418792425614
"2",94.8878985686112,94.8878985686112,94.8878985686112,96.2122611881422,95.9826612029979,94.8878985686112,94.8878985686112,96.2122611881422
"3",94.9328576979794,94.9328576979794,94.9328576979794,96.8630712001237,96.4816873868067,94.9328576979794,94.9328576979794,96.8630712001237
