"","MAPE","MSE","THEIL","BIAS","LOG.LIK","CONF","R2.ADJ","COMMON.TREND"
"1",100.776309725835,100.776309725835,100.776309725835,100.776309725835,100.776309725835,100.772054213428,100.772054213428,100.772054213428
"2",101.020352982402,101.020352982402,101.020352982402,101.020352982402,101.020352982402,100.955745942701,100.955745942701,100.955745942701
"3",101.281514664856,101.281514664856,101.281514664856,101.281514664856,101.281514664856,101.13647737355,101.13647737355,101.13647737355
"4",101.572950611566,101.572950611566,101.572950611566,101.572950611566,101.572950611566,101.317752343929,101.317752343929,101.317752343929
"5",101.886879400012,101.886879400012,101.886879400012,101.886879400012,101.886879400012,101.51101865725,101.51101865725,101.51101865725
"6",102.207115801955,102.207115801955,102.207115801955,102.207115801955,102.207115801955,101.708128905178,101.708128905178,101.708128905178
