"","MAPE","MSE","THEIL","BIAS","LOG.LIK","CONF","R2.ADJ","COMMON.TREND"
"1",101.42322717641,101.42322717641,101.42322717641,101.42322717641,101.457986538752,101.42322717641,101.42322717641,101.42322717641
"2",101.556214280885,101.556214280885,101.556214280885,101.556214280885,101.638116149807,101.556214280885,101.556214280885,101.556214280885
"3",101.709961441681,101.709961441681,101.709961441681,101.709961441681,101.903075142249,101.709961441681,101.709961441681,101.709961441681
"4",101.861235897271,101.861235897271,101.861235897271,101.861235897271,102.188761903708,101.861235897271,101.861235897271,101.861235897271
"5",102.042268627035,102.042268627035,102.042268627035,102.042268627035,102.526463978786,102.042268627035,102.042268627035,102.042268627035
"6",102.224136153938,102.224136153938,102.224136153938,102.224136153938,102.863742162012,102.224136153938,102.224136153938,102.224136153938
