"","MAPE","MSE","THEIL","BIAS","LOG.LIK","CONF","R2.ADJ","COMMON.TREND"
"Noreste",98.3798824166843,98.3798824166843,98.3798824166843,98.3798824166843,98.4818016746643,98.2936276660612,98.2936276660612,98.2936276660612
