"","MAPE","MSE","THEIL","BIAS","LOG.LIK","CONF","R2.ADJ","COMMON.TREND"
"Mexico",101.171143006446,101.171143006446,101.171143006446,101.171143006446,101.216356344422,101.171143006446,101.171143006446,101.171143006446
