"","MAPE","MSE","THEIL","BIAS","LOG.LIK","CONF","R2.ADJ","COMMON.TREND"
"1",99.9402644758302,99.9402644758302,99.9402644758302,99.9402644758302,99.9477354643979,99.7405552943763,99.7405552943763,99.7405552943763
"2",100.088257923242,100.088257923242,100.088257923242,100.088257923242,100.073188433723,99.7050758138917,99.7050758138917,99.7050758138917
"3",100.354767329677,100.354767329677,100.354767329677,100.354767329677,100.333041846414,99.7309805180662,99.7309805180662,99.7309805180662
