"","MAPE","MSE","THEIL","BIAS","LOG.LIK","CONF","R2.ADJ","COMMON.TREND"
"1",99.0329455146207,98.9597317593376,98.9597317593376,98.9597317593376,99.0329455146207,98.9597317593376,98.9597317593376,98.9597317593376
"2",99.1953715061014,99.005808640532,99.005808640532,99.005808640532,99.1953715061014,99.005808640532,99.005808640532,99.005808640532
"3",99.4326223703883,99.1436561756379,99.1436561756379,99.1436561756379,99.4326223703883,99.1436561756379,99.1436561756379,99.1436561756379
"4",99.7249661550012,99.362802694924,99.362802694924,99.362802694924,99.7249661550012,99.362802694924,99.362802694924,99.362802694924
"5",100.052405924178,99.6505650355629,99.6505650355629,99.6505650355629,100.052405924178,99.6505650355629,99.6505650355629,99.6505650355629
"6",100.399718096911,99.988982563539,99.988982563539,99.988982563539,100.399718096911,99.988982563539,99.988982563539,99.988982563539
