"","MAPE","MSE","THEIL","BIAS","LOG.LIK","CONF","R2.ADJ","COMMON.TREND"
"Centro.norte",101.998385450046,101.998385450046,101.998385450046,101.963399877646,101.998385450046,101.963399877646,101.963399877646,101.963399877646
