"","MAPE","MSE","THEIL","BIAS","LOG.LIK","CONF","R2.ADJ","COMMON.TREND"
"1",102.122435515366,102.122435515366,102.122435515366,102.122435515366,102.137957143494,102.122435515366,102.122435515366,102.122435515366
"2",102.488103984403,102.488103984403,102.488103984403,102.488103984403,102.518493170899,102.488103984403,102.488103984403,102.488103984403
"3",102.837294984822,102.837294984822,102.837294984822,102.837294984822,102.898314648218,102.837294984822,102.837294984822,102.837294984822
"4",103.180986848974,103.180986848974,103.180986848974,103.180986848974,103.282121944818,103.180986848974,103.180986848974,103.180986848974
"5",103.523015403003,103.523015403003,103.523015403003,103.523015403003,103.674860528985,103.523015403003,103.523015403003,103.523015403003
"6",103.863475908902,103.863475908902,103.863475908902,103.863475908902,104.074630247866,103.863475908902,103.863475908902,103.863475908902
