"","MAPE","MSE","THEIL","BIAS","LOG.LIK","CONF","R2.ADJ","COMMON.TREND"
"1",94.6952095079868,94.6952095079868,94.6952095079868,94.6952095079868,94.6573290115325,94.5480203862295,94.5480203862295,94.6573290115325
"2",94.7733777329559,94.7733777329559,94.7733777329559,94.7733777329559,94.6734248051941,94.2974160465022,94.2974160465022,94.6734248051941
"3",94.8668422612051,94.8668422612051,94.8668422612051,94.8668422612051,94.7009371697974,94.1335574093531,94.1335574093531,94.7009371697974
"4",95.0708451063365,95.0708451063365,95.0708451063365,95.0708451063365,94.832540116838,94.1537394253531,94.1537394253531,94.832540116838
"5",95.2927604469893,95.2927604469893,95.2927604469893,95.2927604469893,94.984794357592,94.2657279038625,94.2657279038625,94.984794357592
"6",95.5140159708132,95.5140159708132,95.5140159708132,95.5140159708132,95.1469089743144,94.4475303829378,94.4475303829378,95.1469089743144
