"","MAPE","MSE","THEIL","BIAS","LOG.LIK","CONF","R2.ADJ","COMMON.TREND"
"1",98.9164438673203,98.9164438673203,98.9164438673203,98.9164438673203,98.958603204205,98.9269056451996,98.9269056451996,98.9269056451996
"2",99.1337595170119,99.1337595170119,99.1337595170119,99.1337595170119,99.2263416137105,99.1627252327162,99.1627252327162,99.1627252327162
"3",99.3967510574581,99.3967510574581,99.3967510574581,99.3967510574581,99.5426066704224,99.4398289933803,99.4398289933803,99.4398289933803
"4",99.6782516341753,99.6782516341753,99.6782516341753,99.6782516341753,99.876382094055,99.7343103314292,99.7343103314292,99.7343103314292
"5",99.9697248281633,99.9697248281633,99.9697248281633,99.9697248281633,100.219931239485,100.038091868797,100.038091868797,100.038091868797
"6",100.263014363918,100.263014363918,100.263014363918,100.263014363918,100.565543659829,100.345177426444,100.345177426444,100.345177426444
