"","MAPE","MSE","THEIL","BIAS","LOG.LIK","CONF","R2.ADJ","COMMON.TREND"
"Nacional",99.5303976195172,99.5303976195172,99.5303976195172,99.5303976195172,99.476161224563,99.34158378389,99.34158378389,99.34158378389
