"","MAPE","MSE","THEIL","BIAS","LOG.LIK","CONF","R2.ADJ","COMMON.TREND"
"1",94.934141612639,94.934141612639,94.934141612639,94.934141612639,95.0822793616419,94.934141612639,94.934141612639,94.934141612639
"2",95.0601104742866,95.0601104742866,95.0601104742866,95.0601104742866,95.4337845207965,95.0601104742866,95.0601104742866,95.0601104742866
"3",95.1299493888143,95.1299493888143,95.1299493888143,95.1299493888143,95.7216358428801,95.1299493888143,95.1299493888143,95.1299493888143
