"","MAPE","MSE","THEIL","BIAS","LOG.LIK","CONF","R2.ADJ","COMMON.TREND"
"Noreste",94.8844823551874,94.8844823551874,94.8844823551874,94.8844823551874,94.8585940877499,94.6471509383597,94.6471509383597,94.6471509383597
