"","MAPE","MSE","THEIL","BIAS","LOG.LIK","CONF","R2.ADJ","COMMON.TREND"
"Frontera.norte",104.059468549077,104.059468549077,104.059468549077,104.059468549077,104.290477737986,104.059468549077,104.059468549077,104.059468549077
