"","MAPE","MSE","THEIL","BIAS","LOG.LIK","CONF","R2.ADJ","COMMON.TREND"
"1",97.5603305072136,97.5603305072136,97.5603305072136,97.5603305072136,97.9676729714719,99.1767753056003,99.1767753056003,97.5603305072136
"2",96.969838359969,96.969838359969,96.969838359969,96.969838359969,97.8405688448239,99.9268945877293,99.9268945877293,96.969838359969
"3",96.7548085405689,96.7548085405689,96.7548085405689,96.7548085405689,98.0359087669942,100.297594070802,100.297594070802,96.7548085405689
"4",96.5185681286275,96.5185681286275,96.5185681286275,96.5185681286275,98.1491276101957,100.380354220067,100.380354220067,96.5185681286275
"5",96.3760490772551,96.3760490772551,96.3760490772551,96.3760490772551,98.3013353250112,100.384495835146,100.384495835146,96.3760490772551
"6",96.2593747293513,96.2593747293513,96.2593747293513,96.2593747293513,98.440335997931,100.439838663094,100.439838663094,96.2593747293513
