"","MAPE","MSE","THEIL","BIAS","LOG.LIK","CONF","R2.ADJ","COMMON.TREND"
"1",103.214273511476,103.214273511476,103.214273511476,103.214273511476,103.214273511476,103.203336199807,103.203336199807,103.203336199807
"2",103.569873923948,103.569873923948,103.569873923948,103.569873923948,103.569873923948,103.532194139646,103.532194139646,103.532194139646
"3",103.967224410361,103.967224410361,103.967224410361,103.967224410361,103.967224410361,103.87385442824,103.87385442824,103.87385442824
