"","MAPE","MSE","THEIL","BIAS","LOG.LIK","CONF","R2.ADJ","COMMON.TREND"
"1",96.4744026609241,96.4744026609241,96.4744026609241,96.485830515603,96.490618650728,96.485830515603,96.485830515603,96.485830515603
"2",96.834647664601,96.834647664601,96.834647664601,96.8403701100517,96.8634655415009,96.8403701100517,96.8403701100517,96.8403701100517
"3",97.1600503710703,97.1600503710703,97.1600503710703,97.1477190347569,97.1846572672425,97.1477190347569,97.1477190347569,97.1477190347569
"4",97.4956669098947,97.4956669098947,97.4956669098947,97.4524053041714,97.5095653062086,97.4524053041714,97.4524053041714,97.4524053041714
"5",97.8321651044561,97.8321651044561,97.8321651044561,97.7457909146599,97.8229503504865,97.7457909146599,97.7457909146599,97.7457909146599
"6",98.1746871945269,98.1746871945269,98.1746871945269,98.0338739077134,98.1305901727801,98.0338739077134,98.0338739077134,98.0338739077134
