"","MAPE","MSE","THEIL","BIAS","LOG.LIK","CONF","R2.ADJ","COMMON.TREND"
"1",100.973184639885,100.973184639885,100.973184639885,100.973184639885,101.001380279254,100.973184639885,100.973184639885,100.973184639885
"2",101.355508401741,101.355508401741,101.355508401741,101.355508401741,101.42780819495,101.355508401741,101.355508401741,101.355508401741
"3",101.716893132247,101.716893132247,101.716893132247,101.716893132247,101.858053450111,101.716893132247,101.716893132247,101.716893132247
"4",102.063857858672,102.063857858672,102.063857858672,102.063857858672,102.289222639097,102.063857858672,102.063857858672,102.063857858672
"5",102.400883594927,102.400883594927,102.400883594927,102.400883594927,102.721354943609,102.400883594927,102.400883594927,102.400883594927
"6",102.729319753316,102.729319753316,102.729319753316,102.729319753316,103.151100106001,102.729319753316,102.729319753316,102.729319753316
