"","MAPE","MSE","THEIL","BIAS","LOG.LIK","CONF","R2.ADJ","COMMON.TREND"
"1",99.6645157959664,99.6645157959664,99.6645157959664,99.6645157959664,99.6645157959664,99.5932314033914,99.5932314033914,99.5932314033914
"2",99.818808117913,99.818808117913,99.818808117913,99.818808117913,99.818808117913,99.6923883504242,99.6923883504242,99.6923883504242
"3",100.003090905538,100.003090905538,100.003090905538,100.003090905538,100.003090905538,99.7974282781953,99.7974282781953,99.7974282781953
