"","MAPE","MSE","THEIL","BIAS","LOG.LIK","CONF","R2.ADJ","COMMON.TREND"
"1",99.563387056646,99.563387056646,99.563387056646,99.563387056646,99.6713930538853,99.5040130018363,99.5040130018363,99.5040130018363
"2",99.5023921676046,99.5023921676046,99.5023921676046,99.5023921676046,99.7223071085874,99.4213427685429,99.4213427685429,99.4213427685429
"3",99.5598825847738,99.5598825847738,99.5598825847738,99.5598825847738,99.9229976347507,99.407345471463,99.407345471463,99.407345471463
