"","MAPE","MSE","THEIL","BIAS","LOG.LIK","CONF","R2.ADJ","COMMON.TREND"
"Frontera.norte",104.285873572788,104.285873572788,104.285873572788,104.285873572788,104.874665918474,104.285873572788,104.285873572788,104.285873572788
