"","MAPE","MSE","THEIL","BIAS","LOG.LIK","CONF","R2.ADJ","COMMON.TREND"
"1",99.3493994624573,99.3493994624573,99.3493994624573,99.3493994624573,99.3323680540316,99.2942631204689,99.2942631204689,99.2942631204689
"2",99.6769202095125,99.6769202095125,99.6769202095125,99.6769202095125,99.6281409055537,99.5138858903398,99.5138858903398,99.5138858903398
"3",100.048897655052,100.048897655052,100.048897655052,100.048897655052,99.9758209102351,99.7528185612557,99.7528185612557,99.7528185612557
"4",100.443538336032,100.443538336032,100.443538336032,100.443538336032,100.346220889409,99.9946318821251,99.9946318821251,99.9946318821251
"5",100.858562804121,100.858562804121,100.858562804121,100.858562804121,100.74425460542,100.248220030997,100.248220030997,100.248220030997
"6",101.280092985903,101.280092985903,101.280092985903,101.280092985903,101.155947481908,100.507249744303,100.507249744303,100.507249744303
