"","MAPE","MSE","THEIL","BIAS","LOG.LIK","CONF","R2.ADJ","COMMON.TREND"
"Centro.norte",100.28565630692,100.28565630692,100.28565630692,100.28565630692,100.28565630692,100.322930908099,100.322930908099,100.293476734637
