"","MAPE","MSE","THEIL","BIAS","LOG.LIK","CONF","R2.ADJ","COMMON.TREND"
"Nacional",100.920284757481,100.920284757481,100.920284757481,100.920284757481,100.993371628671,100.920284757481,100.920284757481,100.920284757481
