"","MAPE","MSE","THEIL","BIAS","LOG.LIK","CONF","R2.ADJ","COMMON.TREND"
"Mexico",99.9241924408633,99.9241924408633,99.9241924408633,99.9241924408633,99.892679873903,99.8742362168558,99.8742362168558,99.8742362168558
