"","MAPE","MSE","THEIL","BIAS","LOG.LIK","CONF","R2.ADJ","COMMON.TREND"
"1",94.6745360707259,94.6745360707259,94.6745360707259,94.6745360707259,94.6838979268142,94.6745360707259,94.6745360707259,94.6745360707259
"2",94.7829351829273,94.7829351829273,94.7829351829273,94.7829351829273,94.7746428795368,94.7829351829273,94.7829351829273,94.7829351829273
"3",94.9619310980621,94.9619310980621,94.9619310980621,94.9619310980621,94.876279923463,94.9619310980621,94.9619310980621,94.9619310980621
