"","MAPE","MSE","THEIL","BIAS","LOG.LIK","CONF","R2.ADJ","COMMON.TREND"
"Centro.sur",98.8237185648396,98.8237185648396,98.8237185648396,98.8237185648396,98.8630266788381,98.8114766270149,98.8114766270149,98.8114766270149
