"","MAPE","MSE","THEIL","BIAS","LOG.LIK","CONF","R2.ADJ","COMMON.TREND"
"1",96.0472846606759,96.0472846606759,96.0472846606759,96.0472846606759,96.125080670152,96.0472846606759,96.0472846606759,95.8479601666185
"2",95.987182778735,95.987182778735,95.987182778735,95.987182778735,95.8683724517776,95.987182778735,95.987182778735,95.2287307932466
"3",96.2503436408735,96.2503436408735,96.2503436408735,96.2503436408735,95.834810408943,96.2503436408735,96.2503436408735,94.8287999652891
