"","MAPE","MSE","THEIL","BIAS","LOG.LIK","CONF","R2.ADJ","COMMON.TREND"
"Centro.sur",102.308078320291,102.348157347804,102.308078320291,102.308078320291,102.348157347804,102.357147808512,102.357147808512,102.308078320291
