"","MAPE","MSE","THEIL","BIAS","LOG.LIK","CONF","R2.ADJ","COMMON.TREND"
"1",94.8167886753395,94.8167886753395,94.8167886753395,94.8167886753395,94.8167886753395,94.8347651710686,94.8347651710686,94.8347651710686
"2",95.0793569526024,95.0793569526024,95.0793569526024,95.0793569526024,95.0793569526024,95.1061197796116,95.1061197796116,95.1061197796116
"3",95.338174262852,95.338174262852,95.338174262852,95.338174262852,95.338174262852,95.3675896196629,95.3675896196629,95.3675896196629
"4",95.5881560014433,95.5881560014433,95.5881560014433,95.5881560014433,95.5881560014433,95.6185391096047,95.6185391096047,95.6185391096047
"5",95.8226575571704,95.8226575571704,95.8226575571704,95.8226575571704,95.8226575571704,95.849615741641,95.849615741641,95.849615741641
"6",96.0508971547116,96.0508971547116,96.0508971547116,96.0508971547116,96.0508971547116,96.0673257330751,96.0673257330751,96.0673257330751
