"","MAPE","MSE","THEIL","BIAS","LOG.LIK","CONF","R2.ADJ","COMMON.TREND"
"1",103.716831952576,103.716831952576,103.716831952576,103.716831952576,103.716831952576,103.50858707847,103.50858707847,103.50858707847
"2",103.791345227821,103.791345227821,103.791345227821,103.791345227821,103.791345227821,103.364933345813,103.364933345813,103.364933345813
"3",103.981620960994,103.981620960994,103.981620960994,103.981620960994,103.981620960994,103.327407594431,103.327407594431,103.327407594431
