"","MAPE","MSE","THEIL","BIAS","LOG.LIK","CONF","R2.ADJ","COMMON.TREND"
"Mexico",92.6985639047924,92.7338816107392,92.7338816107392,92.6985639047924,92.7165247252168,92.7338816107392,92.7338816107392,92.7165247252168
