"","MAPE","MSE","THEIL","BIAS","LOG.LIK","CONF","R2.ADJ","COMMON.TREND"
"Nacional",99.6964097921737,99.6964097921737,99.6964097921737,99.6964097921737,99.6582765014024,99.6571939277305,99.6571939277305,99.6571939277305
