"","MAPE","MSE","THEIL","BIAS","LOG.LIK","CONF","R2.ADJ","COMMON.TREND"
"1",104.059468549077,104.059468549077,104.059468549077,104.059468549077,104.290477737986,104.059468549077,104.059468549077,104.059468549077
"2",103.577080126192,103.577080126192,103.577080126192,103.577080126192,104.497840253378,103.577080126192,103.577080126192,103.577080126192
"3",103.546277174692,103.546277174692,103.546277174692,103.546277174692,105.13288815093,103.546277174692,103.546277174692,103.546277174692
