"","MAPE","MSE","THEIL","BIAS","LOG.LIK","CONF","R2.ADJ","COMMON.TREND"
"1",101.171143006446,101.171143006446,101.171143006446,101.171143006446,101.216356344422,101.171143006446,101.171143006446,101.171143006446
"2",101.510991428296,101.510991428296,101.510991428296,101.510991428296,101.602701159518,101.510991428296,101.510991428296,101.510991428296
"3",101.852664920767,101.852664920767,101.852664920767,101.852664920767,102.019908202934,101.852664920767,101.852664920767,101.852664920767
