"","MAPE","MSE","THEIL","BIAS","LOG.LIK","CONF","R2.ADJ","COMMON.TREND"
"1",100.36851006241,100.36851006241,100.36851006241,100.420556902051,100.420556902051,100.36851006241,100.36851006241,100.36851006241
"2",100.546630522196,100.546630522196,100.546630522196,100.671444031587,100.671444031587,100.546630522196,100.546630522196,100.546630522196
"3",100.77663140073,100.77663140073,100.77663140073,101.027710693413,101.027710693413,100.77663140073,100.77663140073,100.77663140073
"4",100.98647760691,100.98647760691,100.98647760691,101.378189170137,101.378189170137,100.98647760691,100.98647760691,100.98647760691
"5",101.204905655717,101.204905655717,101.204905655717,101.754404664863,101.754404664863,101.204905655717,101.204905655717,101.204905655717
"6",101.413650565273,101.413650565273,101.413650565273,102.119585704741,102.119585704741,101.413650565273,101.413650565273,101.413650565273
