"","MAPE","MSE","THEIL","BIAS","LOG.LIK","CONF","R2.ADJ","COMMON.TREND"
"1",101.439105440559,101.439105440559,101.439105440559,101.439105440559,101.492869919339,101.439105440559,101.439105440559,101.439105440559
"2",101.756565744701,101.756565744701,101.756565744701,101.756565744701,101.895961122805,101.756565744701,101.756565744701,101.756565744701
"3",102.070927451994,102.070927451994,102.070927451994,102.070927451994,102.308544778222,102.070927451994,102.070927451994,102.070927451994
