"","MAPE","MSE","THEIL","BIAS","LOG.LIK","CONF","R2.ADJ","COMMON.TREND"
"1",99.7530145402561,99.7530145402561,99.7530145402561,99.7530145402561,99.7454469540445,99.7825813857682,99.7825813857682,99.7825813857682
"2",99.8799185599318,99.8799185599318,99.8799185599318,99.8799185599318,99.8681151971541,99.8446022713205,99.8446022713205,99.8446022713205
"3",99.9998513845837,99.9998513845837,99.9998513845837,99.9998513845837,99.9974509642991,99.9099789568109,99.9099789568109,99.9099789568109
