"","MAPE","MSE","THEIL","BIAS","LOG.LIK","CONF","R2.ADJ","COMMON.TREND"
"1",101.707339450918,101.707339450918,101.707339450918,102.067758634692,102.123838619109,101.707339450918,101.707339450918,101.707339450918
"2",101.117123212302,101.117123212302,101.117123212302,102.438967055859,102.399056331026,101.117123212302,101.117123212302,101.117123212302
"3",100.550108164921,100.550108164921,100.550108164921,102.943288364297,102.786245441984,100.550108164921,100.550108164921,100.550108164921
"4",100.19038467363,100.19038467363,100.19038467363,103.499869194157,103.158014122555,100.19038467363,100.19038467363,100.19038467363
"5",100.091541172771,100.091541172771,100.091541172771,104.063838941628,103.513055205999,100.091541172771,100.091541172771,100.091541172771
"6",100.209581171598,100.209581171598,100.209581171598,104.607964988136,103.82588195027,100.209581171598,100.209581171598,100.209581171598
