"","MAPE","MSE","THEIL","BIAS","LOG.LIK","CONF","R2.ADJ","COMMON.TREND"
"1",98.8163409910197,98.8163409910197,98.8163409910197,98.0368650262165,98.3183359564377,98.8163409910197,98.8163409910197,98.8163409910197
"2",99.3238647851111,99.3238647851111,99.3238647851111,97.8353732378499,98.5297895703132,99.3238647851111,99.3238647851111,99.3238647851111
"3",99.4866298924433,99.4866298924433,99.4866298924433,97.5564971237168,98.6678827501885,99.4866298924433,99.4866298924433,99.4866298924433
"4",99.4778476344759,99.4778476344759,99.4778476344759,97.2002784589134,98.701839506075,99.4778476344759,99.4778476344759,99.4778476344759
"5",99.4923932957484,99.4923932957484,99.4923932957484,96.8799425906146,98.7328437115772,99.4923932957484,99.4923932957484,99.4923932957484
"6",99.5859683377729,99.5859683377729,99.5859683377729,96.5865535624861,98.754582700371,99.5859683377729,99.5859683377729,99.5859683377729
