"","MAPE","MSE","THEIL","BIAS","LOG.LIK","CONF","R2.ADJ","COMMON.TREND"
"1",99.0513153249822,99.0513153249822,99.0513153249822,99.0513153249822,99.0352756619789,98.9007488917398,99.0513153249822,98.9007488917398
"2",99.4783490429663,99.4783490429663,99.4783490429663,99.4783490429663,99.4184143750415,99.1700224526538,99.4783490429663,99.1700224526538
"3",99.9654345281864,99.9654345281864,99.9654345281864,99.9654345281864,99.8628477939087,99.4558833917621,99.9654345281864,99.4558833917621
"4",100.457030701676,100.457030701676,100.457030701676,100.457030701676,100.315922088467,99.7390387374107,100.457030701676,99.7390387374107
"5",100.962357306227,100.962357306227,100.962357306227,100.962357306227,100.795000338587,100.02967809832,100.962357306227,100.02967809832
"6",101.46300790522,101.46300790522,101.46300790522,101.46300790522,101.280277400704,100.32053295652,101.46300790522,100.32053295652
