"","MAPE","MSE","THEIL","BIAS","LOG.LIK","CONF","R2.ADJ","COMMON.TREND"
"Sur",99.0328164612968,99.0328164612968,99.0328164612968,99.0328164612968,99.06757262738,99.0181116463144,99.0181116463144,99.0328164612968
