"","MAPE","MSE","THEIL","BIAS","LOG.LIK","CONF","R2.ADJ","COMMON.TREND"
"Centro.norte",99.6685131896174,99.6685131896174,99.6685131896174,99.6685131896174,99.6421167153675,99.6685131896174,99.6685131896174,99.6498864413924
