"","MAPE","MSE","THEIL","BIAS","LOG.LIK","CONF","R2.ADJ","COMMON.TREND"
"1",102.925262226934,102.925262226934,102.925262226934,102.925262226934,102.872816186045,102.810684024605,102.810684024605,102.810684024605
"2",103.137546372009,103.137546372009,103.137546372009,103.137546372009,103.011370917014,102.928623464802,102.928623464802,102.928623464802
"3",103.513456798603,103.513456798603,103.513456798603,103.513456798603,103.312824935008,103.172991194087,103.172991194087,103.172991194087
"4",103.936433651283,103.936433651283,103.936433651283,103.936433651283,103.661362779487,103.468657363758,103.468657363758,103.468657363758
"5",104.410762608443,104.410762608443,104.410762608443,104.410762608443,104.064944573342,103.810677162109,103.810677162109,103.810677162109
"6",104.899821682673,104.899821682673,104.899821682673,104.899821682673,104.484984222959,104.174647715571,104.174647715571,104.174647715571
