"","MAPE","MSE","THEIL","BIAS","LOG.LIK","CONF","R2.ADJ","COMMON.TREND"
"1",102.099405078413,102.099405078413,102.099405078413,102.099405078413,102.150884530902,102.099405078413,102.099405078413,102.099405078413
"2",102.471880283843,102.471880283843,102.471880283843,102.471880283843,102.59027684998,102.471880283843,102.471880283843,102.471880283843
"3",102.823306493089,102.823306493089,102.823306493089,102.823306493089,103.016983732134,102.823306493089,102.823306493089,102.823306493089
"4",103.169348929835,103.169348929835,103.169348929835,103.169348929835,103.441717537036,103.169348929835,103.169348929835,103.169348929835
"5",103.512487243703,103.512487243703,103.512487243703,103.512487243703,103.866313883395,103.512487243703,103.512487243703,103.512487243703
"6",103.853448171903,103.853448171903,103.853448171903,103.853448171903,104.291457369139,103.853448171903,103.853448171903,103.853448171903
