"","MAPE","MSE","THEIL","BIAS","LOG.LIK","CONF","R2.ADJ","COMMON.TREND"
"1",103.390273145849,103.390273145849,103.390273145849,103.343370311984,103.343370311984,103.314281811945,103.314281811945,103.314281811945
"2",103.579298132106,103.579298132106,103.579298132106,103.500450153647,103.500450153647,103.393238184874,103.393238184874,103.393238184874
"3",103.780461209061,103.780461209061,103.780461209061,103.629166053854,103.629166053854,103.425419695102,103.425419695102,103.425419695102
