"","MAPE","MSE","THEIL","BIAS","LOG.LIK","CONF","R2.ADJ","COMMON.TREND"
"1",93.0456726116905,93.0456726116905,93.0456726116905,93.0595666924012,93.0420979301171,93.0456726116905,93.0456726116905,93.0420979301171
"2",93.2259897678522,93.2259897678522,93.2259897678522,93.2310568123573,93.1904142590541,93.2259897678522,93.2259897678522,93.1904142590541
"3",93.4933185509437,93.4933185509437,93.4933185509437,93.4901181307856,93.4216857932958,93.4933185509437,93.4933185509437,93.4216857932958
