"","MAPE","MSE","THEIL","BIAS","LOG.LIK","CONF","R2.ADJ","COMMON.TREND"
"1",94.4737037850243,94.4737037850243,94.4737037850243,94.4737037850243,94.4700564410435,94.4737037850243,94.4737037850243,94.4700564410435
"2",94.7615565106537,94.7615565106537,94.7615565106537,94.7615565106537,94.7377090166468,94.7615565106537,94.7615565106537,94.7377090166468
"3",95.0348977531215,95.0348977531215,95.0348977531215,95.0348977531215,94.9994083694538,95.0348977531215,95.0348977531215,94.9994083694538
