"","MAPE","MSE","THEIL","BIAS","LOG.LIK","CONF","R2.ADJ","COMMON.TREND"
"1",102.830426026837,102.830426026837,102.830426026837,102.830426026837,102.95671890155,102.830426026837,102.830426026837,102.830426026837
"2",103.092458905785,103.092458905785,103.092458905785,103.092458905785,103.424835161669,103.092458905785,103.092458905785,103.092458905785
"3",103.2238575614,103.2238575614,103.2238575614,103.2238575614,103.809200557592,103.2238575614,103.2238575614,103.2238575614
