"","MAPE","MSE","THEIL","BIAS","LOG.LIK","CONF","R2.ADJ","COMMON.TREND"
"Sur",98.9334010404979,98.9334010404979,98.9334010404979,98.9458369100764,98.9458369100764,98.8509166367451,98.8509166367451,98.9334010404979
