"","MAPE","MSE","THEIL","BIAS","LOG.LIK","CONF","R2.ADJ","COMMON.TREND"
"1",100.291771059245,100.291771059245,100.291771059245,100.337153482057,100.337153482057,100.291771059245,100.291771059245,100.291771059245
"2",100.521804585767,100.521804585767,100.521804585767,100.591311142952,100.591311142952,100.521804585767,100.521804585767,100.521804585767
"3",100.767302389558,100.767302389558,100.767302389558,100.940282231537,100.940282231537,100.767302389558,100.767302389558,100.767302389558
"4",101.00001728114,101.00001728114,101.00001728114,101.303787246773,101.303787246773,101.00001728114,101.00001728114,101.00001728114
"5",101.211812781427,101.211812781427,101.211812781427,101.678313010807,101.678313010807,101.211812781427,101.211812781427,101.211812781427
"6",101.401801368498,101.401801368498,101.401801368498,102.040958771774,102.040958771774,101.401801368498,101.401801368498,101.401801368498
