"","MAPE","MSE","THEIL","BIAS","LOG.LIK","CONF","R2.ADJ","COMMON.TREND"
"1",102.073815274431,102.073815274431,102.073815274431,102.073815274431,102.064733517414,102.073815274431,102.073815274431,102.031507792053
"2",102.482663267626,102.482663267626,102.482663267626,102.482663267626,102.458037322382,102.482663267626,102.482663267626,102.388378708004
"3",102.886047348146,102.886047348146,102.886047348146,102.886047348146,102.845541506915,102.886047348146,102.886047348146,102.724252516101
