"","MAPE","MSE","THEIL","BIAS","LOG.LIK","CONF","R2.ADJ","COMMON.TREND"
"1",100.226607952454,100.226607952454,100.226607952454,100.317206951739,100.317206951739,100.226607952454,100.226607952454,100.226607952454
"2",100.526287737173,100.526287737173,100.526287737173,100.772165445139,100.772165445139,100.526287737173,100.526287737173,100.526287737173
"3",100.778321012051,100.778321012051,100.778321012051,101.248580769483,101.248580769483,100.778321012051,100.778321012051,100.778321012051
