"","MAPE","MSE","THEIL","BIAS","LOG.LIK","CONF","R2.ADJ","COMMON.TREND"
"1",98.9352683258029,98.9352683258029,98.9352683258029,98.9352683258029,98.9484863122786,98.8416936868994,98.8416936868994,98.9352683258029
"2",98.870338443376,98.870338443376,98.870338443376,98.870338443376,98.8665207065308,98.7442964988903,98.7442964988903,98.870338443376
"3",99.0351701074982,99.0351701074982,99.0351701074982,99.0351701074982,99.0225655434208,98.852090236663,98.852090236663,99.0351701074982
"4",99.2274269339423,99.2274269339423,99.2274269339423,99.2274269339423,99.1985103301553,99.0239720325599,99.0239720325599,99.2274269339423
"5",99.4882669339024,99.4882669339024,99.4882669339024,99.4882669339024,99.4447227443044,99.2704317546253,99.2704317546253,99.4882669339024
"6",99.7665258400797,99.7665258400797,99.7665258400797,99.7665258400797,99.7072002357884,99.5496524788455,99.5496524788455,99.7665258400797
