"","MAPE","MSE","THEIL","BIAS","LOG.LIK","CONF","R2.ADJ","COMMON.TREND"
"Nacional",96.4098509451649,96.4098509451649,96.4098509451649,96.4098509451649,96.4098509451649,96.3441226376593,96.3441226376593,96.3441226376593
