"","MAPE","MSE","THEIL","BIAS","LOG.LIK","CONF","R2.ADJ","COMMON.TREND"
"1",96.4795481017731,96.4795481017731,96.4795481017731,95.7956072049446,95.7956072049446,96.4795481017731,96.4795481017731,95.7956072049446
"2",97.4187304724757,97.4187304724757,97.4187304724757,95.7821070118137,95.7821070118137,97.4187304724757,97.4187304724757,95.7821070118137
"3",98.1614221926298,98.1614221926298,98.1614221926298,95.7110446251018,95.7110446251018,98.1614221926298,98.1614221926298,95.7110446251018
