"","MAPE","MSE","THEIL","BIAS","LOG.LIK","CONF","R2.ADJ","COMMON.TREND"
"1",97.749232005856,97.749232005856,97.749232005856,97.7610180179855,97.7610180179855,97.7555331305655,97.7555331305655,97.749232005856
"2",98.0883970758194,98.0883970758194,98.0883970758194,98.1288037471473,98.1288037471473,98.0073582326586,98.0073582326586,98.0883970758194
"3",98.173158486575,98.173158486575,98.173158486575,98.2286583507879,98.2286583507879,98.0406411997186,98.0406411997186,98.173158486575
