"","MAPE","MSE","THEIL","BIAS","LOG.LIK","CONF","R2.ADJ","COMMON.TREND"
"1",99.8251267046891,99.8251267046891,99.8251267046891,99.8251267046891,99.0622101972676,99.8251267046891,99.8251267046891,99.2790774975286
"2",100.314796632919,100.314796632919,100.314796632919,100.314796632919,99.0934817511081,100.314796632919,100.314796632919,99.6322101509275
"3",100.697754440842,100.697754440842,100.697754440842,100.697754440842,99.3963319055667,100.697754440842,100.697754440842,100.191164258835
