"","MAPE","MSE","THEIL","BIAS","LOG.LIK","CONF","R2.ADJ","COMMON.TREND"
"1",94.2846100055574,94.2846100055574,94.2846100055574,94.2846100055574,94.2928970055254,94.2846100055574,94.2846100055574,94.2928970055254
"2",94.5514518969587,94.5514518969587,94.5514518969587,94.5514518969587,94.5754664503439,94.5514518969587,94.5514518969587,94.5754664503439
"3",94.8273575970859,94.8273575970859,94.8273575970859,94.8273575970859,94.8656117968652,94.8273575970859,94.8273575970859,94.8656117968652
"4",95.0796630226482,95.0796630226482,95.0796630226482,95.0796630226482,95.133982354003,95.0796630226482,95.0796630226482,95.133982354003
"5",95.3031275988581,95.3031275988581,95.3031275988581,95.3031275988581,95.3704936717614,95.3031275988581,95.3031275988581,95.3704936717614
"6",95.5112008165632,95.5112008165632,95.5112008165632,95.5112008165632,95.584491443709,95.5112008165632,95.5112008165632,95.584491443709
