"","MAPE","MSE","THEIL","BIAS","LOG.LIK","CONF","R2.ADJ","COMMON.TREND"
"1",98.6926035907337,98.6926035907337,98.6926035907337,98.6926035907337,98.747787719643,98.7298131780156,98.7298131780156,98.7298131780156
"2",98.694227230736,98.694227230736,98.694227230736,98.694227230736,98.810890590248,98.7507177946912,98.7507177946912,98.7507177946912
"3",98.7125480194423,98.7125480194423,98.7125480194423,98.7125480194423,98.907118735642,98.817850883891,98.817850883891,98.817850883891
"4",98.8261994958797,98.8261994958797,98.8261994958797,98.8261994958797,99.1041732075119,98.9673339324265,98.9673339324265,98.9673339324265
"5",98.9869676496488,98.9869676496488,98.9869676496488,98.9869676496488,99.3526942145128,99.1658046129485,99.1658046129485,99.1658046129485
"6",99.1883079852147,99.1883079852147,99.1883079852147,99.1883079852147,99.6447661275272,99.4020039974741,99.4020039974741,99.4020039974741
