"","MAPE","MSE","THEIL","BIAS","LOG.LIK","CONF","R2.ADJ","COMMON.TREND"
"Sur",101.961229246261,101.961229246261,101.961229246261,101.961229246261,102.044342115779,101.961229246261,101.961229246261,101.961229246261
