"","MAPE","MSE","THEIL","BIAS","LOG.LIK","CONF","R2.ADJ","COMMON.TREND"
"Noreste",95.0457467681359,95.0457467681359,95.0457467681359,95.0457467681359,95.3212094530832,95.0457467681359,95.0457467681359,95.0457467681359
