"","MAPE","MSE","THEIL","BIAS","LOG.LIK","CONF","R2.ADJ","COMMON.TREND"
"1",97.2391337988294,97.2391337988294,97.2391337988294,97.2391337988294,97.1743788867801,97.2088649081831,97.2088649081831,97.2088649081831
"2",97.5275816115193,97.5275816115193,97.5275816115193,97.5275816115193,97.3869471879375,97.4729082178349,97.4729082178349,97.4729082178349
"3",97.8613442901374,97.8613442901374,97.8613442901374,97.8613442901374,97.6288767397144,97.7773991566294,97.7773991566294,97.7773991566294
"4",98.1202640345561,98.1202640345561,98.1202640345561,98.1202640345561,97.7900219392182,98.0207418318484,98.0207418318484,98.0207418318484
"5",98.3745086442876,98.3745086442876,98.3745086442876,98.3745086442876,97.9408839018753,98.2716710629293,98.2716710629293,98.2716710629293
"6",98.5870886731694,98.5870886731694,98.5870886731694,98.5870886731694,98.0498318040357,98.5018326986449,98.5018326986449,98.5018326986449
