"","MAPE","MSE","THEIL","BIAS","LOG.LIK","CONF","R2.ADJ","COMMON.TREND"
"1",103.425500329277,103.425500329277,103.425500329277,103.353517056059,103.425500329277,103.353517056059,103.425500329277,103.353517056059
"2",103.706217103849,103.706217103849,103.706217103849,103.544881134271,103.706217103849,103.544881134271,103.706217103849,103.544881134271
"3",103.955130389001,103.955130389001,103.955130389001,103.642750665511,103.955130389001,103.642750665511,103.955130389001,103.642750665511
"4",104.108402277212,104.108402277212,104.108402277212,103.60706793695,104.108402277212,103.60706793695,104.108402277212,103.60706793695
"5",104.254358870745,104.254358870745,104.254358870745,103.52731867665,104.254358870745,103.52731867665,104.254358870745,103.52731867665
"6",104.4321724055,104.4321724055,104.4321724055,103.463253357901,104.4321724055,103.463253357901,104.4321724055,103.463253357901
