"","MAPE","MSE","THEIL","BIAS","LOG.LIK","CONF","R2.ADJ","COMMON.TREND"
"1",97.1224556585819,96.3878212424752,96.3878212424752,96.3878212424752,97.0734920031637,96.3878212424752,96.3878212424752,97.0734920031637
"2",97.0108669958679,95.0053037051448,95.0053037051448,95.0053037051448,96.8853929127833,95.0053037051448,95.0053037051448,96.8853929127833
"3",96.8981500381714,93.7985569317255,93.7985569317255,93.7985569317255,96.6995597545676,93.7985569317255,93.7985569317255,96.6995597545676
