"","MAPE","MSE","THEIL","BIAS","LOG.LIK","CONF","R2.ADJ","COMMON.TREND"
"1",100.321582164306,100.321582164306,100.321582164306,100.386354247504,100.386354247504,100.321582164306,100.386354247504,100.321582164306
"2",100.672250792614,100.672250792614,100.672250792614,100.81269364767,100.81269364767,100.672250792614,100.81269364767,100.672250792614
"3",101.016078279724,101.016078279724,101.016078279724,101.273437511817,101.273437511817,101.016078279724,101.273437511817,101.016078279724
"4",101.337549894044,101.337549894044,101.337549894044,101.725409471347,101.725409471347,101.337549894044,101.725409471347,101.337549894044
"5",101.646696724758,101.646696724758,101.646696724758,102.17740921115,102.17740921115,101.646696724758,102.17740921115,101.646696724758
"6",101.942502427554,101.942502427554,101.942502427554,102.617988395137,102.617988395137,101.942502427554,102.617988395137,101.942502427554
