"","MAPE","MSE","THEIL","BIAS","LOG.LIK","CONF","R2.ADJ","COMMON.TREND"
"1",102.447344389726,102.447344389726,102.447344389726,102.447344389726,102.59899780159,102.447344389726,102.447344389726,102.447344389726
"2",102.468168924681,102.468168924681,102.468168924681,102.468168924681,103.010180530277,102.468168924681,102.468168924681,102.468168924681
"3",102.457209058533,102.457209058533,102.457209058533,102.457209058533,103.408763315587,102.457209058533,102.457209058533,102.457209058533
"4",102.484664853774,102.484664853774,102.484664853774,102.484664853774,103.756359234672,102.484664853774,102.484664853774,102.484664853774
"5",102.622642236482,102.622642236482,102.622642236482,102.622642236482,104.094009300534,102.622642236482,102.622642236482,102.622642236482
"6",102.855586601795,102.855586601795,102.855586601795,102.855586601795,104.420763813632,102.855586601795,102.855586601795,102.855586601795
