"","MAPE","MSE","THEIL","BIAS","LOG.LIK","CONF","R2.ADJ","COMMON.TREND"
"1",100.321582164308,100.321582164308,100.321582164308,100.321582164308,100.386354247504,100.321582164308,100.321582164308,100.321582164308
"2",100.672250792603,100.672250792603,100.672250792603,100.672250792603,100.81269364767,100.672250792603,100.672250792603,100.672250792603
"3",101.016078279712,101.016078279712,101.016078279712,101.016078279712,101.273437511818,101.016078279712,101.016078279712,101.016078279712
