"","MAPE","MSE","THEIL","BIAS","LOG.LIK","CONF","R2.ADJ","COMMON.TREND"
"1",98.1114711561777,98.1114711561777,98.1114711561777,98.0029005056202,98.0776641603378,98.0029005056202,98.1114711561777,98.0029005056202
"2",98.6231298765463,98.6231298765463,98.6231298765463,98.3663454725447,98.5562446475695,98.3663454725447,98.6231298765463,98.3663454725447
"3",99.0712320514052,99.0712320514052,99.0712320514052,98.6730805654021,98.9762619527593,98.6730805654021,99.0712320514052,98.6730805654021
"4",99.5465233183216,99.5465233183216,99.5465233183216,99.0026287189771,99.4259842413407,99.0026287189771,99.5465233183216,99.0026287189771
"5",100.03980144423,100.03980144423,100.03980144423,99.3404788642159,99.8990685149291,99.3404788642159,100.03980144423,99.3404788642159
"6",100.545362747145,100.545362747145,100.545362747145,99.6825183981154,100.390452875916,99.6825183981154,100.545362747145,99.6825183981154
