"","MAPE","MSE","THEIL","BIAS","LOG.LIK","CONF","R2.ADJ","COMMON.TREND"
"1",94.8001723481414,94.8001723481414,94.8001723481414,94.8001723481414,94.7789073970328,94.8001723481414,94.8001723481414,94.7789073970328
"2",95.0963379789107,95.0963379789107,95.0963379789107,95.0963379789107,94.9920045480894,95.0963379789107,95.0963379789107,94.9920045480894
"3",95.388803435683,95.388803435683,95.388803435683,95.388803435683,95.1200855414054,95.388803435683,95.388803435683,95.1200855414054
"4",95.6290324264298,95.6290324264298,95.6290324264298,95.6290324264298,95.1921704367948,95.6290324264298,95.6290324264298,95.1921704367948
"5",95.8473531381472,95.8473531381472,95.8473531381472,95.8473531381472,95.2301978963334,95.8473531381472,95.8473531381472,95.2301978963334
"6",96.0840717366738,96.0840717366738,96.0840717366738,96.0840717366738,95.2799886671853,96.0840717366738,96.0840717366738,95.2799886671853
