"","MAPE","MSE","THEIL","BIAS","LOG.LIK","CONF","R2.ADJ","COMMON.TREND"
"1",98.6459745066326,98.6459745066326,98.6459745066326,98.6459745066326,98.6459745066326,98.4689326740987,98.4689326740987,98.4689326740987
"2",98.7762495554956,98.7762495554956,98.7762495554956,98.7762495554956,98.7762495554956,98.2915761511033,98.2915761511033,98.2915761511033
"3",98.8404713017826,98.8404713017826,98.8404713017826,98.8404713017826,98.8404713017826,98.0486252928576,98.0486252928576,98.0486252928576
"4",99.0053483477395,99.0053483477395,99.0053483477395,99.0053483477395,99.0053483477395,97.873631572001,97.873631572001,97.873631572001
"5",99.2785277139911,99.2785277139911,99.2785277139911,99.2785277139911,99.2785277139911,97.8395017494956,97.8395017494956,97.8395017494956
"6",99.6201565351315,99.6201565351315,99.6201565351315,99.6201565351315,99.6201565351315,97.9394136456065,97.9394136456065,97.9394136456065
