"","MAPE","MSE","THEIL","BIAS","LOG.LIK","CONF","R2.ADJ","COMMON.TREND"
"Frontera.norte",94.3913367552206,94.3913367552206,94.3913367552206,94.3913367552206,93.9171276491849,94.3913367552206,94.3913367552206,93.9171276491849
