"","MAPE","MSE","THEIL","BIAS","LOG.LIK","CONF","R2.ADJ","COMMON.TREND"
"1",100.86190646104,100.86190646104,100.86190646104,100.86190646104,100.86190646104,100.857282063878,100.857282063878,100.857282063878
"2",101.131056641979,101.131056641979,101.131056641979,101.131056641979,101.131056641979,101.0910750535,101.0910750535,101.0910750535
"3",101.40117645651,101.40117645651,101.40117645651,101.40117645651,101.40117645651,101.289506000699,101.289506000699,101.289506000699
"4",101.700028143722,101.700028143722,101.700028143722,101.700028143722,101.700028143722,101.466028297857,101.466028297857,101.466028297857
"5",102.021869976759,102.021869976759,102.021869976759,102.021869976759,102.021869976759,101.629018868014,101.629018868014,101.629018868014
"6",102.351735667938,102.351735667938,102.351735667938,102.351735667938,102.351735667938,101.781589277379,101.781589277379,101.781589277379
