"","MAPE","MSE","THEIL","BIAS","LOG.LIK","CONF","R2.ADJ","COMMON.TREND"
"1",97.5603305072136,97.5603305072136,97.5603305072136,97.5603305072136,97.9676729714719,99.1767753056003,99.1767753056003,97.5603305072136
"2",96.969838359969,96.969838359969,96.969838359969,96.969838359969,97.8405688448239,99.9268945877293,99.9268945877293,96.969838359969
"3",96.7548085405689,96.7548085405689,96.7548085405689,96.7548085405689,98.0359087669942,100.297594070802,100.297594070802,96.7548085405689
