"","MAPE","MSE","THEIL","BIAS","LOG.LIK","CONF","R2.ADJ","COMMON.TREND"
"1",94.8233680729078,94.8233680729078,94.8233680729078,94.8233680729078,94.8099401088475,94.8233680729078,94.8233680729078,94.8099401088475
"2",95.163934726285,95.163934726285,95.163934726285,95.163934726285,95.1539413813022,95.163934726285,95.163934726285,95.1539413813022
"3",95.4857775862129,95.4857775862129,95.4857775862129,95.4857775862129,95.4695705811427,95.4857775862129,95.4857775862129,95.4695705811427
