"","MAPE","MSE","THEIL","BIAS","LOG.LIK","CONF","R2.ADJ","COMMON.TREND"
"1",99.6571939277305,99.6571939277305,99.6571939277305,99.6582765014024,99.6582765014024,99.6571939277305,99.6571939277305,99.6571939277305
"2",99.8797114849176,99.8797114849176,99.8797114849176,99.9110944593179,99.9110944593179,99.8797114849176,99.8797114849176,99.8797114849176
"3",100.092714096544,100.092714096544,100.092714096544,100.185157212224,100.185157212224,100.092714096544,100.092714096544,100.092714096544
