"","MAPE","MSE","THEIL","BIAS","LOG.LIK","CONF","R2.ADJ","COMMON.TREND"
"1",95.284781921616,95.284781921616,95.284781921616,95.284781921616,95.3076590066634,95.284781921616,95.284781921616,95.284781921616
"2",95.6896132319198,95.6896132319198,95.6896132319198,95.6896132319198,95.7303391178067,95.6896132319198,95.6896132319198,95.6896132319198
"3",96.0926664332903,96.0926664332903,96.0926664332903,96.0926664332903,96.1524302808724,96.0926664332903,96.0926664332903,96.0926664332903
"4",96.4867402316687,96.4867402316687,96.4867402316687,96.4867402316687,96.5465203299068,96.4867402316687,96.4867402316687,96.4867402316687
"5",96.8703106048539,96.8703106048539,96.8703106048539,96.8703106048539,96.9027558843662,96.8703106048539,96.8703106048539,96.8703106048539
"6",97.2455564977873,97.2455564977873,97.2455564977873,97.2455564977873,97.2236353199445,97.2455564977873,97.2455564977873,97.2455564977873
