"","MAPE","MSE","THEIL","BIAS","LOG.LIK","CONF","R2.ADJ","COMMON.TREND"
"Noreste",96.3844852566363,96.3844852566363,96.3844852566363,96.3844852566363,96.3844852566363,96.4646388554937,96.4646388554937,96.3844852566363
