"","MAPE","MSE","THEIL","BIAS","LOG.LIK","CONF","R2.ADJ","COMMON.TREND"
"1",99.9069653145034,99.9069653145034,99.9069653145034,99.9069653145034,99.8476831461853,99.7793680245384,99.7793680245384,99.7793680245384
"2",100.307646772489,100.307646772489,100.307646772489,100.307646772489,100.188689216748,99.9350261091401,99.9350261091401,99.9350261091401
"3",100.725492666465,100.725492666465,100.725492666465,100.725492666465,100.546761397459,100.049103917597,100.049103917597,100.049103917597
