"","MAPE","MSE","THEIL","BIAS","LOG.LIK","CONF","R2.ADJ","COMMON.TREND"
"Frontera.norte",102.743125132946,102.743125132946,102.743125132946,102.743125132946,102.881738541858,102.743125132946,102.743125132946,102.743125132946
