"","MAPE","MSE","THEIL","BIAS","LOG.LIK","CONF","R2.ADJ","COMMON.TREND"
"1",94.2846100055573,94.2846100055573,94.2846100055573,94.2846100055573,94.2928970055254,94.2846100055573,94.2846100055573,94.2928970055254
"2",94.5514518969582,94.5514518969582,94.5514518969582,94.5514518969582,94.5754664503438,94.5514518969582,94.5514518969582,94.5754664503438
"3",94.8273575971016,94.8273575971016,94.8273575971016,94.8273575971016,94.8656117968638,94.8273575971016,94.8273575971016,94.8656117968638
"4",95.079663022655,95.079663022655,95.079663022655,95.079663022655,95.1339823539993,95.079663022655,95.079663022655,95.1339823539993
"5",95.3031275989068,95.3031275989068,95.3031275989068,95.3031275989068,95.3704936717599,95.3031275989068,95.3031275989068,95.3704936717599
"6",95.5112008166618,95.5112008166618,95.5112008166618,95.5112008166618,95.5844914437043,95.5112008166618,95.5112008166618,95.5844914437043
