"","MAPE","MSE","THEIL","BIAS","LOG.LIK","CONF","R2.ADJ","COMMON.TREND"
"1",94.8844823551874,94.8844823551874,94.8844823551874,94.8844823551874,94.8585940877499,94.6471509383597,94.6471509383597,94.6471509383597
"2",95.1599057238882,95.1599057238882,95.1599057238882,95.1599057238882,95.0867094651903,94.3901172586121,94.3901172586121,94.3901172586121
"3",95.3927588858607,95.3927588858607,95.3927588858607,95.3927588858607,95.2537801651137,94.0652225644408,94.0652225644408,94.0652225644408
"4",95.7018150598322,95.7018150598322,95.7018150598322,95.7018150598322,95.483274084458,93.8875673917245,93.8875673917245,93.8875673917245
"5",95.9979810118723,95.9979810118723,95.9979810118723,95.9979810118723,95.7014777900015,93.8142299001573,93.8142299001573,93.8142299001573
"6",96.2516937228868,96.2516937228868,96.2516937228868,96.2516937228868,95.8927526628182,93.8368064403575,93.8368064403575,93.8368064403575
