"","MAPE","MSE","THEIL","BIAS","LOG.LIK","CONF","R2.ADJ","COMMON.TREND"
"1",96.485830515603,96.485830515603,96.485830515603,96.485830515603,96.490618650728,96.485830515603,96.485830515603,96.485830515603
"2",96.8403701100517,96.8403701100517,96.8403701100517,96.8403701100517,96.8634655415009,96.8403701100517,96.8403701100517,96.8403701100517
"3",97.1477190347574,97.1477190347574,97.1477190347574,97.1477190347574,97.1846572672426,97.1477190347574,97.1477190347574,97.1477190347574
"4",97.4524053041501,97.4524053041501,97.4524053041501,97.4524053041501,97.5095653062081,97.4524053041501,97.4524053041501,97.4524053041501
"5",97.7457909146522,97.7457909146522,97.7457909146522,97.7457909146522,97.8229503504843,97.7457909146522,97.7457909146522,97.7457909146522
"6",98.0338739077399,98.0338739077399,98.0338739077399,98.0338739077399,98.1305901727793,98.0338739077399,98.0338739077399,98.0338739077399
