"","MAPE","MSE","THEIL","BIAS","LOG.LIK","CONF","R2.ADJ","COMMON.TREND"
"1",94.8723193718436,94.8723193718436,94.8723193718436,94.8723193718436,94.8734966722582,94.8723193718436,94.8723193718436,94.8734966722582
"2",95.1123529436889,95.1123529436889,95.1123529436889,95.1123529436889,95.0981172439538,95.1123529436889,95.1123529436889,95.0981172439538
"3",95.3419771766192,95.3419771766192,95.3419771766192,95.3419771766192,95.3240897748803,95.3419771766192,95.3419771766192,95.3240897748803
