"","MAPE","MSE","THEIL","BIAS","LOG.LIK","CONF","R2.ADJ","COMMON.TREND"
"1",98.5728205378084,98.5728205378084,98.5728205378084,98.5728205378084,98.6260422928879,98.3490804601276,98.3490804601276,98.3490804601276
"2",98.7744550627153,98.7744550627153,98.7744550627153,98.7744550627153,98.9042392717278,98.3012202451468,98.3012202451468,98.3012202451468
"3",98.5689210858495,98.5689210858495,98.5689210858495,98.5689210858495,98.78546292928,97.8551383464023,97.8551383464023,97.8551383464023
