"","MAPE","MSE","THEIL","BIAS","LOG.LIK","CONF","R2.ADJ","COMMON.TREND"
"Noroeste",97.2076555569805,97.2076555569805,97.2076555569805,97.2076555569805,95.881528201263,97.2076555569805,97.2076555569805,95.881528201263
