"","MAPE","MSE","THEIL","BIAS","LOG.LIK","CONF","R2.ADJ","COMMON.TREND"
"1",101.199941360374,101.199941360374,101.199941360374,101.199941360374,101.296798456224,101.199941360374,101.199941360374,101.199941360374
"2",101.486786547962,101.486786547962,101.486786547962,101.486786547962,101.725543809382,101.486786547962,101.486786547962,101.486786547962
"3",101.748701405988,101.748701405988,101.748701405988,101.748701405988,102.192012518094,101.748701405988,101.748701405988,101.748701405988
"4",101.978695473986,101.978695473986,101.978695473986,101.978695473986,102.668481991841,101.978695473986,101.978695473986,101.978695473986
"5",102.183194120751,102.183194120751,102.183194120751,102.183194120751,103.137395796389,102.183194120751,102.183194120751,102.183194120751
"6",102.373950116962,102.373950116962,102.373950116962,102.373950116962,103.589883482738,102.373950116962,102.373950116962,102.373950116962
