"","MAPE","MSE","THEIL","BIAS","LOG.LIK","CONF","R2.ADJ","COMMON.TREND"
"1",99.2079573603215,99.2079573603215,99.2079573603215,99.835100164981,99.835100164981,99.2079573603215,99.2079573603215,99.835100164981
"2",100.180270726166,100.180270726166,100.180270726166,101.098179703672,101.098179703672,100.180270726166,100.180270726166,101.098179703672
"3",100.659699760089,100.659699760089,100.659699760089,101.942928730652,101.942928730652,100.659699760089,100.659699760089,101.942928730652
"4",100.953376252121,100.953376252121,100.953376252121,102.673956162602,102.673956162602,100.953376252121,100.953376252121,102.673956162602
"5",101.113303339255,101.113303339255,101.113303339255,103.279757465967,103.279757465967,101.113303339255,101.113303339255,103.279757465967
"6",101.244043388709,101.244043388709,101.244043388709,103.797117920788,103.797117920788,101.244043388709,101.244043388709,103.797117920788
