"","MAPE","MSE","THEIL","BIAS","LOG.LIK","CONF","R2.ADJ","COMMON.TREND"
"Frontera.norte",101.133960755382,101.133960755382,101.133960755382,101.133960755382,101.237245875304,101.133960755382,101.133960755382,101.133960755382
