"","MAPE","MSE","THEIL","BIAS","LOG.LIK","CONF","R2.ADJ","COMMON.TREND"
"1",95.530420923845,95.530420923845,95.530420923845,95.530420923845,95.5590235977794,95.530420923845,95.530420923845,95.530420923845
"2",95.9326049628182,95.9326049628182,95.9326049628182,95.9326049628182,95.9809956979489,95.9326049628182,95.9326049628182,95.9326049628182
"3",96.3225080200659,96.3225080200659,96.3225080200659,96.3225080200659,96.4098962239761,96.3225080200659,96.3225080200659,96.3225080200659
"4",96.7001645993327,96.7001645993327,96.7001645993327,96.7001645993327,96.8390316441187,96.7001645993327,96.7001645993327,96.7001645993327
"5",97.0677053959252,97.0677053959252,97.0677053959252,97.0677053959252,97.270342607092,97.0677053959252,97.0677053959252,97.0677053959252
"6",97.4261832406515,97.4261832406515,97.4261832406515,97.4261832406515,97.7023003640504,97.4261832406515,97.4261832406515,97.4261832406515
