"","MAPE","MSE","THEIL","BIAS","LOG.LIK","CONF","R2.ADJ","COMMON.TREND"
"1",103.140329388893,103.135861303237,103.135861303237,103.140329388893,103.135861303237,103.146350679153,103.146350679153,103.140329388893
"2",103.495772191323,103.49027785631,103.49027785631,103.495772191323,103.49027785631,103.512176503055,103.512176503055,103.495772191323
"3",103.80845712212,103.816842568055,103.816842568055,103.80845712212,103.816842568055,103.848974308742,103.848974308742,103.80845712212
"4",104.103432445433,104.141768350604,104.141768350604,104.103432445433,104.141768350604,104.182816305045,104.182816305045,104.103432445433
"5",104.402987296279,104.486520588651,104.486520588651,104.402987296279,104.486520588651,104.535268483986,104.535268483986,104.402987296279
"6",104.708667660529,104.848865658384,104.848865658384,104.708667660529,104.848865658384,104.904075419922,104.904075419922,104.708667660529
