"","MAPE","MSE","THEIL","BIAS","LOG.LIK","CONF","R2.ADJ","COMMON.TREND"
"Nacional",98.4351444878175,98.4351444878175,98.4351444878175,98.2290476189331,98.4351444878175,98.2290476189331,98.2290476189331,98.2290476189331
