"","MAPE","MSE","THEIL","BIAS","LOG.LIK","CONF","R2.ADJ","COMMON.TREND"
"1",99.8582847802929,99.8582847802929,99.8582847802929,99.8582847802929,99.8859671768772,99.7459649171372,99.7459649171372,99.7459649171372
"2",99.969734236993,99.969734236993,99.969734236993,99.969734236993,99.994862202754,99.6784596039373,99.6784596039373,99.6784596039373
"3",100.100938028375,100.100938028375,100.100938028375,100.100938028375,100.143660812779,99.6430240558514,99.6430240558514,99.6430240558514
