"","MAPE","MSE","THEIL","BIAS","LOG.LIK","CONF","R2.ADJ","COMMON.TREND"
"1",101.199941360374,101.199941360374,101.199941360374,101.199941360374,101.296798456224,101.199941360374,101.199941360374,101.199941360374
"2",101.486786547963,101.486786547963,101.486786547963,101.486786547963,101.725543809382,101.486786547963,101.486786547963,101.486786547963
"3",101.748701406003,101.748701406003,101.748701406003,101.748701406003,102.192012518094,101.748701406003,101.748701406003,101.748701406003
