"","MAPE","MSE","THEIL","BIAS","LOG.LIK","CONF","R2.ADJ","COMMON.TREND"
"1",101.307233340691,101.307233340691,101.307233340691,101.307233340691,101.330449567392,101.330449567392,101.330449567392,101.307233340691
"2",101.601120500456,101.601120500456,101.601120500456,101.601120500456,101.65509940228,101.65509940228,101.65509940228,101.601120500456
"3",101.907568482183,101.907568482183,101.907568482183,101.907568482183,102.018503489374,102.018503489374,102.018503489374,101.907568482183
