"","MAPE","MSE","THEIL","BIAS","LOG.LIK","CONF","R2.ADJ","COMMON.TREND"
"1",99.2182975762767,99.2182975762767,99.2182975762767,99.2182975762767,99.3573683249332,98.9625868017578,98.9625868017578,98.9625868017578
"2",99.1402659274414,99.1402659274414,99.1402659274414,99.1402659274414,99.435161329595,98.7024576039241,98.7024576039241,98.7024576039241
"3",99.2281098467168,99.2281098467168,99.2281098467168,99.2281098467168,99.7158516355052,98.518935368984,98.518935368984,98.518935368984
"4",99.4110192414078,99.4110192414078,99.4110192414078,99.4110192414078,100.085642474863,98.4103816341068,98.4103816341068,98.4103816341068
"5",99.6543872418626,99.6543872418626,99.6543872418626,99.6543872418626,100.521846062286,98.3665581749404,98.3665581749404,98.3665581749404
"6",99.9091147845287,99.9091147845287,99.9091147845287,99.9091147845287,100.968744051188,98.3882274669349,98.3882274669349,98.3882274669349
