"","MAPE","MSE","THEIL","BIAS","LOG.LIK","CONF","R2.ADJ","COMMON.TREND"
"1",103.099521805579,103.099521805579,103.099521805579,102.895507382382,103.099521805579,102.895507382382,102.895507382382,102.895507382382
"2",103.390921719196,103.390921719196,103.390921719196,102.907139776549,103.390921719196,102.907139776549,102.907139776549,102.907139776549
"3",103.513966703695,103.513966703695,103.513966703695,102.77503385539,103.513966703695,102.77503385539,102.77503385539,102.77503385539
