"","MAPE","MSE","THEIL","BIAS","LOG.LIK","CONF","R2.ADJ","COMMON.TREND"
"Noreste",98.2491618221911,98.2037722295409,98.2491618221911,98.2037722295409,98.2491618221911,98.0642255918039,98.0642255918039,98.0642255918039
