"","MAPE","MSE","THEIL","BIAS","LOG.LIK","CONF","R2.ADJ","COMMON.TREND"
"1",101.500358098189,101.500358098189,101.500358098189,101.500358098189,101.53039804286,101.500358098189,101.500358098189,101.500358098189
"2",101.844170355153,101.844170355153,101.844170355153,101.844170355153,101.923100125296,101.844170355153,101.844170355153,101.844170355153
"3",102.17489863971,102.17489863971,102.17489863971,102.17489863971,102.325207786391,102.17489863971,102.17489863971,102.17489863971
