"","MAPE","MSE","THEIL","BIAS","LOG.LIK","CONF","R2.ADJ","COMMON.TREND"
"1",98.390366140841,98.390366140841,98.390366140841,98.3044385946573,98.3768356758037,98.3044385946573,98.3044385946573,98.3044385946573
"2",98.7283651237619,98.7283651237619,98.7283651237619,98.5507978535554,98.6973795673122,98.5507978535554,98.5507978535554,98.5507978535554
"3",99.1358989696111,99.1358989696111,99.1358989696111,98.8368050808491,99.0873407457551,98.8368050808491,98.8368050808491,98.8368050808491
