"","MAPE","MSE","THEIL","BIAS","LOG.LIK","CONF","R2.ADJ","COMMON.TREND"
"1",103.373883608368,103.373883608368,103.373883608368,103.189376496762,103.287791935309,103.189376496762,103.189376496762,103.189376496762
"2",103.601676905435,103.601676905435,103.601676905435,103.12865405958,103.412570739156,103.12865405958,103.12865405958,103.12865405958
"3",103.905115242256,103.905115242256,103.905115242256,103.128221458272,103.592698902701,103.128221458272,103.128221458272,103.128221458272
