"","MAPE","MSE","THEIL","BIAS","LOG.LIK","CONF","R2.ADJ","COMMON.TREND"
"1",98.772751010371,98.772751010371,98.772751010371,98.772751010371,98.7365755633998,98.7051578714178,98.772751010371,98.7051578714178
"2",99.1935822933854,99.1935822933854,99.1935822933854,99.1935822933854,99.10620016971,99.0410504986293,99.1935822933854,99.0410504986293
"3",99.6546208588198,99.6546208588198,99.6546208588198,99.6546208588198,99.5210841011444,99.3944994003456,99.6546208588198,99.3944994003456
"4",100.119705968473,100.119705968473,100.119705968473,100.119705968473,99.9488945398688,99.7411377860095,100.119705968473,99.7411377860095
"5",100.584212507242,100.584212507242,100.584212507242,100.584212507242,100.387857470878,100.081090508341,100.584212507242,100.081090508341
"6",101.041791945281,101.041791945281,101.041791945281,101.041791945281,100.831601634207,100.413398711154,101.041791945281,100.413398711154
