"","MAPE","MSE","THEIL","BIAS","LOG.LIK","CONF","R2.ADJ","COMMON.TREND"
"Sur",99.7441851049045,99.7441851049045,99.7441851049045,99.8515474441259,99.8515474441259,99.6554941559458,99.6554941559458,99.6554941559458
