"","MAPE","MSE","THEIL","BIAS","LOG.LIK","CONF","R2.ADJ","COMMON.TREND"
"1",94.8844823551872,94.8844823551872,94.8844823551872,94.8844823551872,94.8585940877499,94.6471509384184,94.6471509384184,94.6471509384184
"2",95.1599057238888,95.1599057238888,95.1599057238888,95.1599057238888,95.0867094651903,94.3901172586543,94.3901172586543,94.3901172586543
"3",95.3927588858642,95.3927588858642,95.3927588858642,95.3927588858642,95.2537801651138,94.0652225644992,94.0652225644992,94.0652225644992
