"","MAPE","MSE","THEIL","BIAS","LOG.LIK","CONF","R2.ADJ","COMMON.TREND"
"1",99.804724000619,99.804724000619,99.804724000619,99.804724000619,100.117940846212,99.804724000619,99.804724000619,99.804724000619
"2",100.248467918203,100.248467918203,100.248467918203,100.248467918203,100.799830062955,100.248467918203,100.248467918203,100.248467918203
"3",100.558756217029,100.558756217029,100.558756217029,100.558756217029,101.416085568643,100.558756217029,100.558756217029,100.558756217029
"4",100.797758109856,100.797758109856,100.797758109856,100.797758109856,101.978618763638,100.797758109856,100.797758109856,100.797758109856
"5",100.998542205973,100.998542205973,100.998542205973,100.998542205973,102.472207211025,100.998542205973,100.998542205973,100.998542205973
"6",101.191537831309,101.191537831309,101.191537831309,101.191537831309,102.905988265992,101.191537831309,101.191537831309,101.191537831309
