"","MAPE","MSE","THEIL","BIAS","LOG.LIK","CONF","R2.ADJ","COMMON.TREND"
"1",97.2156615753484,97.2156615753484,97.2156615753484,97.2156615753484,97.0982022931674,97.2561905915265,97.2561905915265,97.0982022931674
"2",97.5653151315854,97.5653151315854,97.5653151315854,97.5653151315854,97.3298244274966,97.6613820942377,97.6613820942377,97.3298244274966
"3",97.7860701960271,97.7860701960271,97.7860701960271,97.7860701960271,97.3995161898795,97.9260115429929,97.9260115429929,97.3995161898795
