"","MAPE","MSE","THEIL","BIAS","LOG.LIK","CONF","R2.ADJ","COMMON.TREND"
"Noreste",95.7521455068213,95.7521455068213,95.7521455068213,95.7521455068213,95.7087900483704,95.669968815134,95.669968815134,95.669968815134
