"","MAPE","MSE","THEIL","BIAS","LOG.LIK","CONF","R2.ADJ","COMMON.TREND"
"1",94.3913367552537,94.3913367552537,94.3913367552537,94.0468861737487,93.9171276491849,94.3913367552537,94.3913367552537,93.9171276491849
"2",94.8238458807268,94.8238458807268,94.8238458807268,93.7024437314052,93.4027866563109,94.8238458807268,94.8238458807268,93.4027866563109
"3",95.4828456724665,95.4828456724665,95.4828456724665,93.5743793738622,93.0892875318272,95.4828456724665,95.4828456724665,93.0892875318272
"4",96.1549192170715,96.1549192170715,96.1549192170715,93.5841127949531,92.9219530072638,96.1549192170715,96.1549192170715,92.9219530072638
"5",96.70940118804,96.70940118804,96.70940118804,93.6334911409264,92.8129890108378,96.70940118804,96.70940118804,92.8129890108378
"6",97.1021934173827,97.1021934173827,97.1021934173827,93.6625650418583,92.7011144994896,97.1021934173827,97.1021934173827,92.7011144994896
