"","MAPE","MSE","THEIL","BIAS","LOG.LIK","CONF","R2.ADJ","COMMON.TREND"
"Noroeste",102.095565529555,102.095565529555,102.095565529555,102.095565529555,102.809985245854,102.095565529555,102.095565529555,102.095565529555
