"","MAPE","MSE","THEIL","BIAS","LOG.LIK","CONF","R2.ADJ","COMMON.TREND"
"Noroeste",99.2079573603215,99.2079573603215,99.2079573603215,99.835100164981,99.835100164981,99.2079573603215,99.2079573603215,99.835100164981
