"","MAPE","MSE","THEIL","BIAS","LOG.LIK","CONF","R2.ADJ","COMMON.TREND"
"1",102.346176383516,102.203805147959,102.203805147959,102.203805147959,102.346176383516,102.203805147959,102.203805147959,102.346176383516
"2",102.543614278911,101.618568463398,101.618568463398,101.618568463398,102.543614278911,101.618568463398,101.618568463398,102.543614278911
"3",102.867308794751,101.02974172204,101.02974172204,101.02974172204,102.867308794751,101.02974172204,101.02974172204,102.867308794751
