"","MAPE","MSE","THEIL","BIAS","LOG.LIK","CONF","R2.ADJ","COMMON.TREND"
"1",94.89386076112,94.89386076112,94.89386076112,94.810047710498,94.7192036754159,94.89386076112,94.89386076112,94.7192036754159
"2",95.183551868628,95.183551868628,95.183551868628,95.0045539796021,94.8417160752197,95.183551868628,95.183551868628,94.8417160752197
"3",95.4102328851564,95.4102328851564,95.4102328851564,95.1117696293731,94.8465988307792,95.4102328851564,95.4102328851564,94.8465988307792
