"","MAPE","MSE","THEIL","BIAS","LOG.LIK","CONF","R2.ADJ","COMMON.TREND"
"1",99.0386767680401,99.0386767680401,99.0386767680401,99.0386767680401,99.0386767680401,98.996142012069,98.996142012069,98.996142012069
"2",99.2118635698805,99.2118635698805,99.2118635698805,99.2118635698805,99.2118635698805,99.0730857477674,99.0730857477674,99.0730857477674
"3",99.4884454639209,99.4884454639209,99.4884454639209,99.4884454639209,99.4884454639209,99.2398532467583,99.2398532467583,99.2398532467583
"4",99.8425992616991,99.8425992616991,99.8425992616991,99.8425992616991,99.8425992616991,99.4714718258899,99.4714718258899,99.4714718258899
"5",100.246151788311,100.246151788311,100.246151788311,100.246151788311,100.246151788311,99.7476266749981,99.7476266749981,99.7476266749981
"6",100.677858997103,100.677858997103,100.677858997103,100.677858997103,100.677858997103,100.048663291077,100.048663291077,100.048663291077
