"","MAPE","MSE","THEIL","BIAS","LOG.LIK","CONF","R2.ADJ","COMMON.TREND"
"1",101.133960755351,101.133960755351,101.133960755351,101.133960755351,101.237245875302,101.133960755351,101.133960755351,101.133960755351
"2",101.504577104457,101.504577104457,101.504577104457,101.504577104457,101.632906404949,101.504577104457,101.504577104457,101.504577104457
"3",101.730370695795,101.730370695795,101.730370695795,101.730370695795,102.052718719008,101.730370695795,101.730370695795,101.730370695795
"4",101.80089860435,101.80089860435,101.80089860435,101.80089860435,102.449773407114,101.80089860435,101.80089860435,101.80089860435
"5",101.795908944001,101.795908944001,101.795908944001,101.795908944001,102.801197244479,101.795908944001,101.795908944001,101.795908944001
"6",101.807234945078,101.807234945078,101.807234945078,101.807234945078,103.108541449421,101.807234945078,101.807234945078,101.807234945078
