"","MAPE","MSE","THEIL","BIAS","LOG.LIK","CONF","R2.ADJ","COMMON.TREND"
"1",98.4129066426384,98.4129066426384,98.4129066426384,98.9426473972134,98.6624330010649,98.4129066426384,98.4129066426384,98.9426473972134
"2",98.8870765758035,98.8870765758035,98.8870765758035,99.3215314725534,98.7162845671568,98.8870765758035,98.8870765758035,99.3215314725534
"3",98.8876442634132,98.8876442634132,98.8876442634132,99.333997601052,98.4004777332631,98.8876442634132,98.8876442634132,99.333997601052
