"","MAPE","MSE","THEIL","BIAS","LOG.LIK","CONF","R2.ADJ","COMMON.TREND"
"Noroeste",98.4129066426384,98.4129066426384,98.4129066426384,98.9426473972134,98.6624330010649,98.4129066426384,98.4129066426384,98.9426473972134
