"","MAPE","MSE","THEIL","BIAS","LOG.LIK","CONF","R2.ADJ","COMMON.TREND"
"Mexico",101.500358098189,101.500358098189,101.500358098189,101.500358098189,101.53039804286,101.500358098189,101.500358098189,101.500358098189
