"","MAPE","MSE","THEIL","BIAS","LOG.LIK","CONF","R2.ADJ","COMMON.TREND"
"Frontera.norte",101.273384829827,101.273384829827,101.273384829827,101.273384829827,101.601678310288,101.273384829827,101.273384829827,101.273384829827
