"","MAPE","MSE","THEIL","BIAS","LOG.LIK","CONF","R2.ADJ","COMMON.TREND"
"1",98.911617389074,98.911617389074,98.911617389074,98.911617389074,98.9006758564739,98.8837765561627,98.911617389074,98.8837765561627
"2",99.1659712645342,99.1659712645342,99.1659712645342,99.1659712645342,99.1367208884905,99.1003275810614,99.1659712645342,99.1003275810614
"3",99.4813499341631,99.4813499341631,99.4813499341631,99.4813499341631,99.438458699213,99.361146428857,99.4813499341631,99.361146428857
"4",99.8167074911499,99.8167074911499,99.8167074911499,99.8167074911499,99.7660886745373,99.634442749447,99.8167074911499,99.634442749447
"5",100.16010268849,100.16010268849,100.16010268849,100.16010268849,100.110379879756,99.9117580282642,100.16010268849,99.9117580282642
"6",100.503368231314,100.503368231314,100.503368231314,100.503368231314,100.463067354396,100.189218261385,100.503368231314,100.189218261385
