"","MAPE","MSE","THEIL","BIAS","LOG.LIK","CONF","R2.ADJ","COMMON.TREND"
"Sur",96.8312497957445,96.8312497957445,96.8312497957445,96.8004943370531,96.8004943370531,96.8004943370531,96.8004943370531,96.8004943370531
