"","MAPE","MSE","THEIL","BIAS","LOG.LIK","CONF","R2.ADJ","COMMON.TREND"
"1",94.3913367552206,94.3913367552206,94.3913367552206,94.3913367552206,93.9171276491849,94.3913367552206,94.3913367552206,93.9171276491849
"2",94.8238458806619,94.8238458806619,94.8238458806619,94.8238458806619,93.4027866563097,94.8238458806619,94.8238458806619,93.4027866563097
"3",95.4828456723891,95.4828456723891,95.4828456723891,95.4828456723891,93.0892875318249,95.4828456723891,95.4828456723891,93.0892875318249
