"","MAPE","MSE","THEIL","BIAS","LOG.LIK","CONF","R2.ADJ","COMMON.TREND"
"1",95.8392318030174,95.8392318030174,95.8392318030174,95.8619911590926,95.8392318030174,95.8619911590926,95.8619911590926,95.8392318030174
"2",96.2091615192499,96.2091615192499,96.2091615192499,96.2631932440028,96.2091615192499,96.2631932440028,96.2631932440028,96.2091615192499
"3",96.5413273526345,96.5413273526345,96.5413273526345,96.6271535132249,96.5413273526345,96.6271535132249,96.6271535132249,96.5413273526345
