"","MAPE","MSE","THEIL","BIAS","LOG.LIK","CONF","R2.ADJ","COMMON.TREND"
"Noroeste",95.4589650776796,95.4589650776796,95.4589650776796,95.4589650776796,94.7527548446762,95.4589650776796,95.4589650776796,94.7527548446762
