"","MAPE","MSE","THEIL","BIAS","LOG.LIK","CONF","R2.ADJ","COMMON.TREND"
"1",94.9341416126389,94.9341416126389,94.9341416126389,94.9341416126389,95.0822793616419,94.9341416126389,94.9341416126389,94.9341416126389
"2",95.0601104742841,95.0601104742841,95.0601104742841,95.0601104742841,95.4337845207965,95.0601104742841,95.0601104742841,95.0601104742841
"3",95.1299493888956,95.1299493888956,95.1299493888956,95.1299493888956,95.7216358428801,95.1299493888956,95.1299493888956,95.1299493888956
