"","MAPE","MSE","THEIL","BIAS","LOG.LIK","CONF","R2.ADJ","COMMON.TREND"
"Centro.sur",95.8635282372352,95.8635282372352,95.8635282372352,95.8635282372352,95.8902421625512,95.8635282372352,95.8635282372352,95.8902421625512
