"","MAPE","MSE","THEIL","BIAS","LOG.LIK","CONF","R2.ADJ","COMMON.TREND"
"1",99.8984661685023,99.8984661685023,99.8984661685023,99.8984661685023,100.851491887422,99.8984661685023,99.8984661685023,99.8984661685023
"2",99.3822218787383,99.3822218787383,99.3822218787383,99.3822218787383,101.232358811781,99.3822218787383,99.3822218787383,99.3822218787383
"3",99.2093994934914,99.2093994934914,99.2093994934914,99.2093994934914,101.645346531303,99.2093994934914,99.2093994934914,99.2093994934914
"4",99.3318223324621,99.3318223324621,99.3318223324621,99.3318223324621,102.043460454834,99.3318223324621,99.3318223324621,99.3318223324621
"5",99.6399369538433,99.6399369538433,99.6399369538433,99.6399369538433,102.397049992423,99.6399369538433,99.6399369538433,99.6399369538433
"6",100.02086584465,100.02086584465,100.02086584465,100.02086584465,102.712278167937,100.02086584465,100.02086584465,100.02086584465
