"","MAPE","MSE","THEIL","BIAS","LOG.LIK","CONF","R2.ADJ","COMMON.TREND"
"1",100.9202847575,100.9202847575,100.9202847575,100.9202847575,100.993371628671,100.9202847575,100.9202847575,100.9202847575
"2",101.226517254819,101.226517254819,101.226517254819,101.226517254819,101.458571311302,101.226517254819,101.226517254819,101.226517254819
"3",101.455677064634,101.455677064634,101.455677064634,101.455677064634,101.913013140561,101.455677064634,101.455677064634,101.455677064634
"4",101.639739553817,101.639739553817,101.639739553817,101.639739553817,102.358984793869,101.639739553817,101.639739553817,101.639739553817
"5",101.806120274675,101.806120274675,101.806120274675,101.806120274675,102.795117953997,101.806120274675,101.806120274675,101.806120274675
"6",101.973599887195,101.973599887195,101.973599887195,101.973599887195,103.220682783603,101.973599887195,101.973599887195,101.973599887195
