"","MAPE","MSE","THEIL","BIAS","LOG.LIK","CONF","R2.ADJ","COMMON.TREND"
"1",98.8163409910197,98.8163409910197,98.8163409910197,98.3183359564377,98.3183359564377,98.8163409910197,98.8163409910197,98.8163409910197
"2",99.3238647851111,99.3238647851111,99.3238647851111,98.5297895703132,98.5297895703132,99.3238647851111,99.3238647851111,99.3238647851111
"3",99.4866298924433,99.4866298924433,99.4866298924433,98.6678827501887,98.6678827501887,99.4866298924433,99.4866298924433,99.4866298924433
"4",99.4778476344759,99.4778476344759,99.4778476344759,98.7018395060732,98.7018395060732,99.4778476344759,99.4778476344759,99.4778476344759
"5",99.4923932957484,99.4923932957484,99.4923932957484,98.732843711571,98.732843711571,99.4923932957484,99.4923932957484,99.4923932957484
"6",99.5859683377729,99.5859683377729,99.5859683377729,98.7545827003656,98.7545827003656,99.5859683377729,99.5859683377729,99.5859683377729
