"","MAPE","MSE","THEIL","BIAS","LOG.LIK","CONF","R2.ADJ","COMMON.TREND"
"Noreste",97.9020397727011,97.9020397727011,97.9020397727011,97.896238110129,97.8774057768768,97.896238110129,97.896238110129,97.896238110129
