"","MAPE","MSE","THEIL","BIAS","LOG.LIK","CONF","R2.ADJ","COMMON.TREND"
"1",94.8501976823379,94.8501976823379,94.8501976823379,95.0893498537322,95.0206017119951,94.8501976823379,94.8501976823379,95.0206017119951
"2",94.6090259807445,94.6090259807445,94.6090259807445,95.0292248792651,94.8794682261675,94.6090259807445,94.6090259807445,94.8794682261675
"3",94.6412570241029,94.6412570241029,94.6412570241029,95.2077781053914,94.9561001314461,94.6412570241029,94.6412570241029,94.9561001314461
