"","MAPE","MSE","THEIL","BIAS","LOG.LIK","CONF","R2.ADJ","COMMON.TREND"
"Centro.norte",103.50419835815,103.50419835815,103.50419835815,103.481725062774,103.50419835815,103.479830183623,103.479830183623,103.479830183623
