"","MAPE","MSE","THEIL","BIAS","LOG.LIK","CONF","R2.ADJ","COMMON.TREND"
"1",95.4589650776796,95.4589650776796,95.4589650776796,95.4589650776796,94.7527548446762,95.4589650776796,95.4589650776796,94.7527548446762
"2",96.5599021660564,96.5599021660564,96.5599021660564,96.5599021660564,94.4760739298515,96.5599021660564,96.5599021660564,94.4760739298515
"3",97.5642402427366,97.5642402427366,97.5642402427366,97.5642402427366,94.5736465196101,97.5642402427366,97.5642402427366,94.5736465196101
