"","MAPE","MSE","THEIL","BIAS","LOG.LIK","CONF","R2.ADJ","COMMON.TREND"
"1",103.486166608463,103.486166608463,103.486166608463,103.402616197104,103.486166608463,103.384254570228,103.384254570228,103.384254570228
"2",103.760997810751,103.760997810751,103.760997810751,103.554053698192,103.760997810751,103.499038705385,103.499038705385,103.499038705385
"3",103.95182030632,103.95182030632,103.95182030632,103.602614420652,103.95182030632,103.501999524646,103.501999524646,103.501999524646
"4",104.127276519129,104.127276519129,104.127276519129,103.630624279154,104.127276519129,103.484311507513,103.484311507513,103.484311507513
"5",104.329927783846,104.329927783846,104.329927783846,103.685829407463,104.329927783846,103.496854506276,103.496854506276,103.496854506276
"6",104.574667637474,104.574667637474,104.574667637474,103.785874764365,104.574667637474,103.557580339055,103.557580339055,103.557580339055
