"","MAPE","MSE","THEIL","BIAS","LOG.LIK","CONF","R2.ADJ","COMMON.TREND"
"1",96.2212388702016,96.2212388702016,96.2212388702016,94.8560977620527,94.6598257444811,96.2212388702016,96.2212388702016,94.6598257444811
"2",97.9017097749063,97.9017097749063,97.9017097749063,94.7786312567547,94.3508500953606,97.9017097749063,97.9017097749063,94.3508500953606
"3",99.2615798908237,99.2615798908237,99.2615798908237,94.6951948749436,94.0281295509818,99.2615798908237,99.2615798908237,94.0281295509818
