"","MAPE","MSE","THEIL","BIAS","LOG.LIK","CONF","R2.ADJ","COMMON.TREND"
"1",96.3004769365355,95.4949288844398,95.4949288844398,96.7033379024441,96.3004769365355,95.4949288844398,95.4949288844398,96.7033379024441
"2",96.6798247188253,95.9532045829982,95.9532045829982,97.5046831375549,96.6798247188253,95.9532045829982,95.9532045829982,97.5046831375549
"3",96.8011053908143,96.5477611220575,96.5477611220575,97.9728460264712,96.8011053908143,96.5477611220575,96.5477611220575,97.9728460264712
