"","MAPE","MSE","THEIL","BIAS","LOG.LIK","CONF","R2.ADJ","COMMON.TREND"
"1",98.6459745066326,98.6459745066326,98.6459745066326,98.6459745066326,98.6459745066326,98.4689326740987,98.4689326740987,98.4689326740987
"2",98.7762495554956,98.7762495554956,98.7762495554956,98.7762495554956,98.7762495554956,98.2915761511033,98.2915761511033,98.2915761511033
"3",98.8404713017826,98.8404713017826,98.8404713017826,98.8404713017826,98.8404713017826,98.0486252928576,98.0486252928576,98.0486252928576
