"","MAPE","MSE","THEIL","BIAS","LOG.LIK","CONF","R2.ADJ","COMMON.TREND"
"1",99.1767753056003,99.1767753056003,99.1767753056003,97.9676729714719,97.9676729714719,99.1767753056003,99.1767753056003,97.5603305072136
"2",99.9268945877293,99.9268945877293,99.9268945877293,97.8405688448239,97.8405688448239,99.9268945877293,99.9268945877293,96.969838359969
"3",100.297594070803,100.297594070803,100.297594070803,98.0359087669942,98.0359087669942,100.297594070803,100.297594070803,96.7548085405689
"4",100.380354220064,100.380354220064,100.380354220064,98.1491276101957,98.1491276101957,100.380354220064,100.380354220064,96.5185681286275
"5",100.384495835155,100.384495835155,100.384495835155,98.3013353250111,98.3013353250111,100.384495835155,100.384495835155,96.3760490772551
"6",100.439838663121,100.439838663121,100.439838663121,98.4403359979239,98.4403359979239,100.439838663121,100.439838663121,96.2593747293513
