"","MAPE","MSE","THEIL","BIAS","LOG.LIK","CONF","R2.ADJ","COMMON.TREND"
"1",102.453685019542,102.453685019542,102.453685019542,102.453685019542,102.411266155792,102.453685019542,102.453685019542,102.453685019542
"2",102.461932066056,102.461932066056,102.461932066056,102.461932066056,102.58940024581,102.461932066056,102.461932066056,102.461932066056
"3",102.327591848476,102.327591848476,102.327591848476,102.327591848476,102.75389235587,102.327591848476,102.327591848476,102.327591848476
"4",102.225400676626,102.225400676626,102.225400676626,102.225400676626,102.923996971995,102.225400676626,102.225400676626,102.225400676626
"5",102.204147804578,102.204147804578,102.204147804578,102.204147804578,103.089544264065,102.204147804578,102.204147804578,102.204147804578
"6",102.288025799181,102.288025799181,102.288025799181,102.288025799181,103.255500124814,102.288025799181,102.288025799181,102.288025799181
