"","MAPE","MSE","THEIL","BIAS","LOG.LIK","CONF","R2.ADJ","COMMON.TREND"
"Frontera.norte",105.065065198254,105.065065198254,105.065065198254,105.065065198254,105.065065198254,104.498570267689,104.498570267689,104.498570267689
