"","MAPE","MSE","THEIL","BIAS","LOG.LIK","CONF","R2.ADJ","COMMON.TREND"
"1",102.743125132946,102.743125132946,102.743125132946,102.743125132946,102.881738541858,102.743125132946,102.743125132946,102.743125132946
"2",102.727654325911,102.727654325911,102.727654325911,102.727654325911,103.350832984915,102.727654325911,102.727654325911,102.727654325911
"3",102.466441873868,102.466441873868,102.466441873868,102.466441873868,103.743088289076,102.466441873868,102.466441873868,102.466441873868
"4",102.185359213326,102.185359213326,102.185359213326,102.185359213326,104.048476315482,102.185359213326,102.185359213326,102.185359213326
"5",102.051247243968,102.051247243968,102.051247243968,102.051247243968,104.30699101774,102.051247243968,102.051247243968,102.051247243968
"6",102.082393238339,102.082393238339,102.082393238339,102.082393238339,104.535593809331,102.082393238339,102.082393238339,102.082393238339
