"","MAPE","MSE","THEIL","BIAS","LOG.LIK","CONF","R2.ADJ","COMMON.TREND"
"1",98.9352683258029,98.9352683258029,98.9352683258029,98.9352683258029,98.9484863122786,98.8416936868994,98.8416936868994,98.9352683258029
"2",98.870338443376,98.870338443376,98.870338443376,98.870338443376,98.8665207065308,98.7442964988915,98.7442964988915,98.870338443376
"3",99.035170107498,99.035170107498,99.035170107498,99.035170107498,99.0225655434209,98.8520902366329,98.8520902366329,99.035170107498
"4",99.2274269339407,99.2274269339407,99.2274269339407,99.2274269339407,99.1985103301554,99.02397203253,99.02397203253,99.2274269339407
"5",99.4882669339002,99.4882669339002,99.4882669339002,99.4882669339002,99.4447227443045,99.2704317545807,99.2704317545807,99.4882669339002
"6",99.7665258400784,99.7665258400784,99.7665258400784,99.7665258400784,99.7072002357885,99.5496524788201,99.5496524788201,99.7665258400784
