"","MAPE","MSE","THEIL","BIAS","LOG.LIK","CONF","R2.ADJ","COMMON.TREND"
"Nacional",94.8896855060858,94.8896855060858,94.8896855060858,94.8896855060858,94.9905642975754,94.8896855060858,94.8896855060858,94.8896855060858
