"","MAPE","MSE","THEIL","BIAS","LOG.LIK","CONF","R2.ADJ","COMMON.TREND"
"1",99.1314647619444,99.1314647619444,99.1314647619444,98.7961873592557,99.1160498392323,98.7961873592557,98.7961873592557,98.7961873592557
"2",99.5087658258626,99.5087658258626,99.5087658258626,98.7272457006891,99.469678216242,98.7272457006891,98.7272457006891,98.7272457006891
"3",99.98165092595,99.98165092595,99.98165092595,98.6635060046939,99.9117724301145,98.6635060046939,98.6635060046939,98.6635060046939
