"","MAPE","MSE","THEIL","BIAS","LOG.LIK","CONF","R2.ADJ","COMMON.TREND"
"Centro.norte",95.9079552728579,95.9079552728579,95.8634376026767,95.8831021646092,95.9079552728579,95.8634376026767,95.8634376026767,95.8634376026767
