"","MAPE","MSE","THEIL","BIAS","LOG.LIK","CONF","R2.ADJ","COMMON.TREND"
"Noroeste",99.1021404605107,99.1021404605107,99.1021404605107,99.1021404605107,101.052326937679,99.1021404605107,99.1021404605107,101.052326937679
