"","MAPE","MSE","THEIL","BIAS","LOG.LIK","CONF","R2.ADJ","COMMON.TREND"
"1",102.147400095296,102.147400095296,102.147400095296,102.122435515366,102.137957143494,102.122435515366,102.122435515366,102.122435515366
"2",102.540158989255,102.540158989255,102.540158989255,102.488103984402,102.518493170899,102.488103984402,102.488103984402,102.488103984402
"3",102.932058852557,102.932058852557,102.932058852557,102.837294984822,102.898314648218,102.837294984822,102.837294984822,102.837294984822
"4",103.327393186956,103.327393186956,103.327393186956,103.180986848981,103.282121944818,103.180986848981,103.180986848981,103.180986848981
"5",103.730863950795,103.730863950795,103.730863950795,103.523015403014,103.674860528985,103.523015403014,103.523015403014,103.523015403014
"6",104.140384599501,104.140384599501,104.140384599501,103.863475908921,104.074630247866,103.863475908921,103.863475908921,103.863475908921
