"","MAPE","MSE","THEIL","BIAS","LOG.LIK","CONF","R2.ADJ","COMMON.TREND"
"Sur",98.9682762482873,98.9338666045644,98.9682762482873,98.9338666045644,98.9682762482873,98.9329307288707,98.9329307288707,98.9329307288707
