"","MAPE","MSE","THEIL","BIAS","LOG.LIK","CONF","R2.ADJ","COMMON.TREND"
"Noreste",99.7562897516952,99.7562897516952,99.7562897516952,99.6750011113001,99.7675051735842,99.6750011113001,99.6750011113001,99.6750011113001
