"","MAPE","MSE","THEIL","BIAS","LOG.LIK","CONF","R2.ADJ","COMMON.TREND"
"1",96.4849461415132,96.4849461415132,96.4849461415132,96.4849461415132,96.4849461415132,96.4608531256972,96.4608531256972,96.4608531256972
"2",96.7569881209678,96.7569881209678,96.7569881209678,96.7569881209678,96.7569881209678,96.733601755608,96.733601755608,96.733601755608
"3",97.0502056479011,97.0502056479011,97.0502056479011,97.0502056479011,97.0502056479011,97.0217264920272,97.0217264920272,97.0217264920272
