"","MAPE","MSE","THEIL","BIAS","LOG.LIK","CONF","R2.ADJ","COMMON.TREND"
"1",98.3798824166843,98.3798824166843,98.3798824166843,98.2936276660612,98.4818016746643,98.2936276660612,98.2936276660612,98.2936276660612
"2",98.6322801767568,98.6322801767568,98.6322801767568,98.3729318490257,98.8285272750386,98.3729318490257,98.3729318490257,98.3729318490257
"3",98.6709784738504,98.6709784738504,98.6709784738504,98.2784417975112,98.9970291409321,98.2784417975112,98.2784417975112,98.2784417975112
"4",98.7735046592122,98.7735046592122,98.7735046592122,98.2236990216717,99.2296068515564,98.2236990216717,98.2236990216717,98.2236990216717
"5",98.9246999487757,98.9246999487757,98.9246999487757,98.2286323332192,99.5186271158575,98.2286323332192,98.2286323332192,98.2286323332192
"6",99.1434503259803,99.1434503259803,99.1434503259803,98.317604436957,99.8806679889622,98.317604436957,98.317604436957,98.317604436957
