"","MAPE","MSE","THEIL","BIAS","LOG.LIK","CONF","R2.ADJ","COMMON.TREND"
"1",95.3986404449789,95.3986404449789,95.3986404449789,95.3414553621406,95.3414553621406,95.3986404449789,95.3986404449789,95.3986404449789
"2",95.8555027654291,95.8555027654291,95.8555027654291,95.7204925788407,95.7204925788407,95.8555027654291,95.8555027654291,95.8555027654291
"3",96.2766650701525,96.2766650701525,96.2766650701525,96.0920251341881,96.0920251341881,96.2766650701525,96.2766650701525,96.2766650701525
"4",96.6568098270454,96.6568098270454,96.6568098270454,96.4427437637329,96.4427437637329,96.6568098270454,96.6568098270454,96.6568098270454
"5",97.0055249846879,97.0055249846879,97.0055249846879,96.7688502899968,96.7688502899968,97.0055249846879,97.0055249846879,97.0055249846879
"6",97.3304974474542,97.3304974474542,97.3304974474542,97.0701370672929,97.0701370672929,97.3304974474542,97.3304974474542,97.3304974474542
