"","MAPE","MSE","THEIL","BIAS","LOG.LIK","CONF","R2.ADJ","COMMON.TREND"
"1",97.9460387162546,97.9460387162546,97.9460387162546,97.9460387162546,97.942345702864,97.8975917556968,97.8975917556968,97.8975917556968
"2",98.4315236220711,98.4315236220711,98.4315236220711,98.4315236220711,98.4229973437679,98.2753966729965,98.2753966729965,98.2753966729965
"3",98.6952740591859,98.6952740591859,98.6952740591859,98.6952740591859,98.6882351140259,98.4736381890667,98.4736381890667,98.4736381890667
"4",98.9448029327415,98.9448029327415,98.9448029327415,98.9448029327415,98.9412576047726,98.6456474229428,98.6456474229428,98.6456474229428
"5",99.1264277019883,99.1264277019883,99.1264277019883,99.1264277019883,99.1301710286364,98.7805249893576,98.7805249893576,98.7805249893576
"6",99.2962448390651,99.2962448390651,99.2962448390651,99.2962448390651,99.3107126144053,98.9187819982986,98.9187819982986,98.9187819982986
