"","MAPE","MSE","THEIL","BIAS","LOG.LIK","CONF","R2.ADJ","COMMON.TREND"
"1",98.4351444878175,98.4351444878175,98.4351444878175,98.2290476189331,98.4351444878175,98.2290476189331,98.2290476189331,98.2290476189331
"2",99.0322913067633,99.0322913067633,99.0322913067633,98.4701258588591,99.0322913067633,98.4701258588591,98.4701258588591,98.4701258588591
"3",99.544620088293,99.544620088293,99.544620088293,98.5522278170654,99.544620088293,98.5522278170654,98.5522278170654,98.5522278170654
