"","MAPE","MSE","THEIL","BIAS","LOG.LIK","CONF","R2.ADJ","COMMON.TREND"
"Nacional",102.882408591501,102.882408591501,102.882408591501,102.7976897753,102.882408591501,102.7976897753,102.7976897753,102.7976897753
