"","MAPE","MSE","THEIL","BIAS","LOG.LIK","CONF","R2.ADJ","COMMON.TREND"
"1",103.390273145849,103.390273145849,103.390273145849,103.314281811943,103.343370311984,103.314281811943,103.314281811943,103.314281811943
"2",103.579298132106,103.579298132106,103.579298132106,103.393238184882,103.500450153647,103.393238184882,103.393238184882,103.393238184882
"3",103.78046120906,103.78046120906,103.78046120906,103.425419695122,103.629166053854,103.425419695122,103.425419695122,103.425419695122
