"","MAPE","MSE","THEIL","BIAS","LOG.LIK","CONF","R2.ADJ","COMMON.TREND"
"1",94.8844823551872,94.8844823551872,94.8844823551872,94.8844823551872,94.8585940877499,94.6471509384184,94.6471509384184,94.6471509384184
"2",95.1599057238888,95.1599057238888,95.1599057238888,95.1599057238888,95.0867094651903,94.3901172586543,94.3901172586543,94.3901172586543
"3",95.3927588858642,95.3927588858642,95.3927588858642,95.3927588858642,95.2537801651138,94.0652225644992,94.0652225644992,94.0652225644992
"4",95.7018150598369,95.7018150598369,95.7018150598369,95.7018150598369,95.4832740844583,93.8875673917377,93.8875673917377,93.8875673917377
"5",95.9979810118797,95.9979810118797,95.9979810118797,95.9979810118797,95.7014777900013,93.8142299000277,93.8142299000277,93.8142299000277
"6",96.2516937229015,96.2516937229015,96.2516937229015,96.2516937229015,95.8927526628172,93.8368064402051,93.8368064402051,93.8368064402051
