"","MAPE","MSE","THEIL","BIAS","LOG.LIK","CONF","R2.ADJ","COMMON.TREND"
"Noreste",94.8844823551872,94.8844823551872,94.8844823551872,94.8844823551872,94.8585940877499,94.6471509384184,94.6471509384184,94.6471509384184
