"","MAPE","MSE","THEIL","BIAS","LOG.LIK","CONF","R2.ADJ","COMMON.TREND"
"1",96.1485292605814,96.1485292605814,96.1485292605814,96.1485292605814,96.1558123397379,96.1433429840943,96.1433429840943,96.1433429840943
"2",96.4857832695297,96.4857832695297,96.4857832695297,96.4857832695297,96.5014371737878,96.5193427016785,96.5193427016785,96.5193427016785
"3",96.8180126944794,96.8180126944794,96.8180126944794,96.8180126944794,96.8520389817225,96.8603321811044,96.8603321811044,96.8603321811044
