"","MAPE","MSE","THEIL","BIAS","LOG.LIK","CONF","R2.ADJ","COMMON.TREND"
"Noroeste",105.825988100911,105.825988100911,105.825988100911,105.817085345333,105.817085345333,105.825988100911,105.825988100911,105.825988100911
