"","MAPE","MSE","THEIL","BIAS","LOG.LIK","CONF","R2.ADJ","COMMON.TREND"
"1",101.254450043172,101.254450043172,101.254450043172,101.254450043172,101.303567580461,101.254450043172,101.303567580461,101.254450043172
"2",101.575745381133,101.575745381133,101.575745381133,101.575745381133,101.675984609024,101.575745381133,101.675984609024,101.575745381133
"3",101.89888437901,101.89888437901,101.89888437901,101.89888437901,102.084171603904,101.89888437901,102.084171603904,101.89888437901
