"","MAPE","MSE","THEIL","BIAS","LOG.LIK","CONF","R2.ADJ","COMMON.TREND"
"1",101.199941360374,101.199941360374,101.199941360374,101.199941360374,101.296798456224,101.199941360374,101.199941360374,101.199941360374
"2",101.486786547963,101.486786547963,101.486786547963,101.486786547963,101.725543809382,101.486786547963,101.486786547963,101.486786547963
"3",101.748701406003,101.748701406003,101.748701406003,101.748701406003,102.192012518094,101.748701406003,101.748701406003,101.748701406003
"4",101.978695474006,101.978695474006,101.978695474006,101.978695474006,102.668481991841,101.978695474006,101.978695474006,101.978695474006
"5",102.183194120767,102.183194120767,102.183194120767,102.183194120767,103.137395796389,102.183194120767,102.183194120767,102.183194120767
"6",102.373950116964,102.373950116964,102.373950116964,102.373950116964,103.589883482738,102.373950116964,102.373950116964,102.373950116964
