"","MAPE","MSE","THEIL","BIAS","LOG.LIK","CONF","R2.ADJ","COMMON.TREND"
"1",95.2413478459917,95.2413478459917,95.2413478459917,95.2413478459917,95.2287769671159,95.2413478459917,95.2413478459917,95.2413478459917
"2",95.5706019051485,95.5706019051485,95.5706019051485,95.5706019051485,95.4809728804564,95.5706019051485,95.5706019051485,95.5706019051485
"3",95.8805427235869,95.8805427235869,95.8805427235869,95.8805427235869,95.662167043176,95.8805427235869,95.8805427235869,95.8805427235869
