"","MAPE","MSE","THEIL","BIAS","LOG.LIK","CONF","R2.ADJ","COMMON.TREND"
"1",100.776309725835,100.776309725835,100.776309725835,100.776309725835,100.776309725835,100.77205421342,100.77205421342,100.77205421342
"2",101.020352982401,101.020352982401,101.020352982401,101.020352982401,101.020352982401,100.955745942684,100.955745942684,100.955745942684
"3",101.281514664855,101.281514664855,101.281514664855,101.281514664855,101.281514664855,101.136477373503,101.136477373503,101.136477373503
"4",101.572950611566,101.572950611566,101.572950611566,101.572950611566,101.572950611566,101.317752343806,101.317752343806,101.317752343806
"5",101.886879400012,101.886879400012,101.886879400012,101.886879400012,101.886879400012,101.511018657066,101.511018657066,101.511018657066
"6",102.207115801955,102.207115801955,102.207115801955,102.207115801955,102.207115801955,101.708128904956,101.708128904956,101.708128904956
