"","MAPE","MSE","THEIL","BIAS","LOG.LIK","CONF","R2.ADJ","COMMON.TREND"
"1",100.86190646104,100.86190646104,100.86190646104,100.86190646104,100.86190646104,100.857282063857,100.857282063857,100.857282063857
"2",101.131056641978,101.131056641978,101.131056641978,101.131056641978,101.131056641978,101.091075053468,101.091075053468,101.091075053468
"3",101.401176456509,101.401176456509,101.401176456509,101.401176456509,101.401176456509,101.28950600066,101.28950600066,101.28950600066
"4",101.700028143722,101.700028143722,101.700028143722,101.700028143722,101.700028143722,101.466028297815,101.466028297815,101.466028297815
"5",102.021869976761,102.021869976761,102.021869976761,102.021869976761,102.021869976761,101.629018867952,101.629018867952,101.629018867952
"6",102.35173566794,102.35173566794,102.35173566794,102.35173566794,102.35173566794,101.781589277339,101.781589277339,101.781589277339
