"","MAPE","MSE","THEIL","BIAS","LOG.LIK","CONF","R2.ADJ","COMMON.TREND"
"1",97.1686243933122,97.1686243933122,97.1686243933122,97.1783010851141,97.1953072658756,97.1783010851141,97.1783010851141,97.1783010851141
"2",97.539660071956,97.539660071956,97.539660071956,97.4997153846463,97.5951980311459,97.4997153846463,97.4997153846463,97.4997153846463
"3",97.8431450339689,97.8431450339689,97.8431450339689,97.724806137307,97.9258789438215,97.724806137307,97.724806137307,97.724806137307
"4",98.1246758085638,98.1246758085638,98.1246758085638,97.9039718668529,98.230672203468,97.9039718668529,97.9039718668529,97.9039718668529
"5",98.39636074094,98.39636074094,98.39636074094,98.0667845390794,98.5183378637251,98.0667845390794,98.0667845390794,98.0667845390794
"6",98.6664499878132,98.6664499878132,98.6664499878132,98.2314020351038,98.7947307821067,98.2314020351038,98.2314020351038,98.2314020351038
