"","MAPE","MSE","THEIL","BIAS","LOG.LIK","CONF","R2.ADJ","COMMON.TREND"
"1",95.7076237796859,95.7076237796859,95.7076237796859,95.7076237796859,95.6250497529309,95.7076237796859,95.7076237796859,95.7076237796859
"2",96.1203236251304,96.1203236251304,96.1203236251304,96.1203236251304,95.8495129657304,96.1203236251304,96.1203236251304,96.1203236251304
"3",96.5029034405985,96.5029034405985,96.5029034405985,96.5029034405985,95.9862444220386,96.5029034405985,96.5029034405985,96.5029034405985
