"","MAPE","MSE","THEIL","BIAS","LOG.LIK","CONF","R2.ADJ","COMMON.TREND"
"1",101.116744282483,101.116744282483,101.116744282483,101.116744282483,101.728993621709,101.116744282483,101.116744282483,101.116744282483
"2",99.6664924097559,99.6664924097559,99.6664924097559,99.6664924097559,101.365329241554,99.6664924097559,99.6664924097559,99.6664924097559
"3",98.6323655288279,98.6323655288279,98.6323655288279,98.6323655288279,101.430355970829,98.6323655288279,98.6323655288279,98.6323655288279
