"","MAPE","MSE","THEIL","BIAS","LOG.LIK","CONF","R2.ADJ","COMMON.TREND"
"1",98.7888691172776,98.7888691172776,98.7888691172776,98.7888691172776,98.849336832478,98.7040358984088,98.7040358984088,98.7040358984088
"2",98.8100147318592,98.8100147318592,98.8100147318592,98.8100147318592,98.9395568931925,98.7588568229813,98.7588568229813,98.7588568229813
"3",98.9613690713466,98.9613690713466,98.9613690713466,98.9613690713466,99.1581206138286,98.9570894188694,98.9570894188694,98.9570894188694
