"","MAPE","MSE","THEIL","BIAS","LOG.LIK","CONF","R2.ADJ","COMMON.TREND"
"Frontera.norte",101.116744282483,101.116744282483,101.116744282483,101.116744282483,101.728993621709,101.116744282483,101.116744282483,101.116744282483
