"","MAPE","MSE","THEIL","BIAS","LOG.LIK","CONF","R2.ADJ","COMMON.TREND"
"Centro.sur",95.928361447077,95.928361447077,95.928361447077,95.9888975999692,95.9888975999692,95.928361447077,95.928361447077,95.928361447077
