"","MAPE","MSE","THEIL","BIAS","LOG.LIK","CONF","R2.ADJ","COMMON.TREND"
"1",95.7076237796859,95.7076237796859,95.7076237796859,95.7076237796859,95.6250497529309,95.7076237796859,95.7076237796859,95.7076237796859
"2",96.1203236251304,96.1203236251304,96.1203236251304,96.1203236251304,95.8495129657304,96.1203236251304,96.1203236251304,96.1203236251304
"3",96.5029034405985,96.5029034405985,96.5029034405985,96.5029034405985,95.9862444220386,96.5029034405985,96.5029034405985,96.5029034405985
"4",96.8374072595034,96.8374072595034,96.8374072595034,96.8374072595034,96.052895114457,96.8374072595034,96.8374072595034,96.8374072595034
"5",97.1337544114117,97.1337544114117,97.1337544114117,97.1337544114117,96.0818460344297,97.1337544114117,97.1337544114117,97.1337544114117
"6",97.4040255037998,97.4040255037998,97.4040255037998,97.4040255037998,96.0956881250412,97.4040255037998,97.4040255037998,97.4040255037998
