"","MAPE","MSE","THEIL","BIAS","LOG.LIK","CONF","R2.ADJ","COMMON.TREND"
"1",94.8938607610799,94.8938607610799,94.8938607610799,94.8100477104984,94.7192036754159,94.8938607610799,94.8938607610799,94.7192036754159
"2",95.1835518686685,95.1835518686685,95.1835518686685,95.0045539796019,94.8417160752195,95.1835518686685,95.1835518686685,94.8417160752195
"3",95.4102328852363,95.4102328852363,95.4102328852363,95.1117696293759,94.8465988307789,95.4102328852363,95.4102328852363,94.8465988307789
