"","MAPE","MSE","THEIL","BIAS","LOG.LIK","CONF","R2.ADJ","COMMON.TREND"
"1",96.384485256636,96.384485256636,96.384485256636,96.384485256636,96.384485256636,96.4646388554956,96.4646388554956,96.384485256636
"2",96.87910668727,96.87910668727,96.87910668727,96.87910668727,96.87910668727,97.031247124395,97.031247124395,96.87910668727
"3",97.2490398192221,97.2490398192221,97.2490398192221,97.2490398192221,97.2490398192221,97.4656634194538,97.4656634194538,97.2490398192221
"4",97.5398595910608,97.5398595910608,97.5398595910608,97.5398595910608,97.5398595910608,97.7697282190656,97.7697282190656,97.5398595910608
"5",97.768955789655,97.768955789655,97.768955789655,97.768955789655,97.768955789655,97.9872448347662,97.9872448347662,97.768955789655
"6",97.9646516053625,97.9646516053625,97.9646516053625,97.9646516053625,97.9646516053625,98.1639418813306,98.1639418813306,97.9646516053625
