"","MAPE","MSE","THEIL","BIAS","LOG.LIK","CONF","R2.ADJ","COMMON.TREND"
"Noroeste",103.931976353431,103.931976353431,103.931976353431,105.08724425148,105.08724425148,103.931976353431,103.931976353431,103.931976353431
