"","MAPE","MSE","THEIL","BIAS","LOG.LIK","CONF","R2.ADJ","COMMON.TREND"
"Sur",100.776309725835,100.776309725835,100.776309725835,100.776309725835,100.776309725835,100.772054213428,100.772054213428,100.772054213428
