"","MAPE","MSE","THEIL","BIAS","LOG.LIK","CONF","R2.ADJ","COMMON.TREND"
"Centro.sur",99.0513153249822,99.0513153249822,99.0513153249822,99.0513153249822,99.0352756619789,98.9007488917398,98.9007488917398,98.9007488917398
