"","MAPE","MSE","THEIL","BIAS","LOG.LIK","CONF","R2.ADJ","COMMON.TREND"
"Sur",97.2156615753484,97.2156615753484,97.2156615753484,97.2156615753484,97.0982022931674,97.2561905915265,97.2561905915265,97.0982022931674
