"","MAPE","MSE","THEIL","BIAS","LOG.LIK","CONF","R2.ADJ","COMMON.TREND"
"1",102.346176383516,102.203805147959,102.203805147959,102.203805147959,102.346176383516,102.203805147959,102.203805147959,102.203805147959
"2",102.543614278911,101.618568463398,101.618568463398,101.618568463398,102.543614278911,101.618568463398,101.618568463398,101.618568463398
"3",102.867308794751,101.02974172204,101.02974172204,101.02974172204,102.867308794751,101.02974172204,101.02974172204,101.02974172204
"4",102.757665319229,100.314658432083,100.314658432083,100.314658432083,102.757665319229,100.314658432083,100.314658432083,100.314658432083
"5",102.856308158992,100.122386855411,100.122386855411,100.122386855411,102.856308158992,100.122386855411,100.122386855411,100.122386855411
"6",102.906273753284,100.244136056823,100.244136056823,100.244136056823,102.906273753284,100.244136056823,100.244136056823,100.244136056823
