"","MAPE","MSE","THEIL","BIAS","LOG.LIK","CONF","R2.ADJ","COMMON.TREND"
"Sur",99.8582847802929,99.8582847802929,99.8582847802929,99.8582847802929,99.8859671768772,99.7459649171372,99.7459649171372,99.7459649171372
