"","MAPE","MSE","THEIL","BIAS","LOG.LIK","CONF","R2.ADJ","COMMON.TREND"
"Noreste",103.425500329277,103.425500329277,103.425500329277,103.353517056049,103.425500329277,103.353517056049,103.353517056049,103.353517056049
