"","MAPE","MSE","THEIL","BIAS","LOG.LIK","CONF","R2.ADJ","COMMON.TREND"
"1",102.743125132946,102.743125132946,102.743125132946,102.743125132946,102.881738541858,102.743125132946,102.743125132946,102.743125132946
"2",102.727654325911,102.727654325911,102.727654325911,102.727654325911,103.350832984915,102.727654325911,102.727654325911,102.727654325911
"3",102.466441873868,102.466441873868,102.466441873868,102.466441873868,103.743088289076,102.466441873868,102.466441873868,102.466441873868
