"","MAPE","MSE","THEIL","BIAS","LOG.LIK","CONF","R2.ADJ","COMMON.TREND"
"1",101.961229246261,101.961229246261,101.961229246261,101.961229246261,102.00674844771,101.961229246261,101.961229246261,101.961229246261
"2",102.178638214401,102.178638214401,102.178638214401,102.178638214401,102.344692912177,102.178638214401,102.178638214401,102.178638214401
"3",102.266313097128,102.266313097128,102.266313097128,102.266313097128,102.578940765118,102.266313097128,102.266313097128,102.266313097128
"4",102.412662885634,102.412662885634,102.412662885634,102.412662885634,102.904321640649,102.412662885634,102.412662885634,102.412662885634
"5",102.538260729084,102.538260729084,102.538260729084,102.538260729084,103.209971998006,102.538260729084,102.538260729084,102.538260729084
"6",102.677930211046,102.677930211046,102.677930211046,102.677930211046,103.525404743781,102.677930211046,102.677930211046,102.677930211046
