"","MAPE","MSE","THEIL","BIAS","LOG.LIK","CONF","R2.ADJ","COMMON.TREND"
"1",98.7424489375247,98.7424489375247,98.7424489375247,98.7424489375247,98.7233114270146,98.6873691352581,98.6873691352581,98.6873691352581
"2",99.1148924964108,99.1148924964108,99.1148924964108,99.1148924964108,99.0718446947531,98.9950319177967,98.9950319177967,98.9950319177967
"3",99.5491590038024,99.5491590038024,99.5491590038024,99.5491590038024,99.4820227162095,99.3266870151625,99.3266870151625,99.3266870151625
"4",100.011692756233,100.011692756233,100.011692756233,100.011692756233,99.9195920003723,99.6655814808122,99.6655814808122,99.6655814808122
"5",100.492102109601,100.492102109601,100.492102109601,100.492102109601,100.375497079687,100.006773532678,100.006773532678,100.006773532678
"6",100.979204010577,100.979204010577,100.979204010577,100.979204010577,100.839511831402,100.345374099979,100.345374099979,100.345374099979
