"","MAPE","MSE","THEIL","BIAS","LOG.LIK","CONF","R2.ADJ","COMMON.TREND"
"1",101.133960755382,101.133960755382,101.133960755382,101.133960755382,101.237245875304,101.133960755382,101.133960755382,101.133960755382
"2",101.50457710449,101.50457710449,101.50457710449,101.50457710449,101.632906404951,101.50457710449,101.50457710449,101.50457710449
"3",101.730370695844,101.730370695844,101.730370695844,101.730370695844,102.052718719016,101.730370695844,101.730370695844,101.730370695844
