"","MAPE","MSE","THEIL","BIAS","LOG.LIK","CONF","R2.ADJ","COMMON.TREND"
"1",94.8167886753187,94.8167886753187,94.8167886753187,94.8167886753187,94.8167886753187,94.8347651710736,94.8347651710736,94.8347651710736
"2",95.0793569525576,95.0793569525576,95.0793569525576,95.0793569525576,95.0793569525576,95.106119779614,95.106119779614,95.106119779614
"3",95.3381742627686,95.3381742627686,95.3381742627686,95.3381742627686,95.3381742627686,95.3675896196689,95.3675896196689,95.3675896196689
"4",95.588156001343,95.588156001343,95.588156001343,95.588156001343,95.588156001343,95.6185391096063,95.6185391096063,95.6185391096063
"5",95.8226575570854,95.8226575570854,95.8226575570854,95.8226575570854,95.8226575570854,95.8496157416475,95.8496157416475,95.8496157416475
"6",96.0508971546207,96.0508971546207,96.0508971546207,96.0508971546207,96.0508971546207,96.0673257330732,96.0673257330732,96.0673257330732
