"","MAPE","MSE","THEIL","BIAS","LOG.LIK","CONF","R2.ADJ","COMMON.TREND"
"1",93.5006329486582,93.5054971733234,93.5006329486582,93.5054971733234,93.5054971733234,93.4813074891158,93.4813074891158,93.4813074891158
"2",93.6783905622552,93.7327200240369,93.6783905622552,93.7327200240369,93.7327200240369,93.7195543266074,93.7195543266074,93.7195543266074
"3",93.7809699013657,93.8939107992974,93.7809699013657,93.8939107992974,93.8939107992974,93.8963117827361,93.8963117827361,93.8963117827361
"4",93.9444548487839,94.1141401186878,93.9444548487839,94.1141401186878,94.1141401186878,94.1314433958116,94.1314433958116,94.1314433958116
"5",94.145687766386,94.3597695019339,94.145687766386,94.3597695019339,94.3597695019339,94.394681089587,94.394681089587,94.394681089587
"6",94.3570235402058,94.6002639834953,94.3570235402058,94.6002639834953,94.6002639834953,94.6617262996508,94.6617262996508,94.6617262996508
