"","MAPE","MSE","THEIL","BIAS","LOG.LIK","CONF","R2.ADJ","COMMON.TREND"
"Centro.norte",94.8167886753395,94.8167886753395,94.8167886753395,94.8167886753395,94.8167886753395,94.8347651710686,94.8347651710686,94.8347651710686
