"","MAPE","MSE","THEIL","BIAS","LOG.LIK","CONF","R2.ADJ","COMMON.TREND"
"1",94.8938607610799,94.8938607610799,94.8938607610799,94.8100477104984,94.7192036754159,94.8938607610799,94.8938607610799,94.7192036754159
"2",95.1835518686685,95.1835518686685,95.1835518686685,95.0045539796019,94.8417160752195,95.1835518686685,95.1835518686685,94.8417160752195
"3",95.4102328852363,95.4102328852363,95.4102328852363,95.1117696293759,94.8465988307789,95.4102328852363,95.4102328852363,94.8465988307789
"4",95.6417510853475,95.6417510853475,95.6417510853475,95.2448256227573,94.8583901601384,95.6417510853475,95.6417510853475,94.8583901601384
"5",95.8727690646983,95.8727690646983,95.8727690646983,95.3639198273783,94.852894327238,95.8727690646983,95.8727690646983,94.852894327238
"6",96.1349559387993,96.1349559387993,96.1349559387993,95.5077826603714,94.8849150458315,96.1349559387993,96.1349559387993,94.8849150458315
