"","MAPE","MSE","THEIL","BIAS","LOG.LIK","CONF","R2.ADJ","COMMON.TREND"
"1",99.1021404605107,99.1021404605107,99.1021404605107,99.1021404605107,101.052326937679,99.1021404605107,99.1021404605107,101.009876661311
"2",98.3513937287011,98.3513937287011,98.3513937287011,98.3513937287011,101.744714039706,98.3513937287011,98.3513937287011,101.722688766405
"3",98.1916984551708,98.1916984551708,98.1916984551708,98.1916984551708,102.258103954912,98.1916984551708,98.1916984551708,102.282306395005
