"","MAPE","MSE","THEIL","BIAS","LOG.LIK","CONF","R2.ADJ","COMMON.TREND"
"Frontera.norte",95.9235402314067,95.9235402314067,95.9235402314067,95.9235402314067,96.9025787954281,95.9235402314067,95.9235402314067,96.9025787954281
