"","MAPE","MSE","THEIL","BIAS","LOG.LIK","CONF","R2.ADJ","COMMON.TREND"
"1",96.5051612508437,96.5051612508437,96.5051612508437,96.5051612508437,96.5112533592792,96.4978230750954,96.4978230750954,96.4978230750954
"2",96.7687597311761,96.7687597311761,96.7687597311761,96.7687597311761,96.7772465139616,96.7469930193487,96.7469930193487,96.7469930193487
"3",96.9956251462412,96.9956251462412,96.9956251462412,96.9956251462412,97.0129724509229,96.9754136565279,96.9754136565279,96.9754136565279
"4",97.2337677999795,97.2337677999795,97.2337677999795,97.2337677999795,97.2624800200013,97.2203365830505,97.2203365830505,97.2203365830505
"5",97.4633884000945,97.4633884000945,97.4633884000945,97.4633884000945,97.5086306165044,97.4660903537565,97.4660903537565,97.4660903537565
"6",97.6947841519031,97.6947841519031,97.6947841519031,97.6947841519031,97.7608625357253,97.7186688833273,97.7186688833273,97.7186688833273
