"","MAPE","MSE","THEIL","BIAS","LOG.LIK","CONF","R2.ADJ","COMMON.TREND"
"1",102.95671890155,102.95671890155,102.95671890155,102.935850613267,102.95671890155,102.830426026837,102.830426026837,102.830426026837
"2",103.424835161669,103.424835161669,103.424835161669,103.3556471281,103.424835161669,103.092458905785,103.092458905785,103.092458905785
"3",103.809200557592,103.809200557592,103.809200557592,103.670602803599,103.809200557592,103.223857561404,103.223857561404,103.223857561404
"4",104.15442472734,104.15442472734,104.15442472734,103.932124232949,104.15442472734,103.303287938236,103.303287938236,103.303287938236
"5",104.490039295354,104.490039295354,104.490039295354,104.174094356548,104.490039295354,103.379892615744,103.379892615744,103.379892615744
"6",104.83208567762,104.83208567762,104.83208567762,104.415818726991,104.83208567762,103.477901738585,103.477901738585,103.477901738585
