"","MAPE","MSE","THEIL","BIAS","LOG.LIK","CONF","R2.ADJ","COMMON.TREND"
"1",102.156849900507,102.156849900507,102.156849900507,102.127846811655,102.156849900507,102.127846811655,102.127846811655,102.127846811655
"2",102.48575665283,102.48575665283,102.48575665283,102.381620096588,102.48575665283,102.381620096588,102.381620096588,102.381620096588
"3",102.741866495135,102.741866495135,102.741866495135,102.533476371244,102.741866495135,102.533476371244,102.533476371244,102.533476371244
