"","MAPE","MSE","THEIL","BIAS","LOG.LIK","CONF","R2.ADJ","COMMON.TREND"
"Nacional",99.0329455146207,98.9597317593376,98.9597317593376,98.9597317593376,99.0329455146207,98.9597317593376,98.9597317593376,98.9597317593376
