"","MAPE","MSE","THEIL","BIAS","LOG.LIK","CONF","R2.ADJ","COMMON.TREND"
"Sur",101.423227176429,101.423227176429,101.423227176429,101.423227176429,101.457986538752,101.423227176429,101.423227176429,101.423227176429
