"","MAPE","MSE","THEIL","BIAS","LOG.LIK","CONF","R2.ADJ","COMMON.TREND"
"1",95.1165936097209,95.1165936097209,95.1165936097209,95.1165936097209,95.1022220088256,95.1022220088256,95.1022220088256,95.1165936097209
"2",95.5636128274938,95.5636128274938,95.5636128274938,95.5636128274938,95.5203153090427,95.5203153090427,95.5203153090427,95.5636128274938
"3",96.0011021145388,96.0011021145388,96.0011021145388,96.0011021145388,95.9498563341749,95.9498563341749,95.9498563341749,96.0011021145388
