"","MAPE","MSE","THEIL","BIAS","LOG.LIK","CONF","R2.ADJ","COMMON.TREND"
"1",99.19540073618,99.19540073618,99.19540073618,99.19540073618,98.9828122241114,99.19540073618,99.19540073618,99.1555174877346
"2",99.4625922458114,99.4625922458114,99.4625922458114,99.4625922458114,98.8222820377494,99.4625922458114,99.4625922458114,99.3035796015832
"3",100.15097645287,100.15097645287,100.15097645287,100.15097645287,99.1813744130828,100.15097645287,100.15097645287,99.8691308867304
"4",100.68388910596,100.68388910596,100.68388910596,100.68388910596,99.6051149294873,100.68388910596,100.68388910596,100.503523048881
"5",100.902510758361,100.902510758361,100.902510758361,100.902510758361,99.9854863606272,100.902510758361,100.902510758361,101.053218441954
"6",101.03014296363,101.03014296363,101.03014296363,101.03014296363,100.382481927445,101.03014296363,101.03014296363,101.62474201123
