"","MAPE","MSE","THEIL","BIAS","LOG.LIK","CONF","R2.ADJ","COMMON.TREND"
"Sur",95.271999550152,95.271999550152,95.271999550152,95.271999550152,95.2130985819311,95.271999550152,95.271999550152,95.2130985819311
