"","MAPE","MSE","THEIL","BIAS","LOG.LIK","CONF","R2.ADJ","COMMON.TREND"
"1",93.9375478030955,93.9375478030955,93.9375478030955,93.9375478030955,93.9476439758697,93.9375478030955,93.9375478030955,93.9476439758697
"2",94.2657055492528,94.2657055492528,94.2657055492528,94.2657055492528,94.3008069672942,94.2657055492528,94.2657055492528,94.3008069672942
"3",94.5874751471227,94.5874751471227,94.5874751471227,94.5874751471227,94.6459937991089,94.5874751471227,94.5874751471227,94.6459937991089
"4",94.8857897053628,94.8857897053628,94.8857897053628,94.8857897053628,94.9663749393153,94.8857897053628,94.8857897053628,94.9663749393153
"5",95.1545567750929,95.1545567750929,95.1545567750929,95.1545567750929,95.2535349786015,95.1545567750929,95.1545567750929,95.2535349786015
"6",95.4024913265558,95.4024913265558,95.4024913265558,95.4024913265558,95.5141514623403,95.4024913265558,95.4024913265558,95.5141514623403
