"","MAPE","MSE","THEIL","BIAS","LOG.LIK","CONF","R2.ADJ","COMMON.TREND"
"1",97.7313719340307,97.7313719340307,97.7313719340307,97.7836586409231,97.6925156384503,97.6925156384503,97.6925156384503,97.6925156384503
"2",98.1576295330537,98.1576295330537,98.1576295330537,98.2431185242171,98.0363182265072,98.0363182265072,98.0363182265072,98.0363182265072
"3",98.5295506307294,98.5295506307294,98.5295506307294,98.6557517779086,98.3223204848257,98.3223204848257,98.3223204848257,98.3223204848257
"4",98.9049386029094,98.9049386029094,98.9049386029094,99.0596002252525,98.5976710864255,98.5976710864255,98.5976710864255,98.5976710864255
"5",99.2546252556337,99.2546252556337,99.2546252556337,99.4393222587421,98.851487244728,98.851487244728,98.851487244728,98.851487244728
"6",99.5960663993066,99.5960663993066,99.5960663993066,99.8115689917782,99.103675145461,99.103675145461,99.103675145461,99.103675145461
