"","MAPE","MSE","THEIL","BIAS","LOG.LIK","CONF","R2.ADJ","COMMON.TREND"
"Centro.sur",94.9413984590807,94.9413984590807,94.9413984590807,94.9413984590807,94.9110997293068,94.9413984590807,94.9413984590807,94.9110997293068
