"","MAPE","MSE","THEIL","BIAS","LOG.LIK","CONF","R2.ADJ","COMMON.TREND"
"Noroeste",102.346176383516,102.203805147959,102.203805147959,102.203805147959,102.346176383516,102.203805147959,102.203805147959,102.203805147959
