"","MAPE","MSE","THEIL","BIAS","LOG.LIK","CONF","R2.ADJ","COMMON.TREND"
"Sur",95.8049074733097,95.8049074733097,95.8049074733097,95.7580623106564,95.6532596149301,95.8049074733097,95.8049074733097,95.6532596149301
