"","MAPE","MSE","THEIL","BIAS","LOG.LIK","CONF","R2.ADJ","COMMON.TREND"
"Frontera.norte",98.2801291357999,98.2801291357999,98.2801291357999,98.3796662291874,98.2801291357999,98.3796662291874,98.3796662291874,98.3796662291874
