"","MAPE","MSE","THEIL","BIAS","LOG.LIK","CONF","R2.ADJ","COMMON.TREND"
"1",96.1715322204191,96.1715322204191,96.1715322204191,95.7827496332135,95.7827496332135,96.9686686747865,96.9686686747865,96.9686686747865
"2",96.8299681483631,96.8299681483631,96.8299681483631,95.8898050555277,95.8898050555277,98.6596619917896,98.6596619917896,98.6596619917896
"3",97.2262225564623,97.2262225564623,97.2262225564623,95.7609643726041,95.7609643726041,99.880201123468,99.880201123468,99.880201123468
