"","MAPE","MSE","THEIL","BIAS","LOG.LIK","CONF","R2.ADJ","COMMON.TREND"
"1",98.4880411617365,98.4880411617365,98.4880411617365,98.4880411617365,98.5252741493997,98.332782391482,98.332782391482,98.332782391482
"2",98.9305395844981,98.9305395844981,98.9305395844981,98.9305395844981,98.9911935819004,98.6029106173808,98.6029106173808,98.6029106173808
"3",99.2663113690168,99.2663113690168,99.2663113690168,99.2663113690168,99.3617126686341,98.75662069692,98.75662069692,98.75662069692
"4",99.5756650574238,99.5756650574238,99.5756650574238,99.5756650574238,99.7031014208474,98.8753263828337,98.8753263828337,98.8753263828337
"5",99.8283068805317,99.8283068805317,99.8283068805317,99.8283068805317,99.9933325607523,98.9552456304221,98.9552456304221,98.9552456304221
"6",100.067980882668,100.067980882668,100.067980882668,100.067980882668,100.273625369981,99.0574692378679,99.0574692378679,99.0574692378679
