"","MAPE","MSE","THEIL","BIAS","LOG.LIK","CONF","R2.ADJ","COMMON.TREND"
"Noroeste",97.6535771759733,97.6535771759733,97.6535771759733,97.6535771759733,97.106998452855,97.6535771759733,97.6535771759733,97.3999520458077
