"","MAPE","MSE","THEIL","BIAS","LOG.LIK","CONF","R2.ADJ","COMMON.TREND"
"1",98.9148565445757,98.9148565445757,98.9148565445757,98.9148565445757,98.8445790095339,98.5566109867637,98.5566109867637,98.5566109867637
"2",99.4275162975178,99.4275162975178,99.4275162975178,99.4275162975178,99.2761661171262,98.5384069523826,98.5384069523826,98.5384069523826
"3",99.9140191658814,99.9140191658814,99.9140191658814,99.9140191658814,99.6750581121199,98.4604262273997,98.4604262273997,98.4604262273997
"4",100.434335177678,100.434335177678,100.434335177678,100.434335177678,100.110479570718,98.4221604149568,98.4221604149568,98.4221604149568
"5",100.98566053324,100.98566053324,100.98566053324,100.98566053324,100.587640002283,98.4579853963835,98.4579853963835,98.4579853963835
"6",101.55443824412,101.55443824412,101.55443824412,101.55443824412,101.097242470123,98.5751066213716,98.5751066213716,98.5751066213716
