"","MAPE","MSE","THEIL","BIAS","LOG.LIK","CONF","R2.ADJ","COMMON.TREND"
"1",97.6535771759825,97.6535771759825,97.6535771759825,97.6535771759825,97.1069984528553,97.6535771759825,97.6535771759825,97.3999520458052
"2",98.2204227819639,98.2204227819639,98.2204227819639,98.2204227819639,96.9418289717111,98.2204227819639,98.2204227819639,97.5946147966128
"3",98.9281088643336,98.9281088643336,98.9281088643336,98.9281088643336,96.9199523525991,98.9281088643336,98.9281088643336,97.9329007809973
