"","MAPE","MSE","THEIL","BIAS","LOG.LIK","CONF","R2.ADJ","COMMON.TREND"
"Noroeste",99.2079573603372,99.2079573603372,99.2079573603372,99.2079573603372,99.8351001649839,99.2079573603372,99.2079573603372,99.8351001649839
