"","MAPE","MSE","THEIL","BIAS","LOG.LIK","CONF","R2.ADJ","COMMON.TREND"
"1",100.337153482057,100.337153482057,100.337153482057,100.337153482057,100.337153482057,100.291771059258,100.291771059258,100.291771059258
"2",100.591311142952,100.591311142952,100.591311142952,100.591311142952,100.591311142952,100.521804585789,100.521804585789,100.521804585789
"3",100.940282231538,100.940282231538,100.940282231538,100.940282231538,100.940282231538,100.767302389603,100.767302389603,100.767302389603
