"","MAPE","MSE","THEIL","BIAS","LOG.LIK","CONF","R2.ADJ","COMMON.TREND"
"1",99.7927180293863,99.7927180293863,99.7927180293863,99.8505616737178,99.7927180293863,99.5488062801952,99.5488062801952,99.5488062801952
"2",99.803944006199,99.803944006199,99.803944006199,99.9408738376835,99.803944006199,99.3076374912045,99.3076374912045,99.3076374912045
"3",99.9890121882326,99.9890121882326,99.9890121882326,100.238162760949,99.9890121882326,99.1658273969942,99.1658273969942,99.1658273969942
