"","MAPE","MSE","THEIL","BIAS","LOG.LIK","CONF","R2.ADJ","COMMON.TREND"
"1",98.7888691172776,98.7888691172776,98.7888691172776,98.7888691172776,98.849336832478,98.7040358984088,98.7040358984088,98.7040358984088
"2",98.8100147318592,98.8100147318592,98.8100147318592,98.8100147318592,98.9395568931925,98.7588568229813,98.7588568229813,98.7588568229813
"3",98.9613690713466,98.9613690713466,98.9613690713466,98.9613690713466,99.1581206138286,98.9570894188694,98.9570894188694,98.9570894188694
"4",99.150150584423,99.150150584423,99.150150584423,99.150150584423,99.412854358829,99.2298683023002,99.2298683023002,99.2298683023002
"5",99.3815741709817,99.3815741709817,99.3815741709817,99.3815741709817,99.7070425534491,99.5589611305965,99.5589611305965,99.5589611305965
"6",99.6394839038776,99.6394839038776,99.6394839038776,99.6394839038776,100.022853292651,99.9264891416153,99.9264891416153,99.9264891416153
