"","MAPE","MSE","THEIL","BIAS","LOG.LIK","CONF","R2.ADJ","COMMON.TREND"
"1",95.8503414246056,95.8503414246056,95.8503414246056,95.9168071043791,95.8192912033441,95.9168071043791,95.9168071043791,95.8503414246056
"2",96.166457902659,96.166457902659,96.166457902659,96.3363746560558,96.1275052660215,96.3363746560558,96.3363746560558,96.166457902659
"3",96.472001366518,96.472001366518,96.472001366518,96.7647528631402,96.4252006700245,96.7647528631402,96.7647528631402,96.472001366518
"4",96.6740502305939,96.6740502305939,96.6740502305939,97.0993513625047,96.6104390546465,97.0993513625047,97.0993513625047,96.6740502305939
"5",96.8547660905736,96.8547660905736,96.8547660905736,97.3887177119737,96.744874181048,97.3887177119737,97.3887177119737,96.8547660905736
"6",97.0299020934075,97.0299020934075,97.0299020934075,97.6309432147477,96.8346319958068,97.6309432147477,97.6309432147477,97.0299020934075
