"","MAPE","MSE","THEIL","BIAS","LOG.LIK","CONF","R2.ADJ","COMMON.TREND"
"1",103.214273511476,103.214273511476,103.214273511476,103.214273511476,103.214273511476,103.203336199807,103.203336199807,103.203336199807
"2",103.569873923948,103.569873923948,103.569873923948,103.569873923948,103.569873923948,103.532194139646,103.532194139646,103.532194139646
"3",103.967224410361,103.967224410361,103.967224410361,103.967224410361,103.967224410361,103.87385442824,103.87385442824,103.87385442824
"4",104.394958097446,104.394958097446,104.394958097446,104.394958097446,104.394958097446,104.226529261221,104.226529261221,104.226529261221
"5",104.841277921151,104.841277921151,104.841277921151,104.841277921151,104.841277921151,104.584820176659,104.584820176659,104.584820176659
"6",105.294380631146,105.294380631146,105.294380631146,105.294380631146,105.294380631146,104.944727462547,104.944727462547,104.944727462547
