"","MAPE","MSE","THEIL","BIAS","LOG.LIK","CONF","R2.ADJ","COMMON.TREND"
"Centro.sur",102.925262226934,102.925262226934,102.925262226934,102.925262226934,102.872816186045,102.810684024605,102.810684024605,102.810684024605
