"","MAPE","MSE","THEIL","BIAS","LOG.LIK","CONF","R2.ADJ","COMMON.TREND"
"Noreste",98.7707122189037,98.7707122189037,98.7707122189037,98.7885365064158,98.7885365064158,98.7210103421235,98.7210103421235,98.7210103421235
