"","MAPE","MSE","THEIL","BIAS","LOG.LIK","CONF","R2.ADJ","COMMON.TREND"
"1",95.9235402314067,95.9235402314067,95.9235402314067,95.9235402314067,96.9025787954281,95.9235402314067,95.9235402314067,96.9025787954281
"2",94.9763888840965,94.9763888840965,94.9763888840965,94.9763888840965,96.5329791550537,94.9763888840965,94.9763888840965,96.5329791550537
"3",94.5168751867685,94.5168751867685,94.5168751867685,94.5168751867685,96.1448013190827,94.5168751867685,94.5168751867685,96.1448013190827
