"","MAPE","MSE","THEIL","BIAS","LOG.LIK","CONF","R2.ADJ","COMMON.TREND"
"Frontera.norte",99.8984661685023,99.8984661685023,99.8984661685023,99.8984661685023,100.851491887422,99.8984661685023,99.8984661685023,99.8984661685023
