"","MAPE","MSE","THEIL","BIAS","LOG.LIK","CONF","R2.ADJ","COMMON.TREND"
"1",94.4737037850243,94.4737037850243,94.4737037850243,94.4737037850243,94.4700564410435,94.4737037850243,94.4737037850243,94.4700564410435
"2",94.7615565106537,94.7615565106537,94.7615565106537,94.7615565106537,94.7377090166468,94.7615565106537,94.7615565106537,94.7377090166468
"3",95.0348977531215,95.0348977531215,95.0348977531215,95.0348977531215,94.9994083694538,95.0348977531215,95.0348977531215,94.9994083694538
"4",95.3056326885664,95.3056326885664,95.3056326885664,95.3056326885664,95.2651601837297,95.3056326885664,95.3056326885664,95.2651601837297
"5",95.5705681365848,95.5705681365848,95.5705681365848,95.5705681365848,95.5376297660854,95.5705681365848,95.5705681365848,95.5376297660854
"6",95.8244748893821,95.8244748893821,95.8244748893821,95.8244748893821,95.8129674244899,95.8244748893821,95.8244748893821,95.8129674244899
