"","MAPE","MSE","THEIL","BIAS","LOG.LIK","CONF","R2.ADJ","COMMON.TREND"
"1",97.7555331305655,97.7555331305655,97.7555331305655,97.7555331305655,97.7610180179855,97.7555331305655,97.7555331305655,97.7555331305655
"2",98.0073582326572,98.0073582326572,98.0073582326572,98.0073582326572,98.1288037471473,98.0073582326572,98.0073582326572,98.0073582326572
"3",98.040641199739,98.040641199739,98.040641199739,98.040641199739,98.2286583507879,98.040641199739,98.040641199739,98.040641199739
"4",98.1539770682685,98.1539770682685,98.1539770682685,98.1539770682685,98.4271869615831,98.1539770682685,98.1539770682685,98.1539770682685
"5",98.2405986667361,98.2405986667361,98.2405986667361,98.2405986667361,98.5656390758373,98.2405986667361,98.2405986667361,98.2405986667361
"6",98.3724020022308,98.3724020022308,98.3724020022308,98.3724020022308,98.7384004954509,98.3724020022308,98.3724020022308,98.3724020022308
