"","MAPE","MSE","THEIL","BIAS","LOG.LIK","CONF","R2.ADJ","COMMON.TREND"
"Frontera.norte",101.277806021521,101.277806021521,101.277806021521,101.591560267044,101.651652012069,101.277806021521,101.277806021521,101.277806021521
