"","MAPE","MSE","THEIL","BIAS","LOG.LIK","CONF","R2.ADJ","COMMON.TREND"
"1",95.8635282372352,95.8635282372352,95.8635282372352,95.8635282372352,95.8902421625512,95.8635282372352,95.8635282372352,95.8902421625512
"2",96.1978586743434,96.1978586743434,96.1978586743434,96.1978586743434,96.2459919350626,96.1978586743434,96.1978586743434,96.2459919350626
"3",96.5086439584963,96.5086439584963,96.5086439584963,96.5086439584963,96.5771297339415,96.5086439584963,96.5086439584963,96.5771297339415
"4",96.7762910999512,96.7762910999512,96.7762910999512,96.7762910999512,96.8639288703985,96.7762910999512,96.7762910999512,96.8639288703985
"5",97.022807060537,97.022807060537,97.022807060537,97.022807060537,97.1208547122055,97.022807060537,97.022807060537,97.1208547122055
"6",97.2599346016515,97.2599346016515,97.2599346016515,97.2599346016515,97.3499870304076,97.2599346016515,97.2599346016515,97.3499870304076
