"","MAPE","MSE","THEIL","BIAS","LOG.LIK","CONF","R2.ADJ","COMMON.TREND"
"1",98.4579629754112,98.4579629754112,98.4579629754112,98.4579629754112,98.5331932064508,98.1208879777298,98.1208879777298,98.1208879777298
"2",98.6818615525169,98.6818615525169,98.6818615525169,98.6818615525169,98.8579123637501,97.9066112435224,97.9066112435224,97.9066112435224
"3",98.520983129538,98.520983129538,98.520983129538,98.520983129538,98.8270537419733,97.3173306370934,97.3173306370934,97.3173306370934
