"","MAPE","MSE","THEIL","BIAS","LOG.LIK","CONF","R2.ADJ","COMMON.TREND"
"1",98.8364233906097,98.8364233906097,98.8364233906097,98.8364233906097,98.9164155028672,98.7995345806212,98.7995345806212,98.7995345806212
"2",99.0378461498921,99.0378461498921,99.0378461498921,99.0378461498921,99.2112390319926,98.9633726399079,98.9633726399079,98.9633726399079
"3",99.220389554599,99.220389554599,99.220389554599,99.220389554599,99.4941606148037,99.1414763884788,99.1414763884788,99.1414763884788
