"","MAPE","MSE","THEIL","BIAS","LOG.LIK","CONF","R2.ADJ","COMMON.TREND"
"1",99.6645157959664,99.6645157959664,99.6645157959664,99.6645157959664,99.6645157959664,99.5932314033914,99.5932314033914,99.5932314033914
"2",99.818808117913,99.818808117913,99.818808117913,99.818808117913,99.818808117913,99.6923883504242,99.6923883504242,99.6923883504242
"3",100.003090905538,100.003090905538,100.003090905538,100.003090905538,100.003090905538,99.7974282781953,99.7974282781953,99.7974282781953
"4",100.254036343223,100.254036343223,100.254036343223,100.254036343223,100.254036343223,99.9650840769525,99.9650840769525,99.9650840769525
"5",100.55078366021,100.55078366021,100.55078366021,100.55078366021,100.55078366021,100.167832691935,100.167832691935,100.167832691935
"6",100.876527893925,100.876527893925,100.876527893925,100.876527893925,100.876527893925,100.395072584087,100.395072584087,100.395072584087
