"","MAPE","MSE","THEIL","BIAS","LOG.LIK","CONF","R2.ADJ","COMMON.TREND"
"Mexico",98.772751010371,98.772751010371,98.772751010371,98.772751010371,98.7365755633998,98.7051578714178,98.7051578714178,98.7051578714178
