"","MAPE","MSE","THEIL","BIAS","LOG.LIK","CONF","R2.ADJ","COMMON.TREND"
"1",97.2156615753484,97.2156615753484,97.2156615753484,97.2156615753484,97.0982022931674,97.2561905915265,97.2561905915265,97.0982022931674
"2",97.5653151315854,97.5653151315854,97.5653151315854,97.5653151315854,97.3298244274966,97.6613820942377,97.6613820942377,97.3298244274966
"3",97.7860701960271,97.7860701960271,97.7860701960271,97.7860701960271,97.3995161898795,97.9260115429929,97.9260115429929,97.3995161898795
"4",97.9520115608375,97.9520115608375,97.9520115608375,97.9520115608375,97.4022072295882,98.133130734185,98.133130734185,97.4022072295882
"5",98.0993752382597,98.0993752382597,98.0993752382597,98.0993752382597,97.3827886325439,98.3390347647337,98.3390347647337,97.3827886325439
"6",98.2312206207088,98.2312206207088,98.2312206207088,98.2312206207088,97.3567555346441,98.5540238558138,98.5540238558138,97.3567555346441
