"","MAPE","MSE","THEIL","BIAS","LOG.LIK","CONF","R2.ADJ","COMMON.TREND"
"1",98.8237185648396,98.8237185648396,98.8237185648396,98.8237185648396,98.8630266788381,98.8114766270149,98.8114766270149,98.8114766270149
"2",98.9836510660456,98.9836510660456,98.9836510660456,98.9836510660456,99.070995038394,98.9920366121238,98.9920366121238,98.9920366121238
"3",99.2296643656285,99.2296643656285,99.2296643656285,99.2296643656285,99.3640716387222,99.2488245316439,99.2488245316439,99.2488245316439
