"","MAPE","MSE","THEIL","BIAS","LOG.LIK","CONF","R2.ADJ","COMMON.TREND"
"1",102.308078320291,102.348157347804,102.308078320291,102.308078320291,102.348157347804,102.357147808512,102.357147808512,102.308078320291
"2",102.647126239775,102.724753660495,102.647126239775,102.647126239775,102.724753660495,102.749854873706,102.749854873706,102.647126239775
"3",102.946152987873,103.085520407858,102.946152987873,102.946152987873,103.085520407858,103.125713212269,103.125713212269,102.946152987873
