"","MAPE","MSE","THEIL","BIAS","LOG.LIK","CONF","R2.ADJ","COMMON.TREND"
"1",95.7317119872946,95.7317119872946,95.7317119872946,95.7317119872946,95.7317119872946,96.279461550306,96.279461550306,96.279461550306
"2",95.697522483681,95.697522483681,95.697522483681,95.697522483681,95.697522483681,97.1325326412698,97.1325326412698,97.1325326412698
"3",95.598193380141,95.598193380141,95.598193380141,95.598193380141,95.598193380141,97.874719230161,97.874719230161,97.874719230161
"4",95.4863650268039,95.4863650268039,95.4863650268039,95.4863650268039,95.4863650268039,98.5251827566553,98.5251827566553,98.5251827566553
"5",95.3278527475568,95.3278527475568,95.3278527475568,95.3278527475568,95.3278527475568,99.0123546829994,99.0123546829994,99.0123546829994
"6",95.1494399588555,95.1494399588555,95.1494399588555,95.1494399588555,95.1494399588555,99.3965054306765,99.3965054306765,99.3965054306765
