"","MAPE","MSE","THEIL","BIAS","LOG.LIK","CONF","R2.ADJ","COMMON.TREND"
"1",96.6079896093621,96.6079896093621,96.6079896093621,96.5864246236808,96.6079896093621,96.5864246236808,96.5864246236808,96.5864246236808
"2",96.876086482902,96.876086482902,96.876086482902,96.8744659441711,96.876086482902,96.8744659441711,96.8744659441711,96.8744659441711
"3",97.18636229641,97.18636229641,97.18636229641,97.1917227612511,97.18636229641,97.1917227612511,97.1917227612511,97.1917227612511
"4",97.4629555992168,97.4629555992168,97.4629555992168,97.4864912415347,97.4629555992168,97.4864912415347,97.4864912415347,97.4864912415347
"5",97.7477097073423,97.7477097073423,97.7477097073423,97.7838148195452,97.7477097073423,97.7838148195452,97.7838148195452,97.7838148195452
"6",98.0170364387095,98.0170364387095,98.0170364387095,98.0702263188451,98.0170364387095,98.0702263188451,98.0702263188451,98.0702263188451
