"","MAPE","MSE","THEIL","BIAS","LOG.LIK","CONF","R2.ADJ","COMMON.TREND"
"1",99.804724000619,99.804724000619,99.804724000619,99.804724000619,100.117940846212,99.804724000619,99.804724000619,99.804724000619
"2",100.248467918203,100.248467918203,100.248467918203,100.248467918203,100.799830062955,100.248467918203,100.248467918203,100.248467918203
"3",100.558756217029,100.558756217029,100.558756217029,100.558756217029,101.416085568643,100.558756217029,100.558756217029,100.558756217029
