"","MAPE","MSE","THEIL","BIAS","LOG.LIK","CONF","R2.ADJ","COMMON.TREND"
"1",97.3282225150161,97.3282225150161,97.3282225150161,97.3282225150161,97.3282225150161,97.2495469520299,97.2495469520299,97.2495469520299
"2",97.8144141002712,97.8144141002712,97.8144141002712,97.8144141002712,97.8144141002712,97.627526040818,97.627526040818,97.627526040818
"3",98.2645630596191,98.2645630596191,98.2645630596191,98.2645630596191,98.2645630596191,97.960502883552,97.960502883552,97.960502883552
"4",98.697722655137,98.697722655137,98.697722655137,98.697722655137,98.697722655137,98.2763675242021,98.2763675242021,98.2763675242021
"5",99.1162362212721,99.1162362212721,99.1162362212721,99.1162362212721,99.1162362212721,98.5773702644991,98.5773702644991,98.5773702644991
"6",99.5286036890702,99.5286036890702,99.5286036890702,99.5286036890702,99.5286036890702,98.8718271128182,98.8718271128182,98.8718271128182
