"","MAPE","MSE","THEIL","BIAS","LOG.LIK","CONF","R2.ADJ","COMMON.TREND"
"Frontera.norte",104.874665918473,104.874665918473,104.874665918473,104.874665918473,104.874665918473,104.285873572764,104.285873572764,104.285873572764
