"","MAPE","MSE","THEIL","BIAS","LOG.LIK","CONF","R2.ADJ","COMMON.TREND"
"1",99.2182975762767,99.2182975762767,99.2182975762767,99.2182975762767,99.3573683249332,98.9625868017579,98.9625868017579,98.9625868017579
"2",99.1402659274414,99.1402659274414,99.1402659274414,99.1402659274414,99.435161329595,98.7024576039257,98.7024576039257,98.7024576039257
"3",99.2281098467168,99.2281098467168,99.2281098467168,99.2281098467168,99.7158516355053,98.5189353690036,98.5189353690036,98.5189353690036
"4",99.4110192414078,99.4110192414078,99.4110192414078,99.4110192414078,100.085642474863,98.4103816341302,98.4103816341302,98.4103816341302
"5",99.6543872418626,99.6543872418626,99.6543872418626,99.6543872418626,100.521846062286,98.3665581749543,98.3665581749543,98.3665581749543
"6",99.9091147845288,99.9091147845288,99.9091147845288,99.9091147845288,100.968744051188,98.3882274669402,98.3882274669402,98.3882274669402
