"","MAPE","MSE","THEIL","BIAS","LOG.LIK","CONF","R2.ADJ","COMMON.TREND"
"1",99.7556530071754,99.7556530071754,99.7556530071754,99.7556530071754,99.7418259351551,99.6936153551172,99.6936153551172,99.6936153551172
"2",100.127651683344,100.127651683344,100.127651683344,100.127651683344,100.104041566781,99.9618177608755,99.9618177608755,99.9618177608755
"3",100.521304244206,100.521304244206,100.521304244206,100.521304244206,100.489769657865,100.216689921496,100.216689921496,100.216689921496
