"","MAPE","MSE","THEIL","BIAS","LOG.LIK","CONF","R2.ADJ","COMMON.TREND"
"Nacional",103.756703201723,103.756703201723,103.756703201723,103.756703201723,103.756703201723,103.659294681032,103.659294681032,103.659294681032
