"","MAPE","MSE","THEIL","BIAS","LOG.LIK","CONF","R2.ADJ","COMMON.TREND"
"1",102.982430294866,102.982430294866,102.982430294866,102.982430294866,102.982430294866,102.928922290441,102.982430294866,102.928922290441
"2",103.29375869723,103.29375869723,103.29375869723,103.29375869723,103.29375869723,103.182271069989,103.29375869723,103.182271069989
"3",103.694959686181,103.694959686181,103.694959686181,103.694959686181,103.694959686181,103.506099659467,103.694959686181,103.506099659467
"4",104.131000695547,104.131000695547,104.131000695547,104.131000695547,104.131000695547,103.86151587381,104.131000695547,103.86151587381
"5",104.591937099709,104.591937099709,104.591937099709,104.591937099709,104.591937099709,104.238726842271,104.591937099709,104.238726842271
"6",105.057512199504,105.057512199504,105.057512199504,105.057512199504,105.057512199504,104.622652538488,105.057512199504,104.622652538488
