"","MAPE","MSE","THEIL","BIAS","LOG.LIK","CONF","R2.ADJ","COMMON.TREND"
"Centro.sur",103.381377285771,103.381377285771,103.381377285771,103.37418718546,103.420442497286,103.381377285771,103.381377285771,103.37418718546
