"","MAPE","MSE","THEIL","BIAS","LOG.LIK","CONF","R2.ADJ","COMMON.TREND"
"1",98.3747846259687,98.3747846259687,98.3747846259687,98.3747846259687,98.3605155921089,98.2641840590892,98.2641840590892,98.2641840590892
"2",98.7366838617656,98.7366838617656,98.7366838617656,98.7366838617656,98.7034545011055,98.5156539015264,98.5156539015264,98.5156539015264
"3",99.176407453115,99.176407453115,99.176407453115,99.176407453115,99.1229724186847,98.8022931642575,98.8022931642575,98.8022931642575
"4",99.6485135925423,99.6485135925423,99.6485135925423,99.6485135925423,99.573375206524,99.1039740819211,99.1039740819211,99.1039740819211
"5",100.140987646096,100.140987646096,100.140987646096,100.140987646096,100.043820004444,99.4184362930749,99.4184362930749,99.4184362930749
"6",100.640396501047,100.640396501047,100.640396501047,100.640396501047,100.521792634356,99.7397564981364,99.7397564981364,99.7397564981364
