"","MAPE","MSE","THEIL","BIAS","LOG.LIK","CONF","R2.ADJ","COMMON.TREND"
"1",94.8723193718436,94.8723193718436,94.8723193718436,94.8723193718436,94.8734966722582,94.8723193718436,94.8723193718436,94.8723193718436
"2",95.1123529436889,95.1123529436889,95.1123529436889,95.1123529436889,95.0981172439538,95.1123529436889,95.1123529436889,95.1123529436889
"3",95.3419771766192,95.3419771766192,95.3419771766192,95.3419771766192,95.3240897748803,95.3419771766192,95.3419771766192,95.3419771766192
"4",95.5728659052793,95.5728659052793,95.5728659052793,95.5728659052793,95.5576313012527,95.5728659052793,95.5728659052793,95.5728659052793
"5",95.8029753695301,95.8029753695301,95.8029753695301,95.8029753695301,95.7902203273051,95.8029753695301,95.8029753695301,95.8029753695301
"6",96.0259137803149,96.0259137803149,96.0259137803149,96.0259137803149,96.010502819472,96.0259137803149,96.0259137803149,96.0259137803149
