"","MAPE","MSE","THEIL","BIAS","LOG.LIK","CONF","R2.ADJ","COMMON.TREND"
"1",94.5397561816326,94.5397561816326,94.5397561816326,94.5397561816326,94.5397561816326,94.5397561816326,94.5397561816326,94.5365189385016
"2",94.8757569005363,94.8757569005363,94.8757569005363,94.8757569005363,94.8757569005363,94.8757569005363,94.8757569005363,94.8964831211872
"3",95.2057847474543,95.2057847474543,95.2057847474543,95.2057847474543,95.2057847474543,95.2057847474543,95.2057847474543,95.2574268952923
