"","MAPE","MSE","THEIL","BIAS","LOG.LIK","CONF","R2.ADJ","COMMON.TREND"
"Noroeste",102.455602005,102.455602005,102.455602005,102.77069115949,102.77069115949,102.455602005,102.455602005,102.455602005
