"","MAPE","MSE","THEIL","BIAS","LOG.LIK","CONF","R2.ADJ","COMMON.TREND"
"1",101.254450043173,101.254450043173,101.254450043173,101.254450043173,101.303567580461,101.254450043173,101.303567580461,101.254450043173
"2",101.575745381132,101.575745381132,101.575745381132,101.575745381132,101.675984609024,101.575745381132,101.675984609024,101.575745381132
"3",101.898884379013,101.898884379013,101.898884379013,101.898884379013,102.084171603904,101.898884379013,102.084171603904,101.898884379013
