"","MAPE","MSE","THEIL","BIAS","LOG.LIK","CONF","R2.ADJ","COMMON.TREND"
"1",94.475182672001,94.475182672001,94.475182672001,94.475182672001,94.4507319468325,94.3467849875654,94.3467849875654,94.3467849875654
"2",94.9476154051092,94.9476154051092,94.9476154051092,94.9476154051092,94.8808857786485,94.4753881953767,94.4753881953767,94.4753881953767
"3",95.3048461821425,95.3048461821425,95.3048461821425,95.3048461821425,95.1872248040118,94.348649917705,94.348649917705,94.348649917705
