"","MAPE","MSE","THEIL","BIAS","LOG.LIK","CONF","R2.ADJ","COMMON.TREND"
"Mexico",98.7424489375247,98.7424489375247,98.7424489375247,98.7424489375247,98.7233114270146,98.6873691352581,98.6873691352581,98.6873691352581
