"","MAPE","MSE","THEIL","BIAS","LOG.LIK","CONF","R2.ADJ","COMMON.TREND"
"1",98.1114711561777,98.1114711561777,98.1114711561777,98.1114711561777,98.0776641603378,98.0029005056202,98.1114711561777,98.0029005056202
"2",98.6231298765463,98.6231298765463,98.6231298765463,98.6231298765463,98.5562446475695,98.3663454725452,98.6231298765463,98.3663454725452
"3",99.0712320514052,99.0712320514052,99.0712320514052,99.0712320514052,98.9762619527593,98.6730805653911,99.0712320514052,98.6730805653911
"4",99.5465233183215,99.5465233183215,99.5465233183215,99.5465233183215,99.4259842413407,99.002628718965,99.5465233183215,99.002628718965
"5",100.03980144423,100.03980144423,100.03980144423,100.03980144423,99.899068514929,99.3404788642105,100.03980144423,99.3404788642105
"6",100.545362747145,100.545362747145,100.545362747145,100.545362747145,100.390452875916,99.6825183981242,100.545362747145,99.6825183981242
