"","MAPE","MSE","THEIL","BIAS","LOG.LIK","CONF","R2.ADJ","COMMON.TREND"
"1",97.139662478349,97.139662478349,97.139662478349,97.139662478349,97.4647423452564,97.139662478349,97.139662478349,97.4647423452564
"2",96.840048382814,96.840048382814,96.840048382814,96.840048382814,97.1568750274381,96.840048382814,96.840048382814,97.1568750274381
"3",96.5551420126409,96.5551420126409,96.5551420126409,96.5551420126409,96.6684356356507,96.5551420126409,96.5551420126409,96.6684356356507
