"","MAPE","MSE","THEIL","BIAS","LOG.LIK","CONF","R2.ADJ","COMMON.TREND"
"Nacional",94.9341416127323,94.9341416127323,94.9341416127323,94.9341416127323,95.0822793616419,94.9341416127323,94.9341416127323,94.9341416127323
