"","MAPE","MSE","THEIL","BIAS","LOG.LIK","CONF","R2.ADJ","COMMON.TREND"
"Nacional",96.2651020233561,96.2651020233561,96.2651020233561,96.2651020233561,96.2651020233561,96.223249052229,96.223249052229,96.223249052229
