"","MAPE","MSE","THEIL","BIAS","LOG.LIK","CONF","R2.ADJ","COMMON.TREND"
"1",99.7562897516952,99.7562897516952,99.7562897516952,99.6750011113001,99.7675051735842,99.6750011113001,99.6750011113001,99.6750011113001
"2",99.9407557763339,99.9407557763339,99.9407557763339,99.8333393119144,99.9468551583152,99.8333393119144,99.8333393119144,99.8333393119144
"3",100.192964001317,100.192964001317,100.192964001317,100.002655808591,100.206438481254,100.002655808591,100.002655808591,100.002655808591
"4",100.471696401127,100.471696401127,100.471696401127,100.18119738401,100.492403659126,100.18119738401,100.18119738401,100.18119738401
"5",100.780533579794,100.780533579794,100.780533579794,100.372013561184,100.815375100602,100.372013561184,100.372013561184,100.372013561184
"6",101.093944119645,101.093944119645,101.093944119645,100.567618788224,101.151881453151,100.567618788224,100.567618788224,100.567618788224
