"","MAPE","MSE","THEIL","BIAS","LOG.LIK","CONF","R2.ADJ","COMMON.TREND"
"Mexico",103.214273511476,103.214273511476,103.214273511476,103.214273511476,103.214273511476,103.203336199807,103.203336199807,103.203336199807
