"","MAPE","MSE","THEIL","BIAS","LOG.LIK","CONF","R2.ADJ","COMMON.TREND"
"1",98.731609867265,98.731609867265,98.731609867265,98.7931229845123,98.731609867265,98.7528519034773,98.7528519034773,98.7528519034773
"2",98.9399851091757,98.9399851091757,98.9399851091757,99.0811031787935,98.9399851091757,99.0029435427799,99.0029435427799,99.0029435427799
"3",99.2033117683997,99.2033117683997,99.2033117683997,99.426355796515,99.2033117683997,99.3016519840613,99.3016519840613,99.3016519840613
