"","MAPE","MSE","THEIL","BIAS","LOG.LIK","CONF","R2.ADJ","COMMON.TREND"
"Centro.sur",98.8582207012326,98.8582207012326,98.8582207012326,98.8582207012326,98.8585889278378,98.7985586079345,98.7985586079345,98.7985586079345
