"","MAPE","MSE","THEIL","BIAS","LOG.LIK","CONF","R2.ADJ","COMMON.TREND"
"1",102.540470413474,102.540470413474,102.540470413474,102.540470413474,103.120528967551,102.540470413474,102.540470413474,103.14088583219
"2",100.534728145442,100.534728145442,100.534728145442,100.534728145442,102.665207484134,100.534728145442,100.534728145442,102.675941661452
"3",99.1791565190372,99.1791565190372,99.1791565190372,99.1791565190372,103.089415722781,99.1791565190372,99.1791565190372,103.114954824986
