"","MAPE","MSE","THEIL","BIAS","LOG.LIK","CONF","R2.ADJ","COMMON.TREND"
"1",94.4737037849952,94.4737037849952,94.4737037849952,94.4737037849952,94.4700564410434,94.4737037849952,94.4737037849952,94.4700564410434
"2",94.761556510621,94.761556510621,94.761556510621,94.761556510621,94.7377090166466,94.761556510621,94.761556510621,94.7377090166466
"3",95.0348977530553,95.0348977530553,95.0348977530553,95.0348977530553,94.9994083694535,95.0348977530553,95.0348977530553,94.9994083694535
