"","MAPE","MSE","THEIL","BIAS","LOG.LIK","CONF","R2.ADJ","COMMON.TREND"
"1",98.69358314663,98.69358314663,98.69358314663,98.69358314663,99.0229513959531,98.69358314663,98.69358314663,98.69358314663
"2",98.8430759717159,98.8430759717159,98.8430759717159,98.8430759717159,99.465495166433,98.8430759717159,98.8430759717159,98.8430759717159
"3",99.2896653229358,99.2896653229358,99.2896653229358,99.2896653229358,100.087698787744,99.2896653229358,99.2896653229358,99.2896653229358
"4",99.8019342461962,99.8019342461962,99.8019342461962,99.8019342461962,100.715834817142,99.8019342461962,99.8019342461962,99.8019342461962
"5",100.320085020491,100.320085020491,100.320085020491,100.320085020491,101.307766012072,100.320085020491,100.320085020491,100.320085020491
"6",100.805448549045,100.805448549045,100.805448549045,100.805448549045,101.83467881781,100.805448549045,100.805448549045,100.805448549045
