"","MAPE","MSE","THEIL","BIAS","LOG.LIK","CONF","R2.ADJ","COMMON.TREND"
"1",99.0987831915781,99.0987831915781,99.0987831915781,99.0987831915781,99.1033343551744,98.9765093738202,98.9765093738202,98.9765093738202
"2",99.2264067547939,99.2264067547939,99.2264067547939,99.2264067547939,99.240923652869,98.9768335957847,98.9768335957847,98.9768335957847
"3",99.4787255572764,99.4787255572764,99.4787255572764,99.4787255572764,99.504070019955,99.1118297965486,99.1118297965486,99.1118297965486
"4",99.8051497153469,99.8051497153469,99.8051497153469,99.8051497153469,99.8411947330963,99.3387197327357,99.3387197327357,99.3387197327357
"5",100.170637107889,100.170637107889,100.170637107889,100.170637107889,100.219058378792,99.6204534600559,99.6204534600559,99.6204534600559
"6",100.552058545333,100.552058545333,100.552058545333,100.552058545333,100.617783649583,99.9285907639342,99.9285907639342,99.9285907639342
