"","MAPE","MSE","THEIL","BIAS","LOG.LIK","CONF","R2.ADJ","COMMON.TREND"
"1",95.7509567193409,96.645685828055,96.645685828055,95.5782733413214,95.7509567193409,96.645685828055,96.645685828055,95.5782733413214
"2",95.4519130885041,97.4883707619749,97.4883707619749,95.0610530231308,95.4519130885041,97.4883707619749,97.4883707619749,95.0610530231308
"3",95.198565621875,98.2556435539281,98.2556435539281,94.5816689409525,95.198565621875,98.2556435539281,98.2556435539281,94.5816689409525
"4",94.9889418381958,98.8916796172256,98.8916796172256,94.165740698292,94.9889418381958,98.8916796172256,98.8916796172256,94.165740698292
"5",94.7961487737293,99.390910185145,99.390910185145,93.795459695507,94.7961487737293,99.390910185145,99.390910185145,93.795459695507
"6",94.5970144890791,99.779079881802,99.779079881802,93.4459590909554,94.5970144890791,99.779079881802,99.779079881802,93.4459590909554
