"","MAPE","MSE","THEIL","BIAS","LOG.LIK","CONF","R2.ADJ","COMMON.TREND"
"1",100.776309725835,100.776309725835,100.776309725835,100.776309725835,100.776309725835,100.772054213428,100.772054213428,100.772054213428
"2",101.020352982402,101.020352982402,101.020352982402,101.020352982402,101.020352982402,100.955745942701,100.955745942701,100.955745942701
"3",101.281514664856,101.281514664856,101.281514664856,101.281514664856,101.281514664856,101.13647737355,101.13647737355,101.13647737355
