"","MAPE","MSE","THEIL","BIAS","LOG.LIK","CONF","R2.ADJ","COMMON.TREND"
"Nacional",97.1686243933122,97.1686243933122,97.1686243933122,97.1783010851141,97.1953072658756,97.1783010851141,97.1783010851141,97.1783010851141
