"","MAPE","MSE","THEIL","BIAS","LOG.LIK","CONF","R2.ADJ","COMMON.TREND"
"Noroeste",97.7523361851487,97.7523361851487,97.7523361851487,96.4085706420693,96.4085706420693,97.7523361851487,97.7523361851487,96.4085706420693
