"","MAPE","MSE","THEIL","BIAS","LOG.LIK","CONF","R2.ADJ","COMMON.TREND"
"1",103.486166608463,103.486166608463,103.486166608463,103.384254570228,103.486166608463,103.384254570228,103.384254570228,103.384254570228
"2",103.760997810751,103.760997810751,103.760997810751,103.499038705384,103.760997810751,103.499038705384,103.499038705384,103.499038705384
"3",103.95182030632,103.95182030632,103.95182030632,103.501999524637,103.95182030632,103.501999524637,103.501999524637,103.501999524637
"4",104.127276519129,104.127276519129,104.127276519129,103.4843115075,104.127276519129,103.4843115075,103.4843115075,103.4843115075
"5",104.329927783846,104.329927783846,104.329927783846,103.49685450624,104.329927783846,103.49685450624,103.49685450624,103.49685450624
"6",104.574667637474,104.574667637474,104.574667637474,103.557580338987,104.574667637474,103.557580338987,103.557580338987,103.557580338987
