"","MAPE","MSE","THEIL","BIAS","LOG.LIK","CONF","R2.ADJ","COMMON.TREND"
"1",105.236215982157,105.236215982157,105.236215982157,105.236215982157,105.747063148812,105.236215982157,105.236215982157,105.236215982157
"2",104.515915131873,104.515915131873,104.515915131873,104.515915131873,105.946978080529,104.515915131873,104.515915131873,104.515915131873
"3",104.073903411504,104.073903411504,104.073903411504,104.073903411504,106.21630388552,104.073903411504,104.073903411504,104.073903411504
