"","MAPE","MSE","THEIL","BIAS","LOG.LIK","CONF","R2.ADJ","COMMON.TREND"
"Mexico",98.7935297150499,98.7935297150499,98.7935297150499,98.7935297150499,98.7729373341877,98.7314276747747,98.7314276747747,98.7314276747747
