"","MAPE","MSE","THEIL","BIAS","LOG.LIK","CONF","R2.ADJ","COMMON.TREND"
"1",101.51275004723,101.51275004723,101.51275004723,101.51275004723,101.51275004723,101.450520667814,101.450520667814,101.450520667814
"2",101.885088681946,101.885088681946,101.885088681946,101.885088681946,101.885088681946,101.739600031564,101.739600031564,101.739600031564
"3",102.271492344013,102.271492344013,102.271492344013,102.271492344013,102.271492344013,102.03029326412,102.03029326412,102.03029326412
