"","MAPE","MSE","THEIL","BIAS","LOG.LIK","CONF","R2.ADJ","COMMON.TREND"
"1",97.139662478349,97.139662478349,97.139662478349,97.139662478349,97.4647423452564,97.139662478349,97.139662478349,97.4647423452564
"2",96.840048382814,96.840048382814,96.840048382814,96.840048382814,97.1568750274381,96.840048382814,96.840048382814,97.1568750274381
"3",96.5551420126409,96.5551420126409,96.5551420126409,96.5551420126409,96.6684356356507,96.5551420126409,96.5551420126409,96.6684356356507
"4",96.4741650548129,96.4741650548129,96.4741650548129,96.4741650548129,96.2594121625544,96.4741650548129,96.4741650548129,96.2594121625544
"5",96.6272875137196,96.6272875137196,96.6272875137196,96.6272875137196,95.990839082176,96.6272875137196,96.6272875137196,95.990839082176
"6",96.9022049529252,96.9022049529252,96.9022049529252,96.9022049529252,95.8120571388028,96.9022049529252,96.9022049529252,95.8120571388028
