"","MAPE","MSE","THEIL","BIAS","LOG.LIK","CONF","R2.ADJ","COMMON.TREND"
"1",102.712334842692,102.712334842692,102.712334842692,102.712334842692,102.978955844469,102.712334842692,102.712334842692,102.712334842692
"2",102.947783814349,102.947783814349,102.947783814349,102.947783814349,103.488830886822,102.947783814349,102.947783814349,102.947783814349
"3",103.109757316749,103.109757316749,103.109757316749,103.109757316749,103.945881989289,103.109757316749,103.109757316749,103.109757316749
"4",103.24903509667,103.24903509667,103.24903509667,103.24903509667,104.371705921797,103.24903509667,103.24903509667,103.24903509667
"5",103.383594517611,103.383594517611,103.383594517611,103.383594517611,104.774377653759,103.383594517611,103.383594517611,103.383594517611
"6",103.534019755977,103.534019755977,103.534019755977,103.534019755977,105.164801315567,103.534019755977,103.534019755977,103.534019755977
