"","MAPE","MSE","THEIL","BIAS","LOG.LIK","CONF","R2.ADJ","COMMON.TREND"
"1",103.390273145849,103.390273145849,103.390273145849,103.343370311984,103.343370311984,103.314281811945,103.314281811945,103.314281811945
"2",103.579298132106,103.579298132106,103.579298132106,103.500450153647,103.500450153647,103.393238184874,103.393238184874,103.393238184874
"3",103.780461209061,103.780461209061,103.780461209061,103.629166053854,103.629166053854,103.425419695102,103.425419695102,103.425419695102
"4",103.90845409263,103.90845409263,103.90845409263,103.679338796891,103.679338796891,103.376318771532,103.376318771532,103.376318771532
"5",104.060010903796,104.060010903796,104.060010903796,103.741608609703,103.741608609703,103.339453552722,103.339453552722,103.339453552722
"6",104.246058566188,104.246058566188,104.246058566188,103.836459429491,103.836459429491,103.339870303093,103.339870303093,103.339870303093
