"","MAPE","MSE","THEIL","BIAS","LOG.LIK","CONF","R2.ADJ","COMMON.TREND"
"Mexico",94.4737037849952,94.4737037849952,94.4737037849952,94.4737037849952,94.4700564410434,94.4737037849952,94.4737037849952,94.4700564410434
