"","MAPE","MSE","THEIL","BIAS","LOG.LIK","CONF","R2.ADJ","COMMON.TREND"
"1",103.633714646034,103.633714646034,103.633714646034,103.357087455151,103.633714646034,103.357087455151,103.357087455151,103.357087455151
"2",104.00982694264,104.00982694264,104.00982694264,103.388160895833,104.00982694264,103.388160895833,103.388160895833,103.388160895833
"3",104.197958417851,104.197958417851,104.197958417851,103.229085844439,104.197958417851,103.229085844439,103.229085844439,103.229085844439
"4",104.538598127279,104.538598127279,104.538598127279,103.222397698852,104.538598127279,103.222397698852,103.222397698852,103.222397698852
"5",104.973242719794,104.973242719794,104.973242719794,103.352262628015,104.973242719794,103.352262628015,103.352262628015,103.352262628015
"6",105.48032644529,105.48032644529,105.48032644529,103.59843814825,105.48032644529,103.59843814825,103.59843814825,103.59843814825
