"","MAPE","MSE","THEIL","BIAS","LOG.LIK","CONF","R2.ADJ","COMMON.TREND"
"Sur",98.6948508123677,98.6948508123677,98.6948508123677,98.6948508123677,98.6882447419575,98.4441421255278,98.4441421255278,98.6948508123677
