"","MAPE","MSE","THEIL","BIAS","LOG.LIK","CONF","R2.ADJ","COMMON.TREND"
"Noreste",98.4579629754112,98.4579629754112,98.4579629754112,98.4579629754112,98.5331932064508,98.1208879777298,98.1208879777298,98.1208879777298
