"","MAPE","MSE","THEIL","BIAS","LOG.LIK","CONF","R2.ADJ","COMMON.TREND"
"Sur",94.8501976823316,94.8501976823316,94.8501976823316,95.0893498537335,95.0206017119952,94.8501976823316,94.8501976823316,95.0206017119952
