"","MAPE","MSE","THEIL","BIAS","LOG.LIK","CONF","R2.ADJ","COMMON.TREND"
"Noroeste",102.540470413474,102.540470413474,102.540470413474,103.14088583219,103.120528967551,102.540470413474,102.540470413474,103.14088583219
