"","MAPE","MSE","THEIL","BIAS","LOG.LIK","CONF","R2.ADJ","COMMON.TREND"
"Frontera.norte",95.9235402314454,95.9235402314454,95.9235402314454,95.9235402314454,96.9025787954287,95.9235402314454,95.9235402314454,96.9025787954287
