"","MAPE","MSE","THEIL","BIAS","LOG.LIK","CONF","R2.ADJ","COMMON.TREND"
"1",96.0204278632365,96.0204278632365,96.0204278632365,96.0204278632365,96.0368619796514,96.0204278632365,96.0204278632365,96.0204278632365
"2",96.3373694561533,96.3373694561533,96.3373694561533,96.3373694561533,96.3484477005475,96.3373694561533,96.3373694561533,96.3373694561533
"3",96.6796081522593,96.6796081522593,96.6796081522593,96.6796081522593,96.6859867224454,96.6796081522593,96.6796081522593,96.6796081522593
