"","MAPE","MSE","THEIL","BIAS","LOG.LIK","CONF","R2.ADJ","COMMON.TREND"
"Mexico",99.8558105516023,99.8558105516023,99.8558105516023,99.8774364668787,99.8774364668787,99.8558105516023,99.8558105516023,99.8558105516023
