"","MAPE","MSE","THEIL","BIAS","LOG.LIK","CONF","R2.ADJ","COMMON.TREND"
"1",95.2708027145739,95.2708027145739,95.2708027145739,95.2708027145739,95.2708027145739,95.2575911065955,95.2708027145739,95.2575911065955
"2",95.589552309478,95.589552309478,95.589552309478,95.589552309478,95.589552309478,95.5499209693525,95.589552309478,95.5499209693525
"3",95.8946629543887,95.8946629543887,95.8946629543887,95.8946629543887,95.8946629543887,95.8215333796073,95.8946629543887,95.8215333796073
