"","MAPE","MSE","THEIL","BIAS","LOG.LIK","CONF","R2.ADJ","COMMON.TREND"
"1",102.00674844771,102.00674844771,102.00674844771,101.961229246261,102.00674844771,101.961229246261,101.961229246261,101.961229246261
"2",102.344692912178,102.344692912178,102.344692912178,102.178638214402,102.344692912178,102.178638214402,102.178638214402,102.178638214402
"3",102.578940765118,102.578940765118,102.578940765118,102.266313097106,102.578940765118,102.266313097106,102.266313097106,102.266313097106
