"","MAPE","MSE","THEIL","BIAS","LOG.LIK","CONF","R2.ADJ","COMMON.TREND"
"1",94.4751826720013,94.4751826720013,94.4751826720013,94.4751826720013,94.4507319468325,94.3467849876246,94.3467849876246,94.3467849876246
"2",94.9476154051131,94.9476154051131,94.9476154051131,94.9476154051131,94.8808857786484,94.4753881954188,94.4753881954188,94.4753881954188
"3",95.3048461821536,95.3048461821536,95.3048461821536,95.3048461821536,95.1872248040117,94.3486499176241,94.3486499176241,94.3486499176241
"4",95.6364600119123,95.6364600119123,95.6364600119123,95.6364600119123,95.4683526231157,94.1777283724222,94.1777283724222,94.1777283724222
"5",95.9288806704371,95.9288806704371,95.9288806704371,95.9288806704371,95.7207217637622,94.0494313992821,94.0494313992821,94.0494313992821
"6",96.1755806795436,96.1755806795436,96.1755806795436,96.1755806795436,95.9444702713921,94.0070950660175,94.0070950660175,94.0070950660175
