"","MAPE","MSE","THEIL","BIAS","LOG.LIK","CONF","R2.ADJ","COMMON.TREND"
"Centro.norte",96.5051612508437,96.5051612508437,96.5051612508437,96.5051612508437,96.5112533592792,96.4978230750954,96.4978230750954,96.4978230750954
