"","MAPE","MSE","THEIL","BIAS","LOG.LIK","CONF","R2.ADJ","COMMON.TREND"
"Noroeste",103.110072751323,103.110072751323,103.110072751323,103.110072751323,103.423875544895,103.110072751323,103.110072751323,103.423875544895
