"","MAPE","MSE","THEIL","BIAS","LOG.LIK","CONF","R2.ADJ","COMMON.TREND"
"Noreste",102.712334842692,102.712334842692,102.712334842692,102.712334842692,102.978955844469,102.712334842692,102.712334842692,102.712334842692
