"","MAPE","MSE","THEIL","BIAS","LOG.LIK","CONF","R2.ADJ","COMMON.TREND"
"Frontera.norte",100.1032512827,100.1032512827,100.1032512827,100.1032512827,100.020893864912,100.1032512827,100.1032512827,100.1032512827
