"","MAPE","MSE","THEIL","BIAS","LOG.LIK","CONF","R2.ADJ","COMMON.TREND"
"1",99.5303976195172,99.5303976195172,99.5303976195172,99.5303976195172,99.476161224563,99.3415837838899,99.3415837838899,99.3415837838899
"2",99.9559060382412,99.9559060382412,99.9559060382412,99.9559060382412,99.8196703618044,99.4979031637842,99.4979031637842,99.4979031637842
"3",100.440993103438,100.440993103438,100.440993103438,100.440993103438,100.215298463728,99.6637976976908,99.6637976976908,99.6637976976908
