"","MAPE","MSE","THEIL","BIAS","LOG.LIK","CONF","R2.ADJ","COMMON.TREND"
"Frontera.norte",100.416321311474,100.416321311474,100.416321311474,100.416321311474,100.814231759135,100.416321311474,100.416321311474,100.416321311474
