"","MAPE","MSE","THEIL","BIAS","LOG.LIK","CONF","R2.ADJ","COMMON.TREND"
"Frontera.norte",104.0347091541,104.0347091541,104.0347091541,104.0347091541,104.0347091541,103.352085293048,103.352085293048,103.352085293048
