"","MAPE","MSE","THEIL","BIAS","LOG.LIK","CONF","R2.ADJ","COMMON.TREND"
"Sur",97.8372627102007,97.8372627102007,97.8372627102007,97.8372627102007,97.8456202965341,97.8557474810711,97.8557474810711,97.8557474810711
