"","MAPE","MSE","THEIL","BIAS","LOG.LIK","CONF","R2.ADJ","COMMON.TREND"
"1",102.882408591501,102.882408591501,102.882408591501,102.7976897753,102.882408591501,102.7976897753,102.7976897753,102.7976897753
"2",103.302857286847,103.302857286847,103.302857286847,103.058045748184,103.302857286847,103.058045748184,103.058045748184,103.058045748184
"3",103.637135904235,103.637135904235,103.637135904235,103.212195011769,103.637135904235,103.212195011769,103.212195011769,103.212195011769
