"","MAPE","MSE","THEIL","BIAS","LOG.LIK","CONF","R2.ADJ","COMMON.TREND"
"Centro.sur",97.7836586409231,97.7313719340307,97.7313719340307,97.7313719340307,97.6925156384503,97.6925156384503,97.6925156384503,97.7313719340307
