"","MAPE","MSE","THEIL","BIAS","LOG.LIK","CONF","R2.ADJ","COMMON.TREND"
"1",95.5317809554112,95.5317809554112,95.5317809554112,95.9418792425614,95.8581199954036,95.5317809554112,95.5317809554112,95.9418792425614
"2",94.8878985686112,94.8878985686112,94.8878985686112,96.2122611881422,95.9826612029979,94.8878985686112,94.8878985686112,96.2122611881422
"3",94.9328576979794,94.9328576979794,94.9328576979794,96.8630712001237,96.4816873868067,94.9328576979794,94.9328576979794,96.8630712001237
"4",95.2042687482104,95.2042687482104,95.2042687482104,97.4509693981837,96.9445064510647,95.2042687482104,95.2042687482104,97.4509693981837
"5",95.5106705359486,95.5106705359486,95.5106705359486,97.8342746638473,97.2378953867312,95.5106705359486,95.5106705359486,97.8342746638473
"6",95.8202090674544,95.8202090674544,95.8202090674544,98.0820428029981,97.4196278107934,95.8202090674544,95.8202090674544,98.0820428029981
