"","MAPE","MSE","THEIL","BIAS","LOG.LIK","CONF","R2.ADJ","COMMON.TREND"
"Noroeste",103.909099119519,103.909099119519,103.909099119519,103.909099119519,104.604805021476,103.909099119519,103.909099119519,103.909099119519
