"","MAPE","MSE","THEIL","BIAS","LOG.LIK","CONF","R2.ADJ","COMMON.TREND"
"Centro.sur",99.3306079486029,99.3306079486029,99.3306079486029,99.3306079486029,99.3306079486029,99.2992778848178,99.2992778848178,99.2992778848178
