"","MAPE","MSE","THEIL","BIAS","LOG.LIK","CONF","R2.ADJ","COMMON.TREND"
"1",103.874559718549,103.874559718549,103.874559718549,103.874559718549,103.874559718549,103.552725065651,103.552725065651,103.552725065651
"2",103.979388390518,103.979388390518,103.979388390518,103.979388390518,103.979388390518,103.337664123429,103.337664123429,103.337664123429
"3",104.24038749512,104.24038749512,104.24038749512,104.24038749512,104.24038749512,103.237212509768,103.237212509768,103.237212509768
