"","MAPE","MSE","THEIL","BIAS","LOG.LIK","CONF","R2.ADJ","COMMON.TREND"
"Noroeste",105.236215982157,105.236215982157,105.236215982157,105.236215982157,105.747063148812,105.236215982157,105.236215982157,105.236215982157
