"","MAPE","MSE","THEIL","BIAS","LOG.LIK","CONF","R2.ADJ","COMMON.TREND"
"1",97.8530153272708,97.8530153272708,97.8530153272708,97.8530153272708,97.8530153272708,98.613175939531,98.613175939531,98.613175939531
"2",98.0175478638504,98.0175478638504,98.0175478638504,98.0175478638504,98.0175478638504,99.4014222236559,99.4014222236559,99.4014222236559
"3",98.3201240093342,98.3201240093342,98.3201240093342,98.3201240093342,98.3201240093342,99.9117824240369,99.9117824240369,99.9117824240369
