"","MAPE","MSE","THEIL","BIAS","LOG.LIK","CONF","R2.ADJ","COMMON.TREND"
"1",94.2846100055574,94.2846100055574,94.2846100055574,94.2846100055574,94.2928970055254,94.2846100055574,94.2846100055574,94.2928970055254
"2",94.5514518969587,94.5514518969587,94.5514518969587,94.5514518969587,94.5754664503439,94.5514518969587,94.5514518969587,94.5754664503439
"3",94.8273575970859,94.8273575970859,94.8273575970859,94.8273575970859,94.8656117968652,94.8273575970859,94.8273575970859,94.8656117968652
