"","MAPE","MSE","THEIL","BIAS","LOG.LIK","CONF","R2.ADJ","COMMON.TREND"
"Nacional",94.1224435200917,94.1224435200917,94.1224435200917,94.3221382637256,94.3221382637256,94.1224435200917,94.1224435200917,94.1224435200917
