"","MAPE","MSE","THEIL","BIAS","LOG.LIK","CONF","R2.ADJ","COMMON.TREND"
"1",100.912941259126,100.912941259126,100.912941259126,100.912941259126,100.935448161268,100.935448161268,100.935448161268,100.912941259126
"2",101.261257963535,101.261257963535,101.261257963535,101.261257963535,101.321497274036,101.321497274036,101.321497274036,101.261257963535
"3",101.589019664912,101.589019664912,101.589019664912,101.589019664912,101.708400188126,101.708400188126,101.708400188126,101.589019664912
