"","MAPE","MSE","THEIL","BIAS","LOG.LIK","CONF","R2.ADJ","COMMON.TREND"
"Mexico",99.369186468216,99.369186468216,99.369186468216,99.369186468216,99.369186468216,99.3587114873248,99.3587114873248,99.3587114873248
