"","MAPE","MSE","THEIL","BIAS","LOG.LIK","CONF","R2.ADJ","COMMON.TREND"
"1",105.065065198254,105.065065198254,105.065065198254,105.065065198254,105.065065198254,104.498570267689,104.498570267689,104.498570267689
"2",105.827350795917,105.827350795917,105.827350795917,105.827350795917,105.827350795917,104.35394804972,104.35394804972,104.35394804972
"3",106.529445325308,106.529445325308,106.529445325308,106.529445325308,106.529445325308,104.175158500632,104.175158500632,104.175158500632
"4",107.126602897487,107.126602897487,107.126602897487,107.126602897487,107.126602897487,104.093760953746,104.093760953746,104.093760953746
"5",107.6173251155,107.6173251155,107.6173251155,107.6173251155,107.6173251155,104.154129955501,104.154129955501,104.154129955501
"6",108.037988036113,108.037988036113,108.037988036113,108.037988036113,108.037988036113,104.354722701551,104.354722701551,104.354722701551
