"","MAPE","MSE","THEIL","BIAS","LOG.LIK","CONF","R2.ADJ","COMMON.TREND"
"Nacional",97.1368868907496,97.1368868907496,97.1368868907496,97.1368868907496,97.1414853405771,97.1379697509712,97.1379697509712,97.1379697509712
