"","MAPE","MSE","THEIL","BIAS","LOG.LIK","CONF","R2.ADJ","COMMON.TREND"
"Mexico",94.8233680729078,94.8233680729078,94.8233680729078,94.8233680729078,94.8099401088475,94.8233680729078,94.8233680729078,94.8099401088475
