"","MAPE","MSE","THEIL","BIAS","LOG.LIK","CONF","R2.ADJ","COMMON.TREND"
"1",95.8756634377732,95.8756634377732,95.8756634377732,95.8756634377732,94.7049478905624,95.8756634377732,95.8756634377732,94.7049478905624
"2",97.3305179807093,97.3305179807093,97.3305179807093,97.3305179807093,94.5403638362967,97.3305179807093,97.3305179807093,94.5403638362967
"3",98.4237743173278,98.4237743173278,98.4237743173278,98.4237743173278,94.331624518026,98.4237743173278,98.4237743173278,94.331624518026
