"","MAPE","MSE","THEIL","BIAS","LOG.LIK","CONF","R2.ADJ","COMMON.TREND"
"1",96.4098509451649,96.4098509451649,96.4098509451649,96.3441226376593,96.4098509451649,96.3441226376593,96.3441226376593,96.3441226376593
"2",96.7304994839429,96.7304994839429,96.7304994839429,96.6128849313435,96.7304994839429,96.6128849313435,96.6128849313435,96.6128849313435
"3",97.056415785291,97.056415785291,97.056415785291,96.8964195406414,97.056415785291,96.8964195406414,96.8964195406414,96.8964195406414
