"","MAPE","MSE","THEIL","BIAS","LOG.LIK","CONF","R2.ADJ","COMMON.TREND"
"Centro.sur",95.0662669622053,95.0662669622053,95.0662669622053,95.0662669622053,95.0277310766357,95.0662669622053,95.0662669622053,95.0277310766357
