"","MAPE","MSE","THEIL","BIAS","LOG.LIK","CONF","R2.ADJ","COMMON.TREND"
"Frontera.norte",95.1264118103546,95.1264118103546,95.1264118103546,95.1264118103546,95.146565353199,95.1264118103546,95.1264118103546,95.1264118103546
