"","MAPE","MSE","THEIL","BIAS","LOG.LIK","CONF","R2.ADJ","COMMON.TREND"
"1",94.64715093836,94.64715093836,94.64715093836,94.8844823551874,94.8585940877499,94.64715093836,94.64715093836,94.64715093836
"2",94.3901172586132,94.3901172586132,94.3901172586132,95.1599057238881,95.0867094651903,94.3901172586132,94.3901172586132,94.3901172586132
"3",94.065222564417,94.065222564417,94.065222564417,95.3927588858617,95.2537801651137,94.065222564417,94.065222564417,94.065222564417
"4",93.8875673917419,93.8875673917419,93.8875673917419,95.7018150598337,95.4832740844581,93.8875673917419,93.8875673917419,93.8875673917419
"5",93.8142299001136,93.8142299001136,93.8142299001136,95.9979810118678,95.7014777900015,93.8142299001136,93.8142299001136,93.8142299001136
"6",93.8368064402479,93.8368064402479,93.8368064402479,96.2516937228868,95.8927526628182,93.8368064402479,93.8368064402479,93.8368064402479
