"","MAPE","MSE","THEIL","BIAS","LOG.LIK","CONF","R2.ADJ","COMMON.TREND"
"1",101.307233340693,101.307233340693,101.307233340693,101.307233340693,101.330449567391,101.330449567391,101.330449567391,101.307233340693
"2",101.601120500457,101.601120500457,101.601120500457,101.601120500457,101.65509940228,101.65509940228,101.65509940228,101.601120500457
"3",101.907568482173,101.907568482173,101.907568482173,101.907568482173,102.018503489374,102.018503489374,102.018503489374,101.907568482173
