"","MAPE","MSE","THEIL","BIAS","LOG.LIK","CONF","R2.ADJ","COMMON.TREND"
"1",99.7927180293863,99.7927180293863,99.7927180293863,99.7927180293863,99.7927180293863,99.5488062801952,99.5488062801952,99.5488062801952
"2",99.803944006199,99.803944006199,99.803944006199,99.803944006199,99.803944006199,99.3076374912026,99.3076374912026,99.3076374912026
"3",99.9890121882326,99.9890121882326,99.9890121882326,99.9890121882326,99.9890121882326,99.1658273970025,99.1658273970025,99.1658273970025
