"","MAPE","MSE","THEIL","BIAS","LOG.LIK","CONF","R2.ADJ","COMMON.TREND"
"1",95.0048163833394,95.0048163833394,95.0048163833394,95.0048163833394,95.0892100721771,95.0048163833394,95.0048163833394,95.0048163833394
"2",94.9760124475832,94.9760124475832,94.9760124475832,94.9760124475832,94.9935949776181,94.9760124475832,94.9760124475832,94.9760124475832
"3",94.9578637617561,94.9578637617561,94.9578637617561,94.9578637617561,94.9170736799034,94.9578637617561,94.9578637617561,94.9578637617561
"4",95.0231952144689,95.0231952144689,95.0231952144689,95.0231952144689,94.8605789799262,95.0231952144689,95.0231952144689,95.0231952144689
"5",95.1795652415398,95.1795652415398,95.1795652415398,95.1795652415398,94.8500246356257,95.1795652415398,95.1795652415398,95.1795652415398
"6",95.3928453355908,95.3928453355908,95.3928453355908,95.3928453355908,94.8600326408755,95.3928453355908,95.3928453355908,95.3928453355908
