"","MAPE","MSE","THEIL","BIAS","LOG.LIK","CONF","R2.ADJ","COMMON.TREND"
"Nacional",99.0386767680401,99.0386767680401,99.0386767680401,99.0386767680401,99.0386767680401,98.996142012069,98.996142012069,98.996142012069
