"","MAPE","MSE","THEIL","BIAS","LOG.LIK","CONF","R2.ADJ","COMMON.TREND"
"1",92.6985639047884,92.7338816106417,92.7338816106417,92.6985639047884,92.7165247252168,92.7338816106417,92.7338816106417,92.7165247252168
"2",92.9363888397097,92.9631767129994,92.9631767129994,92.9363888397097,92.982534965669,92.9631767129994,92.9631767129994,92.982534965669
"3",93.1670401087779,93.1727616319187,93.1727616319187,93.1670401087779,93.2385920610574,93.1727616319187,93.1727616319187,93.2385920610574
"4",93.44997083805,93.4342668611236,93.4342668611236,93.44997083805,93.5410616035387,93.4342668611236,93.4342668611236,93.5410616035387
"5",93.7467067070136,93.716825545336,93.716825545336,93.7467067070136,93.8601144474356,93.716825545336,93.716825545336,93.8601144474356
"6",94.0340366935279,93.9977293349369,93.9977293349369,94.0340366935279,94.1784133619104,93.9977293349369,93.9977293349369,94.1784133619104
