"","MAPE","MSE","THEIL","BIAS","LOG.LIK","CONF","R2.ADJ","COMMON.TREND"
"1",103.909099119541,103.909099119541,103.909099119541,103.909099119541,104.604805021476,103.909099119541,103.909099119541,103.909099119541
"2",102.76599737525,102.76599737525,102.76599737525,102.76599737525,104.045830274326,102.76599737525,102.76599737525,102.76599737525
"3",102.035389421784,102.035389421784,102.035389421784,102.035389421784,103.463913653935,102.035389421784,102.035389421784,102.035389421784
