"","MAPE","MSE","THEIL","BIAS","LOG.LIK","CONF","R2.ADJ","COMMON.TREND"
"1",94.8167886753395,94.8167886753395,94.8167886753395,94.8167886753395,94.8167886753395,94.8347651710686,94.8347651710686,94.8347651710686
"2",95.0793569526026,95.0793569526026,95.0793569526026,95.0793569526026,95.0793569526026,95.1061197796116,95.1061197796116,95.1061197796116
"3",95.3381742628478,95.3381742628478,95.3381742628478,95.3381742628478,95.3381742628478,95.3675896196606,95.3675896196606,95.3675896196606
"4",95.5881560014623,95.5881560014623,95.5881560014623,95.5881560014623,95.5881560014623,95.6185391096022,95.6185391096022,95.6185391096022
"5",95.8226575571807,95.8226575571807,95.8226575571807,95.8226575571807,95.8226575571807,95.849615741639,95.849615741639,95.849615741639
"6",96.0508971546996,96.0508971546996,96.0508971546996,96.0508971546996,96.0508971546996,96.0673257330737,96.0673257330737,96.0673257330737
