"","MAPE","MSE","THEIL","BIAS","LOG.LIK","CONF","R2.ADJ","COMMON.TREND"
"Noroeste",95.8756634377732,95.8756634377732,95.8756634377732,95.8756634377732,94.7049478905624,95.8756634377732,95.8756634377732,94.7049478905624
