"","MAPE","MSE","THEIL","BIAS","LOG.LIK","CONF","R2.ADJ","COMMON.TREND"
"Noreste",99.4961061239997,99.4961061239997,99.4961061239997,99.4961061239997,99.54660886904,99.5321863270951,99.5321863270951,99.5321863270951
