"","MAPE","MSE","THEIL","BIAS","LOG.LIK","CONF","R2.ADJ","COMMON.TREND"
"1",95.0662669622251,95.0662669622251,95.0662669622251,95.0662669622251,95.0277310766357,95.0662669622251,95.0662669622251,95.0277310766357
"2",95.3778664712303,95.3778664712303,95.3778664712303,95.3778664712303,95.2886650651172,95.3778664712303,95.3778664712303,95.2886650651172
"3",95.648813106729,95.648813106729,95.648813106729,95.648813106729,95.4977849460081,95.648813106729,95.648813106729,95.4977849460081
"4",95.9139061142536,95.9139061142536,95.9139061142536,95.9139061142536,95.7043623597737,95.9139061142536,95.9139061142536,95.7043623597737
"5",96.1559791872515,96.1559791872515,96.1559791872515,96.1559791872515,95.8894319221621,96.1559791872515,96.1559791872515,95.8894319221621
"6",96.3947190899942,96.3947190899942,96.3947190899942,96.3947190899942,96.0761771807924,96.3947190899942,96.3947190899942,96.0761771807924
