"","MAPE","MSE","THEIL","BIAS","LOG.LIK","CONF","R2.ADJ","COMMON.TREND"
"Frontera.norte",95.517616762804,95.517616762804,95.517616762804,94.9893080294163,94.8054964974013,95.517616762804,95.517616762804,94.9893080294163
