"","MAPE","MSE","THEIL","BIAS","LOG.LIK","CONF","R2.ADJ","COMMON.TREND"
"1",104.285873572788,104.285873572788,104.285873572788,104.285873572788,104.874665918474,104.285873572788,104.285873572788,104.285873572788
"2",103.460943395108,103.460943395108,103.460943395108,103.460943395108,104.741926570429,103.460943395108,103.460943395108,103.460943395108
"3",102.809511380735,102.809511380735,102.809511380735,102.809511380735,104.553492170778,102.809511380735,102.809511380735,102.809511380735
