"","MAPE","MSE","THEIL","BIAS","LOG.LIK","CONF","R2.ADJ","COMMON.TREND"
"1",103.140329388892,103.135861303237,103.135861303237,103.140329388892,103.135861303237,103.146350679153,103.146350679153,103.140329388892
"2",103.495772191323,103.49027785631,103.49027785631,103.495772191323,103.49027785631,103.512176503055,103.512176503055,103.495772191323
"3",103.808457122119,103.816842568055,103.816842568055,103.808457122119,103.816842568055,103.848974308742,103.848974308742,103.808457122119
