"","MAPE","MSE","THEIL","BIAS","LOG.LIK","CONF","R2.ADJ","COMMON.TREND"
"1",96.3844852566363,96.3844852566363,96.3844852566363,96.3844852566363,96.3844852566363,96.4646388554937,96.4646388554937,96.3844852566363
"2",96.8791066872705,96.8791066872705,96.8791066872705,96.8791066872705,96.8791066872705,97.0312471242606,97.0312471242606,96.8791066872705
"3",97.2490398192203,97.2490398192203,97.2490398192203,97.2490398192203,97.2490398192203,97.465663419278,97.465663419278,97.2490398192203
