"","MAPE","MSE","THEIL","BIAS","LOG.LIK","CONF","R2.ADJ","COMMON.TREND"
"1",96.0252327486432,96.0252327486432,96.0252327486432,96.0252327486432,96.4085706420566,97.7523361851345,97.7523361851345,96.4085706420566
"2",95.5087082861752,95.5087082861752,95.5087082861752,95.5087082861752,96.3273860171222,99.2402357642469,99.2402357642469,96.3273860171222
"3",95.0333255951341,95.0333255951341,95.0333255951341,95.0333255951341,96.2882480169805,100.231084903292,100.231084903292,96.2882480169805
