"","MAPE","MSE","THEIL","BIAS","LOG.LIK","CONF","R2.ADJ","COMMON.TREND"
"Centro.norte",99.2255860784686,99.2255860784686,99.2255860784686,99.2255860784686,99.2255860784686,99.1848023815813,99.1848023815813,99.1848023815813
