"","MAPE","MSE","THEIL","BIAS","LOG.LIK","CONF","R2.ADJ","COMMON.TREND"
"1",93.6099416328367,93.6099416328367,93.6099416328367,93.6610336634315,93.6514385343301,93.6514385343301,93.6514385343301,93.6514385343301
"2",93.6782748132155,93.6782748132155,93.6782748132155,93.7702177446436,93.7635795053256,93.7635795053256,93.7635795053256,93.7635795053256
"3",93.8479800150306,93.8479800150306,93.8479800150306,93.9828999590154,93.9681278588856,93.9681278588856,93.9681278588856,93.9681278588856
"4",94.0586163952018,94.0586163952018,94.0586163952018,94.2313816107479,94.1994572387817,94.1994572387817,94.1994572387817,94.1994572387817
"5",94.2709192520364,94.2709192520364,94.2709192520364,94.4730057695592,94.4274742776411,94.4274742776411,94.4274742776411,94.4274742776411
"6",94.4793672624033,94.4793672624033,94.4793672624033,94.6981037777755,94.6521486582878,94.6521486582878,94.6521486582878,94.6521486582878
