"","MAPE","MSE","THEIL","BIAS","LOG.LIK","CONF","R2.ADJ","COMMON.TREND"
"1",96.300476936535,95.4949288844439,95.4949288844439,96.7033379024492,96.300476936535,95.4949288844439,95.4949288844439,96.7033379024492
"2",96.6798247188248,95.953204583003,95.953204583003,97.5046831375679,96.6798247188248,95.953204583003,95.953204583003,97.5046831375679
"3",96.8011053908147,96.5477611220811,96.5477611220811,97.9728460264802,96.8011053908147,96.5477611220811,96.5477611220811,97.9728460264802
"4",96.824051764285,96.9602809368172,96.9602809368172,98.2823302805776,96.824051764285,96.9602809368172,96.9602809368172,98.2823302805776
"5",96.8661338596199,97.3331514038235,97.3331514038235,98.5503873337163,96.8661338596199,97.3331514038235,97.3331514038235,98.5503873337163
"6",96.9381748002758,97.6394778741087,97.6394778741087,98.8142621448149,96.9381748002758,97.6394778741087,97.6394778741087,98.8142621448149
