"","MAPE","MSE","THEIL","BIAS","LOG.LIK","CONF","R2.ADJ","COMMON.TREND"
"1",95.7077134810007,95.7077134810007,95.7077134810007,95.7076237796859,95.6250497529309,95.7076237796859,95.7076237796859,95.7076237796859
"2",96.0674707383434,96.0674707383434,96.0674707383434,96.1203236251303,95.8495129657304,96.1203236251303,96.1203236251303,96.1203236251303
"3",96.3713554055179,96.3713554055179,96.3713554055179,96.5029034406152,95.9862444220386,96.5029034406152,96.5029034406152,96.5029034406152
