"","MAPE","MSE","THEIL","BIAS","LOG.LIK","CONF","R2.ADJ","COMMON.TREND"
"1",97.1601041980741,97.1531986519238,97.1601041980741,97.1427080715672,97.1601041980741,97.1427080715672,97.1427080715672,97.1427080715672
"2",97.5345887678531,97.5224361782255,97.5345887678531,97.484804206415,97.5345887678531,97.484804206415,97.484804206415,97.484804206415
"3",97.8829941554658,97.8618479708978,97.8829941554658,97.7937386630489,97.8829941554658,97.7937386630489,97.7937386630489,97.7937386630489
