"","MAPE","MSE","THEIL","BIAS","LOG.LIK","CONF","R2.ADJ","COMMON.TREND"
"1",96.5929256724099,96.5929256724099,96.5929256724099,96.5242002211502,96.5740245227003,96.5740245227003,96.5740245227003,96.5242002211502
"2",96.9333742346056,96.9333742346056,96.9333742346056,96.7746732559011,96.9229284955272,96.9229284955272,96.9229284955272,96.7746732559011
"3",97.2271014995128,97.2271014995128,97.2271014995128,96.9702837096318,97.2406845453901,97.2406845453901,97.2406845453901,96.9702837096318
