"","MAPE","MSE","THEIL","BIAS","LOG.LIK","CONF","R2.ADJ","COMMON.TREND"
"1",103.110072751323,103.110072751323,103.110072751323,103.110072751323,103.423875544895,103.110072751323,103.110072751323,103.423875544895
"2",102.636854369864,102.636854369864,102.636854369864,102.636854369864,103.599924341301,102.636854369864,102.636854369864,103.599924341301
"3",102.121561716566,102.121561716566,102.121561716566,102.121561716566,103.857312128625,102.121561716566,102.121561716566,103.857312128625
