"","MAPE","MSE","THEIL","BIAS","LOG.LIK","CONF","R2.ADJ","COMMON.TREND"
"Centro.sur",100.954967219077,100.954967219077,100.954967219077,100.994019324856,100.999394036478,100.954967219077,100.954967219077,100.954967219077
