"","MAPE","MSE","THEIL","BIAS","LOG.LIK","CONF","R2.ADJ","COMMON.TREND"
"1",101.842914961634,101.842914961634,101.842914961634,101.842914961634,101.92719535288,101.842914961634,101.842914961634,101.842914961634
"2",102.102930462393,102.102930462393,102.102930462393,102.102930462393,102.345435535088,102.102930462393,102.102930462393,102.102930462393
"3",102.284058415141,102.284058415141,102.284058415141,102.284058415141,102.725467237216,102.284058415141,102.284058415141,102.284058415141
