"","MAPE","MSE","THEIL","BIAS","LOG.LIK","CONF","R2.ADJ","COMMON.TREND"
"1",99.3493994624573,99.3493994624573,99.3493994624573,99.3493994624573,99.3323680540315,99.2942631204656,99.2942631204656,99.2942631204656
"2",99.6769202095125,99.6769202095125,99.6769202095125,99.6769202095125,99.6281409055536,99.5138858903409,99.5138858903409,99.5138858903409
"3",100.048897655052,100.048897655052,100.048897655052,100.048897655052,99.975820910235,99.7528185612795,99.7528185612795,99.7528185612795
"4",100.443538336033,100.443538336033,100.443538336033,100.443538336033,100.346220889409,99.9946318821335,99.9946318821335,99.9946318821335
"5",100.858562804122,100.858562804122,100.858562804122,100.858562804122,100.74425460542,100.248220031005,100.248220031005,100.248220031005
"6",101.280092985904,101.280092985904,101.280092985904,101.280092985904,101.155947481907,100.507249744279,100.507249744279,100.507249744279
