"","MAPE","MSE","THEIL","BIAS","LOG.LIK","CONF","R2.ADJ","COMMON.TREND"
"1",99.6525164105934,99.5885901948352,99.5885901948352,99.6525164105934,99.6525164105934,99.5885901948352,99.5885901948352,99.6525164105934
"2",99.9476163954078,99.818316883626,99.818316883626,99.9476163954078,99.9476163954078,99.818316883626,99.818316883626,99.9476163954078
"3",100.287439185213,100.058136447344,100.058136447344,100.287439185213,100.287439185213,100.058136447344,100.058136447344,100.287439185213
