"","MAPE","MSE","THEIL","BIAS","LOG.LIK","CONF","R2.ADJ","COMMON.TREND"
"1",101.18963916166,101.18963916166,101.18963916166,101.544966382583,101.428670359564,101.18963916166,101.18963916166,101.18963916166
"2",100.985440188898,100.985440188898,100.985440188898,102.132753077545,101.833691829596,100.985440188898,100.985440188898,100.985440188898
"3",100.500984246199,100.500984246199,100.500984246199,102.550134951323,101.963446138812,100.500984246199,100.500984246199,100.500984246199
