"","MAPE","MSE","THEIL","BIAS","LOG.LIK","CONF","R2.ADJ","COMMON.TREND"
"1",99.6038167725293,99.6038167725293,99.6038167725293,99.6038167725293,100.554919028013,99.6038167725293,99.6038167725293,99.6038167725293
"2",99.019215031442,99.019215031442,99.019215031442,99.019215031442,100.737020011971,99.019215031442,99.019215031442,99.019215031442
"3",98.7148985705432,98.7148985705432,98.7148985705432,98.7148985705432,101.034598312974,98.7148985705432,98.7148985705432,98.7148985705432
"4",98.7054063257574,98.7054063257574,98.7054063257574,98.7054063257574,101.397047512175,98.7054063257574,98.7054063257574,98.7054063257574
"5",98.9007664372253,98.9007664372253,98.9007664372253,98.9007664372253,101.756977666418,98.9007664372253,98.9007664372253,98.9007664372253
"6",99.1959248856675,99.1959248856675,99.1959248856675,99.1959248856675,102.119181056408,99.1959248856675,99.1959248856675,99.1959248856675
