"","MAPE","MSE","THEIL","BIAS","LOG.LIK","CONF","R2.ADJ","COMMON.TREND"
"1",102.318120720001,102.318120720001,102.318120720001,102.634575672457,102.327073090266,102.318120720001,102.318120720001,102.318120720001
"2",101.858127307809,101.858127307809,101.858127307809,102.957215389714,102.388297821614,101.858127307809,101.858127307809,101.858127307809
"3",101.610675575661,101.610675575661,101.610675575661,103.495205201804,102.633147050954,101.610675575661,101.610675575661,101.610675575661
