"","MAPE","MSE","THEIL","BIAS","LOG.LIK","CONF","R2.ADJ","COMMON.TREND"
"1",98.731609867265,98.731609867265,98.731609867265,98.7931229845123,98.731609867265,98.7528519034773,98.7528519034773,98.7528519034773
"2",98.9399851091757,98.9399851091757,98.9399851091757,99.0811031787935,98.9399851091757,99.0029435427799,99.0029435427799,99.0029435427799
"3",99.2033117683997,99.2033117683997,99.2033117683997,99.426355796515,99.2033117683997,99.3016519840613,99.3016519840613,99.3016519840613
"4",99.4899638689172,99.4899638689172,99.4899638689172,99.7935844292931,99.4899638689172,99.6190552143914,99.6190552143914,99.6190552143914
"5",99.789385661482,99.789385661482,99.789385661482,100.172626610703,99.789385661482,99.9447640043691,99.9447640043691,99.9447640043691
"6",100.093182564659,100.093182564659,100.093182564659,100.556397717865,100.093182564659,100.273719577071,100.273719577071,100.273719577071
