"","MAPE","MSE","THEIL","BIAS","LOG.LIK","CONF","R2.ADJ","COMMON.TREND"
"1",96.1344536213296,96.2425818897429,96.1344536213296,96.2425818897429,96.1344536213296,96.3228934593929,96.3228934593929,96.1344536213296
"2",96.2769515432302,96.5081280994325,96.2769515432302,96.5081280994325,96.2769515432302,96.6929681204906,96.6929681204906,96.2769515432302
"3",96.3281579715641,96.7183726122539,96.3281579715641,96.7183726122539,96.3281579715641,96.990819443911,96.990819443911,96.3281579715641
