"","MAPE","MSE","THEIL","BIAS","LOG.LIK","CONF","R2.ADJ","COMMON.TREND"
"1",99.0328164612968,99.0328164612968,99.0328164612968,99.0328164612968,99.06757262738,99.0181116463144,99.0181116463144,99.0328164612968
"2",99.2704090124315,99.2704090124315,99.2704090124315,99.2704090124315,99.3514452024887,99.2321802710102,99.2321802710102,99.2704090124315
"3",99.4494931502902,99.4494931502902,99.4494931502902,99.4494931502902,99.5829370430766,99.4126098967129,99.4126098967129,99.4494931502902
"4",99.7257529328383,99.7257529328383,99.7257529328383,99.7257529328383,99.9186549926412,99.692845959015,99.692845959015,99.7257529328383
"5",100.015263333557,100.015263333557,100.015263333557,100.015263333557,100.269696529134,100.006640996062,100.006640996062,100.015263333557
"6",100.340628923195,100.340628923195,100.340628923195,100.340628923195,100.655895852375,100.363426103303,100.363426103303,100.340628923195
