"","MAPE","MSE","THEIL","BIAS","LOG.LIK","CONF","R2.ADJ","COMMON.TREND"
"Centro.norte",95.3986404449789,95.3986404449789,95.3986404449789,95.3414553621406,95.3414553621406,95.3986404449789,95.3986404449789,95.3986404449789
