"","MAPE","MSE","THEIL","BIAS","LOG.LIK","CONF","R2.ADJ","COMMON.TREND"
"1",100.9202847575,100.9202847575,100.9202847575,100.9202847575,100.993371628671,100.9202847575,100.9202847575,100.9202847575
"2",101.226517254819,101.226517254819,101.226517254819,101.226517254819,101.458571311302,101.226517254819,101.226517254819,101.226517254819
"3",101.455677064634,101.455677064634,101.455677064634,101.455677064634,101.913013140561,101.455677064634,101.455677064634,101.455677064634
