"","MAPE","MSE","THEIL","BIAS","LOG.LIK","CONF","R2.ADJ","COMMON.TREND"
"Mexico",95.8392318030174,95.8392318030174,95.8392318030174,95.8619911590927,95.8392318030174,95.8619911590927,95.8619911590927,95.8392318030174
