"","MAPE","MSE","THEIL","BIAS","LOG.LIK","CONF","R2.ADJ","COMMON.TREND"
"1",93.0456726117088,93.0456726117088,93.0456726117088,93.0456726117088,93.0420979301171,93.0456726117088,93.0456726117088,93.0420979301171
"2",93.2259897678896,93.2259897678896,93.2259897678896,93.2259897678896,93.190414259054,93.2259897678896,93.2259897678896,93.190414259054
"3",93.4933185508794,93.4933185508794,93.4933185508794,93.4933185508794,93.4216857932958,93.4933185508794,93.4933185508794,93.4216857932958
"4",93.7910302798886,93.7910302798886,93.7910302798886,93.7910302798886,93.6792605048146,93.7910302798886,93.7910302798886,93.6792605048146
"5",94.0792419507066,94.0792419507066,94.0792419507066,94.0792419507066,93.9312191769435,94.0792419507066,94.0792419507066,93.9312191769435
"6",94.3528652457843,94.3528652457843,94.3528652457843,94.3528652457843,94.1764995450889,94.3528652457843,94.3528652457843,94.1764995450889
