"","MAPE","MSE","THEIL","BIAS","LOG.LIK","CONF","R2.ADJ","COMMON.TREND"
"1",94.6745360706207,94.6745360706207,94.6745360706207,94.6745360706207,94.6838979268143,94.6745360706207,94.6745360706207,94.6745360706207
"2",94.7829351827607,94.7829351827607,94.7829351827607,94.7829351827607,94.7746428795372,94.7829351827607,94.7829351827607,94.7829351827607
"3",94.9619310977717,94.9619310977717,94.9619310977717,94.9619310977717,94.8762799234638,94.9619310977717,94.9619310977717,94.9619310977717
"4",95.1790270498183,95.1790270498183,95.1790270498183,95.1790270498183,94.9647104034319,95.1790270498183,95.1790270498183,95.1790270498183
"5",95.4287185100761,95.4287185100761,95.4287185100761,95.4287185100761,95.0509126537741,95.4287185100761,95.4287185100761,95.4287185100761
"6",95.7054016023616,95.7054016023616,95.7054016023616,95.7054016023616,95.1492911781672,95.7054016023616,95.7054016023616,95.7054016023616
