"","MAPE","MSE","THEIL","BIAS","LOG.LIK","CONF","R2.ADJ","COMMON.TREND"
"1",99.2079573603372,99.2079573603372,99.2079573603372,99.2079573603372,99.8351001649839,99.2079573603372,99.2079573603372,99.8351001649839
"2",100.180270726188,100.180270726188,100.180270726188,100.180270726188,101.098179703672,100.180270726188,100.180270726188,101.098179703672
"3",100.659699760082,100.659699760082,100.659699760082,100.659699760082,101.942928730652,100.659699760082,100.659699760082,101.942928730652
"4",100.95337625215,100.95337625215,100.95337625215,100.95337625215,102.673956162614,100.95337625215,100.95337625215,102.673956162614
"5",101.113303339272,101.113303339272,101.113303339272,101.113303339272,103.279757465979,101.113303339272,101.113303339272,103.279757465979
"6",101.244043388739,101.244043388739,101.244043388739,101.244043388739,103.79711792081,101.244043388739,101.244043388739,103.79711792081
