"","MAPE","MSE","THEIL","BIAS","LOG.LIK","CONF","R2.ADJ","COMMON.TREND"
"1",95.4826562179757,95.4826562179757,95.4826562179757,95.4826562179757,95.4175462315613,95.4826562179757,95.4826562179757,95.4175462315613
"2",95.8786894160429,95.8786894160429,95.8786894160429,95.8786894160429,95.7003345504061,95.8786894160429,95.8786894160429,95.7003345504061
"3",96.2644657266582,96.2644657266582,96.2644657266582,96.2644657266582,95.9566127859481,96.2644657266582,96.2644657266582,95.9566127859481
