"","MAPE","MSE","THEIL","BIAS","LOG.LIK","CONF","R2.ADJ","COMMON.TREND"
"Nacional",95.3563015742262,95.3563015742262,95.3563015742262,95.3563015742262,95.3076590066634,95.284781921616,95.284781921616,95.284781921616
