"","MAPE","MSE","THEIL","BIAS","LOG.LIK","CONF","R2.ADJ","COMMON.TREND"
"Nacional",95.7077134810007,95.7077134810007,95.7077134810007,95.7076237796859,95.6250497529309,95.7076237796859,95.7076237796859,95.7076237796859
