"","MAPE","MSE","THEIL","BIAS","LOG.LIK","CONF","R2.ADJ","COMMON.TREND"
"1",99.7927180293863,99.7927180293863,99.7927180293863,99.7927180293863,99.7927180293863,99.5488062801952,99.5488062801952,99.5488062801952
"2",99.803944006199,99.803944006199,99.803944006199,99.803944006199,99.803944006199,99.3076374912026,99.3076374912026,99.3076374912026
"3",99.9890121882326,99.9890121882326,99.9890121882326,99.9890121882326,99.9890121882326,99.1658273970025,99.1658273970025,99.1658273970025
"4",100.201297912425,100.201297912425,100.201297912425,100.201297912425,100.201297912425,99.0549229365816,99.0549229365816,99.0549229365816
"5",100.470767162826,100.470767162826,100.470767162826,100.470767162826,100.470767162826,99.0177395415367,99.0177395415367,99.0177395415367
"6",100.733461383321,100.733461383321,100.733461383321,100.733461383321,100.733461383321,99.0319951594784,99.0319951594784,99.0319951594784
