"","MAPE","MSE","THEIL","BIAS","LOG.LIK","CONF","R2.ADJ","COMMON.TREND"
"1",99.188388999707,99.188388999707,99.188388999707,99.188388999707,99.1470887432664,99.1307546539164,99.1307546539164,99.1307546539164
"2",99.6134856851425,99.6134856851425,99.6134856851425,99.6134856851425,99.5292846680729,99.4616465520376,99.4616465520376,99.4616465520376
"3",100.044233061076,100.044233061076,100.044233061076,100.044233061076,99.9201881754164,99.7761873448266,99.7761873448266,99.7761873448266
