"","MAPE","MSE","THEIL","BIAS","LOG.LIK","CONF","R2.ADJ","COMMON.TREND"
"1",99.4925416238099,99.4925416238099,99.4925416238099,99.4925416238099,99.4925416238099,99.4314417660491,99.4314417660491,99.4314417660491
"2",99.6424899877721,99.6424899877721,99.6424899877721,99.6424899877721,99.6424899877721,99.5148469308021,99.5148469308021,99.5148469308021
"3",99.8256916905248,99.8256916905248,99.8256916905248,99.8256916905248,99.8256916905248,99.5925358831472,99.5925358831472,99.5925358831472
"4",100.083131748032,100.083131748032,100.083131748032,100.083131748032,100.083131748032,99.7147359608559,99.7147359608559,99.7147359608559
"5",100.39497237936,100.39497237936,100.39497237936,100.39497237936,100.39497237936,99.8688597472323,99.8688597472323,99.8688597472323
"6",100.741169213226,100.741169213226,100.741169213226,100.741169213226,100.741169213226,100.044516395838,100.044516395838,100.044516395838
