"","MAPE","MSE","THEIL","BIAS","LOG.LIK","CONF","R2.ADJ","COMMON.TREND"
"Centro.sur",99.6525164105934,99.6525164105934,99.6525164105934,99.6525164105934,99.6525164105934,99.588590194835,99.588590194835,99.588590194835
