"","MAPE","MSE","THEIL","BIAS","LOG.LIK","CONF","R2.ADJ","COMMON.TREND"
"Frontera.norte",97.1224556585531,96.387821242505,96.387821242505,96.387821242505,97.073492003164,96.387821242505,96.387821242505,97.073492003164
