"","MAPE","MSE","THEIL","BIAS","LOG.LIK","CONF","R2.ADJ","COMMON.TREND"
"Sur",95.1125708549524,95.1125708549524,95.1125708549524,95.1125708549524,95.1566585044442,95.2346004870097,95.2346004870097,95.1566585044442
