"","MAPE","MSE","THEIL","BIAS","LOG.LIK","CONF","R2.ADJ","COMMON.TREND"
"Noroeste",99.8160970067666,99.8160970067666,99.8160970067666,99.8160970067666,99.9190446177029,99.8160970067666,99.8160970067666,99.9190446177029
