"","MAPE","MSE","THEIL","BIAS","LOG.LIK","CONF","R2.ADJ","COMMON.TREND"
"1",95.0662669622053,95.0662669622053,95.0662669622053,95.0662669622053,95.0277310766357,95.0662669622053,95.0662669622053,95.0277310766357
"2",95.3778664711358,95.3778664711358,95.3778664711358,95.3778664711358,95.2886650651172,95.3778664711358,95.3778664711358,95.2886650651172
"3",95.6488131065852,95.6488131065852,95.6488131065852,95.6488131065852,95.4977849460082,95.6488131065852,95.6488131065852,95.4977849460082
"4",95.9139061140989,95.9139061140989,95.9139061140989,95.9139061140989,95.7043623597739,95.9139061140989,95.9139061140989,95.7043623597739
"5",96.1559791870343,96.1559791870343,96.1559791870343,96.1559791870343,95.8894319221624,96.1559791870343,96.1559791870343,95.8894319221624
"6",96.3947190896794,96.3947190896794,96.3947190896794,96.3947190896794,96.0761771807928,96.3947190896794,96.3947190896794,96.0761771807928
