"","MAPE","MSE","THEIL","BIAS","LOG.LIK","CONF","R2.ADJ","COMMON.TREND"
"1",95.0048163833396,95.0048163833396,95.0048163833396,95.0048163833396,95.0892100721771,95.0048163833396,95.0048163833396,95.0048163833396
"2",94.9760124475832,94.9760124475832,94.9760124475832,94.9760124475832,94.9935949776181,94.9760124475832,94.9760124475832,94.9760124475832
"3",94.9578637617818,94.9578637617818,94.9578637617818,94.9578637617818,94.9170736799034,94.9578637617818,94.9578637617818,94.9578637617818
