"","MAPE","MSE","THEIL","BIAS","LOG.LIK","CONF","R2.ADJ","COMMON.TREND"
"Mexico",99.188388999707,99.188388999707,99.188388999707,99.188388999707,99.1470887432664,99.1307546539164,99.1307546539164,99.1307546539164
