"","MAPE","MSE","THEIL","BIAS","LOG.LIK","CONF","R2.ADJ","COMMON.TREND"
"1",93.9375478030782,93.9375478030782,93.9375478030782,93.9375478030782,93.9476439758682,93.9375478030782,93.9375478030782,93.9476439758682
"2",94.2657055492563,94.2657055492563,94.2657055492563,94.2657055492563,94.3008069672937,94.2657055492563,94.2657055492563,94.3008069672937
"3",94.5874751471249,94.5874751471249,94.5874751471249,94.5874751471249,94.6459937991063,94.5874751471249,94.5874751471249,94.6459937991063
