"","MAPE","MSE","THEIL","BIAS","LOG.LIK","CONF","R2.ADJ","COMMON.TREND"
"Sur",102.507259851911,102.507259851911,102.507259851911,102.507259851911,102.721286201791,102.507259851911,102.507259851911,102.507259851911
