"","MAPE","MSE","THEIL","BIAS","LOG.LIK","CONF","R2.ADJ","COMMON.TREND"
"1",103.355774712395,103.355774712395,103.355774712395,103.355774712395,103.355774712395,103.298768974438,103.298768974438,103.298768974438
"2",103.637825355953,103.637825355953,103.637825355953,103.637825355953,103.637825355953,103.507951165103,103.507951165103,103.507951165103
"3",103.992599433113,103.992599433113,103.992599433113,103.992599433113,103.992599433113,103.757668379573,103.757668379573,103.757668379573
"4",104.399554427135,104.399554427135,104.399554427135,104.399554427135,104.399554427135,104.044134659555,104.044134659555,104.044134659555
"5",104.842640417789,104.842640417789,104.842640417789,104.842640417789,104.842640417789,104.355724427857,104.355724427857,104.355724427857
"6",105.303238347449,105.303238347449,105.303238347449,105.303238347449,105.303238347449,104.682020837028,104.682020837028,104.682020837028
