"","MAPE","MSE","THEIL","BIAS","LOG.LIK","CONF","R2.ADJ","COMMON.TREND"
"1",94.9341416127323,94.9341416127323,94.9341416127323,94.9341416127323,95.0822793616419,94.9341416127323,94.9341416127323,94.9341416127323
"2",95.0601104745687,95.0601104745687,95.0601104745687,95.0601104745687,95.4337845207966,95.0601104745687,95.0601104745687,95.0601104745687
"3",95.1299493892189,95.1299493892189,95.1299493892189,95.1299493892189,95.7216358428807,95.1299493892189,95.1299493892189,95.1299493892189
