"","MAPE","MSE","THEIL","BIAS","LOG.LIK","CONF","R2.ADJ","COMMON.TREND"
"1",97.6535771759733,97.6535771759733,97.6535771759733,97.6535771759733,97.106998452855,97.6535771759733,97.6535771759733,97.3999520458077
"2",98.2204227819551,98.2204227819551,98.2204227819551,98.2204227819551,96.9418289717104,98.2204227819551,98.2204227819551,97.594614796619
"3",98.9281088643329,98.9281088643329,98.9281088643329,98.9281088643329,96.9199523525983,98.9281088643329,98.9281088643329,97.9329007810021
"4",99.5204399876438,99.5204399876438,99.5204399876438,99.5204399876438,96.9765708287898,99.5204399876438,99.5204399876438,98.2837021902921
"5",99.930171794906,99.930171794906,99.930171794906,99.930171794906,97.0140081071576,99.930171794906,99.930171794906,98.5621607893171
"6",100.198881416428,100.198881416428,100.198881416428,100.198881416428,97.0197658571802,100.198881416428,100.198881416428,98.7771034578477
