"","MAPE","MSE","THEIL","BIAS","LOG.LIK","CONF","R2.ADJ","COMMON.TREND"
"1",96.4476157593045,96.4476157593045,96.4476157593045,96.4514523206641,96.4476157593045,96.4514523206641,96.4514523206641,96.4514523206641
"2",96.7997725914759,96.7997725914759,96.7997725914759,96.7950820401169,96.7997725914759,96.7950820401169,96.7950820401169,96.7950820401169
"3",97.1092041731335,97.1092041731335,97.1092041731335,97.0967370779426,97.1092041731335,97.0967370779426,97.0967370779426,97.0967370779426
"4",97.4231737340563,97.4231737340563,97.4231737340563,97.3988280792053,97.4231737340563,97.3988280792053,97.3988280792053,97.3988280792053
"5",97.7322296020089,97.7322296020089,97.7322296020089,97.6930532788046,97.7322296020089,97.6930532788046,97.6930532788046,97.6930532788046
"6",98.0459049213068,98.0459049213068,98.0459049213068,97.9869382569536,98.0459049213068,97.9869382569536,97.9869382569536,97.9869382569536
