"","MAPE","MSE","THEIL","BIAS","LOG.LIK","CONF","R2.ADJ","COMMON.TREND"
"1",95.4589650776796,95.4589650776796,95.4589650776796,95.4589650776796,94.7527548446762,95.4589650776796,95.4589650776796,94.7527548446762
"2",96.5599021660564,96.5599021660564,96.5599021660564,96.5599021660564,94.4760739298515,96.5599021660564,96.5599021660564,94.4760739298515
"3",97.5642402427366,97.5642402427366,97.5642402427366,97.5642402427366,94.5736465196101,97.5642402427366,97.5642402427366,94.5736465196101
"4",98.3989048771201,98.3989048771201,98.3989048771201,98.3989048771201,94.7431341337786,98.3989048771201,98.3989048771201,94.7431341337786
"5",98.9381976063197,98.9381976063197,98.9381976063197,98.9381976063197,94.8556147921116,98.9381976063197,98.9381976063197,94.8556147921116
"6",99.2553363136572,99.2553363136572,99.2553363136572,99.2553363136572,94.88834983957,99.2553363136572,99.2553363136572,94.88834983957
