"","MAPE","MSE","THEIL","BIAS","LOG.LIK","CONF","R2.ADJ","COMMON.TREND"
"1",97.7523361851487,97.7523361851487,97.7523361851487,96.4085706420693,96.4085706420693,97.7523361851487,97.7523361851487,96.4085706420693
"2",99.2402357642822,99.2402357642822,99.2402357642822,96.3273860171652,96.3273860171652,99.2402357642822,99.2402357642822,96.3273860171652
"3",100.231084903349,100.231084903349,100.231084903349,96.2882480170259,96.2882480170259,100.231084903349,100.231084903349,96.2882480170259
