"","MAPE","MSE","THEIL","BIAS","LOG.LIK","CONF","R2.ADJ","COMMON.TREND"
"Sur",94.8938607610799,94.8938607610799,94.8938607610799,94.8100477104984,94.7192036754159,94.8938607610799,94.8938607610799,94.7192036754159
