"","MAPE","MSE","THEIL","BIAS","LOG.LIK","CONF","R2.ADJ","COMMON.TREND"
"1",98.9352683258029,98.9352683258029,98.9352683258029,98.9352683258029,98.9484863122786,98.8416936868994,98.8416936868994,98.9352683258029
"2",98.870338443376,98.870338443376,98.870338443376,98.870338443376,98.8665207065308,98.7442964988915,98.7442964988915,98.870338443376
"3",99.035170107498,99.035170107498,99.035170107498,99.035170107498,99.0225655434209,98.8520902366329,98.8520902366329,99.035170107498
