"","MAPE","MSE","THEIL","BIAS","LOG.LIK","CONF","R2.ADJ","COMMON.TREND"
"1",102.982430294866,102.982430294866,102.982430294866,102.982430294866,102.982430294866,102.92892229044,102.982430294866,102.92892229044
"2",103.29375869723,103.29375869723,103.29375869723,103.29375869723,103.29375869723,103.182271069989,103.29375869723,103.182271069989
"3",103.694959686181,103.694959686181,103.694959686181,103.694959686181,103.694959686181,103.506099659471,103.694959686181,103.506099659471
"4",104.131000695547,104.131000695547,104.131000695547,104.131000695547,104.131000695547,103.861515873829,104.131000695547,103.861515873829
"5",104.591937099709,104.591937099709,104.591937099709,104.591937099709,104.591937099709,104.238726842273,104.591937099709,104.238726842273
"6",105.057512199504,105.057512199504,105.057512199504,105.057512199504,105.057512199504,104.622652538451,105.057512199504,104.622652538451
