"","MAPE","MSE","THEIL","BIAS","LOG.LIK","CONF","R2.ADJ","COMMON.TREND"
"Nacional",96.4814806144721,96.4814806144721,96.4814806144721,96.4648544682059,96.4094031318552,96.4648544682059,96.4648544682059,96.4648544682059
