"","MAPE","MSE","THEIL","BIAS","LOG.LIK","CONF","R2.ADJ","COMMON.TREND"
"1",96.3844852566363,96.3844852566363,96.3844852566363,96.3844852566363,96.3844852566363,96.4646388554937,96.4646388554937,96.3844852566363
"2",96.8791066872705,96.8791066872705,96.8791066872705,96.8791066872705,96.8791066872705,97.0312471242595,97.0312471242595,96.8791066872705
"3",97.2490398192205,97.2490398192205,97.2490398192205,97.2490398192205,97.2490398192205,97.4656634193521,97.4656634193521,97.2490398192205
"4",97.5398595910571,97.5398595910571,97.5398595910571,97.5398595910571,97.5398595910571,97.7697282188952,97.7697282188952,97.5398595910571
"5",97.7689557896501,97.7689557896501,97.7689557896501,97.7689557896501,97.7689557896501,97.9872448345405,97.9872448345405,97.7689557896501
"6",97.9646516053578,97.9646516053578,97.9646516053578,97.9646516053578,97.9646516053578,98.1639418809217,98.1639418809217,97.9646516053578
