"","MAPE","MSE","THEIL","BIAS","LOG.LIK","CONF","R2.ADJ","COMMON.TREND"
"Mexico",94.82336807289,94.82336807289,94.82336807289,94.82336807289,94.8099401088475,94.82336807289,94.82336807289,94.8099401088475
