"","MAPE","MSE","THEIL","BIAS","LOG.LIK","CONF","R2.ADJ","COMMON.TREND"
"1",95.9235402314454,95.9235402314454,95.9235402314454,95.9235402314454,96.9025787954287,95.9235402314454,95.9235402314454,96.9025787954287
"2",94.976388884193,94.976388884193,94.976388884193,94.976388884193,96.532979155056,94.976388884193,94.976388884193,96.532979155056
"3",94.5168751868848,94.5168751868848,94.5168751868848,94.5168751868848,96.1448013190867,94.5168751868848,94.5168751868848,96.1448013190867
"4",94.4277236252367,94.4277236252367,94.4277236252367,94.4277236252367,95.8204140436212,94.4277236252367,94.4277236252367,95.8204140436212
"5",94.635860814421,94.635860814421,94.635860814421,94.635860814421,95.6136348534855,94.635860814421,94.635860814421,95.6136348534855
"6",94.9921791559462,94.9921791559462,94.9921791559462,94.9921791559462,95.5009521943664,94.9921791559462,94.9921791559462,95.5009521943664
