"","MAPE","MSE","THEIL","BIAS","LOG.LIK","CONF","R2.ADJ","COMMON.TREND"
"1",95.517616762804,95.517616762804,95.517616762804,94.9893080294163,94.8054964974013,95.517616762804,95.517616762804,94.9893080294163
"2",96.3578340973439,96.3578340973439,96.3578340973439,94.9422358747479,94.5284283832788,96.3578340973439,96.3578340973439,94.9422358747479
"3",97.1047847747656,97.1047847747656,97.1047847747656,94.8392318565034,94.1882111036008,97.1047847747656,97.1047847747656,94.8392318565034
