"","MAPE","MSE","THEIL","BIAS","LOG.LIK","CONF","R2.ADJ","COMMON.TREND"
"1",98.4579629754112,98.4579629754112,98.4579629754112,98.4579629754112,98.5331932064508,98.1208879777298,98.1208879777298,98.1208879777298
"2",98.6818615525169,98.6818615525169,98.6818615525169,98.6818615525169,98.8579123637501,97.9066112435224,97.9066112435224,97.9066112435224
"3",98.520983129538,98.520983129538,98.520983129538,98.520983129538,98.8270537419733,97.3173306370934,97.3173306370934,97.3173306370934
"4",98.5634957583277,98.5634957583277,98.5634957583277,98.5634957583277,99.0291051133217,96.9361030496586,96.9361030496586,96.9361030496586
"5",98.7425715268017,98.7425715268017,98.7425715268017,98.7425715268017,99.3877562781704,96.8109962203745,96.8109962203745,96.8109962203745
"6",99.0631642680806,99.0631642680806,99.0631642680806,99.0631642680806,99.8907433646959,96.9510512613006,96.9510512613006,96.9510512613006
