"","MAPE","MSE","THEIL","BIAS","LOG.LIK","CONF","R2.ADJ","COMMON.TREND"
"1",100.935448161268,100.935448161268,100.935448161268,100.935448161268,100.935448161268,100.935448161268,100.935448161268,100.912941259126
"2",101.321497274036,101.321497274036,101.321497274036,101.321497274036,101.321497274036,101.321497274036,101.321497274036,101.261257963535
"3",101.708400188126,101.708400188126,101.708400188126,101.708400188126,101.708400188126,101.708400188126,101.708400188126,101.589019664911
"4",102.09691383772,102.09691383772,102.09691383772,102.09691383772,102.09691383772,102.09691383772,102.09691383772,101.905032141932
"5",102.485116481492,102.485116481492,102.485116481492,102.485116481492,102.485116481492,102.485116481492,102.485116481492,102.213311518338
"6",102.868745213072,102.868745213072,102.868745213072,102.868745213072,102.868745213072,102.868745213072,102.868745213072,102.514584406039
