"","MAPE","MSE","THEIL","BIAS","LOG.LIK","CONF","R2.ADJ","COMMON.TREND"
"1",95.669968815134,95.669968815134,95.669968815134,95.669968815134,95.7087900483704,95.669968815134,95.669968815134,95.669968815134
"2",96.1748962986067,96.1748962986067,96.1748962986067,96.1748962986067,96.2072549450166,96.1748962986067,96.1748962986067,96.1748962986067
"3",96.6544400248637,96.6544400248637,96.6544400248637,96.6544400248637,96.6864820241695,96.6544400248637,96.6544400248637,96.6544400248637
