"","MAPE","MSE","THEIL","BIAS","LOG.LIK","CONF","R2.ADJ","COMMON.TREND"
"1",96.485830515603,96.485830515603,96.485830515603,96.485830515603,96.490618650728,96.485830515603,96.485830515603,96.485830515603
"2",96.8403701100517,96.8403701100517,96.8403701100517,96.8403701100517,96.8634655415009,96.8403701100517,96.8403701100517,96.8403701100517
"3",97.1477190347574,97.1477190347574,97.1477190347574,97.1477190347574,97.1846572672426,97.1477190347574,97.1477190347574,97.1477190347574
