"","MAPE","MSE","THEIL","BIAS","LOG.LIK","CONF","R2.ADJ","COMMON.TREND"
"1",93.8342738052326,93.8342738052326,93.8342738052326,93.8342738052326,93.7855258628882,93.7940651168499,93.7940651168499,93.7855258628882
"2",93.9583310120137,93.9583310120137,93.9583310120137,93.9583310120137,93.8368287773328,93.8931802516804,93.8931802516804,93.8368287773328
"3",94.2225083467923,94.2225083467923,94.2225083467923,94.2225083467923,94.0135071592617,94.1157302876781,94.1157302876781,94.0135071592617
"4",94.522524671753,94.522524671753,94.522524671753,94.522524671753,94.2187668670608,94.3761453841679,94.3761453841679,94.2187668670608
"5",94.8152295099473,94.8152295099473,94.8152295099473,94.8152295099473,94.4213067945016,94.6360892465439,94.6360892465439,94.4213067945016
"6",95.0867169978525,95.0867169978525,95.0867169978525,95.0867169978525,94.6161074728377,94.8896225813052,94.8896225813052,94.6161074728377
