"","MAPE","MSE","THEIL","BIAS","LOG.LIK","CONF","R2.ADJ","COMMON.TREND"
"1",95.2719995500729,95.2719995500729,95.2719995500729,95.2719995500729,95.2130985819311,95.2719995500729,95.2719995500729,95.2130985819311
"2",95.1555514355218,95.1555514355218,95.1555514355218,95.1555514355218,95.0009166571173,95.1555514355218,95.1555514355218,95.0009166571173
"3",95.1986075622609,95.1986075622609,95.1986075622609,95.1986075622609,94.9273548926349,95.1986075622609,95.1986075622609,94.9273548926349
"4",95.295738680589,95.295738680589,95.295738680589,95.295738680589,94.8511375172899,95.295738680589,95.295738680589,94.8511375172899
"5",95.4758231885175,95.4758231885175,95.4758231885175,95.4758231885175,94.8340279208582,95.4758231885175,95.4758231885175,94.8340279208582
"6",95.6998785215399,95.6998785215399,95.6998785215399,95.6998785215399,94.8379450200351,95.6998785215399,95.6998785215399,94.8379450200351
