"","MAPE","MSE","THEIL","BIAS","LOG.LIK","CONF","R2.ADJ","COMMON.TREND"
"Nacional",95.6760501614168,95.6760501614168,95.6760501614168,95.6760501614168,95.732914242668,95.6760501614168,95.6760501614168,95.6760501614168
