"","MAPE","MSE","THEIL","BIAS","LOG.LIK","CONF","R2.ADJ","COMMON.TREND"
"Noroeste",97.8530153272708,97.8530153272708,97.8530153272708,97.8530153272708,97.8530153272708,98.613175939531,98.613175939531,98.613175939531
