"","MAPE","MSE","THEIL","BIAS","LOG.LIK","CONF","R2.ADJ","COMMON.TREND"
"1",92.6985639047924,92.7338816107392,92.7338816107392,92.6985639047924,92.7165247252168,92.7338816107392,92.7338816107392,92.7165247252168
"2",92.9363888397097,92.9631767131281,92.9631767131281,92.9363888397097,92.982534965669,92.9631767131281,92.9631767131281,92.982534965669
"3",93.1670401087798,93.172761632086,93.172761632086,93.1670401087798,93.2385920610574,93.172761632086,93.172761632086,93.2385920610574
