"","MAPE","MSE","THEIL","BIAS","LOG.LIK","CONF","R2.ADJ","COMMON.TREND"
"1",96.6079896093621,96.6079896093621,96.6079896093621,96.5864246236808,96.6079896093621,96.5864246236808,96.5864246236808,96.5864246236808
"2",96.876086482902,96.876086482902,96.876086482902,96.8744659441713,96.876086482902,96.8744659441713,96.8744659441713,96.8744659441713
"3",97.18636229641,97.18636229641,97.18636229641,97.191722761154,97.18636229641,97.191722761154,97.191722761154,97.191722761154
