"","MAPE","MSE","THEIL","BIAS","LOG.LIK","CONF","R2.ADJ","COMMON.TREND"
"1",99.7927180293863,99.7927180293863,99.7927180293863,99.8505616737178,99.7927180293863,99.5488062801952,99.5488062801952,99.5488062801952
"2",99.803944006199,99.803944006199,99.803944006199,99.9408738376835,99.803944006199,99.3076374912045,99.3076374912045,99.3076374912045
"3",99.9890121882326,99.9890121882326,99.9890121882326,100.238162760949,99.9890121882326,99.1658273969942,99.1658273969942,99.1658273969942
"4",100.201297912425,100.201297912425,100.201297912425,100.576301929144,100.201297912425,99.0549229365781,99.0549229365781,99.0549229365781
"5",100.470767162826,100.470767162826,100.470767162826,100.981926449934,100.470767162826,99.0177395415013,99.0177395415013,99.0177395415013
"6",100.733461383321,100.733461383321,100.733461383321,101.382134717763,100.733461383321,99.0319951594283,99.0319951594283,99.0319951594283
