"","MAPE","MSE","THEIL","BIAS","LOG.LIK","CONF","R2.ADJ","COMMON.TREND"
"1",96.0695381908319,96.0695381908319,96.0695381908319,96.0695381908319,96.0695381908319,96.0695381908319,96.0695381908319,96.0695381908319
"2",96.3806520359966,96.3806520359966,96.3806520359966,96.3806520359966,96.3806520359966,96.3806520359966,96.3806520359966,96.3806520359966
"3",96.6477985996438,96.6477985996438,96.6477985996438,96.6477985996438,96.6477985996438,96.6477985996438,96.6477985996438,96.6477985996438
"4",96.894834815015,96.894834815015,96.894834815015,96.894834815015,96.894834815015,96.894834815015,96.894834815015,96.894834815015
"5",97.1163968267903,97.1163968267903,97.1163968267903,97.1163968267903,97.1163968267903,97.1163968267903,97.1163968267903,97.1163968267903
"6",97.3179275109098,97.3179275109098,97.3179275109098,97.3179275109098,97.3179275109098,97.3179275109098,97.3179275109098,97.3179275109098
