"","MAPE","MSE","THEIL","BIAS","LOG.LIK","CONF","R2.ADJ","COMMON.TREND"
"1",97.1224556585819,96.3878212424752,96.3878212424752,96.3878212424752,97.0734920031637,96.3878212424752,96.3878212424752,97.0734920031637
"2",97.0108669958679,95.0053037051448,95.0053037051448,95.0053037051448,96.8853929127833,95.0053037051448,95.0053037051448,96.8853929127833
"3",96.8981500381714,93.7985569317255,93.7985569317255,93.7985569317255,96.6995597545676,93.7985569317255,93.7985569317255,96.6995597545676
"4",96.8468947641972,93.1133126778656,93.1133126778656,93.1133126778656,96.6034378645721,93.1133126778656,93.1133126778656,96.6034378645721
"5",96.8608971752487,92.9473879551906,92.9473879551906,92.9473879551906,96.6082855651872,92.9473879551906,92.9473879551906,96.6082855651872
"6",96.9308668916908,93.1523802844323,93.1523802844323,93.1523802844323,96.6983151097045,93.1523802844323,93.1523802844323,96.6983151097045
