"","MAPE","MSE","THEIL","BIAS","LOG.LIK","CONF","R2.ADJ","COMMON.TREND"
"1",95.8902421625512,95.8902421625512,95.8902421625512,95.8902421625512,95.8902421625512,95.863528237236,95.863528237236,95.8902421625512
"2",96.2459919350626,96.2459919350626,96.2459919350626,96.2459919350626,96.2459919350626,96.1978586743435,96.1978586743435,96.2459919350626
"3",96.5771297339418,96.5771297339418,96.5771297339418,96.5771297339418,96.5771297339418,96.5086439583511,96.5086439583511,96.5771297339418
"4",96.8639288703991,96.8639288703991,96.8639288703991,96.8639288703991,96.8639288703991,96.776291099707,96.776291099707,96.8639288703991
"5",97.1208547122058,97.1208547122058,97.1208547122058,97.1208547122058,97.1208547122058,97.022807060164,97.022807060164,97.1208547122058
"6",97.349987030407,97.349987030407,97.349987030407,97.349987030407,97.349987030407,97.2599346011945,97.2599346011945,97.349987030407
