"","MAPE","MSE","THEIL","BIAS","LOG.LIK","CONF","R2.ADJ","COMMON.TREND"
"1",96.4744026609241,96.4744026609241,96.4744026609241,96.485830515603,96.490618650728,96.485830515603,96.485830515603,96.485830515603
"2",96.834647664601,96.834647664601,96.834647664601,96.8403701100517,96.8634655415009,96.8403701100517,96.8403701100517,96.8403701100517
"3",97.1600503710703,97.1600503710703,97.1600503710703,97.1477190347569,97.1846572672425,97.1477190347569,97.1477190347569,97.1477190347569
