"","MAPE","MSE","THEIL","BIAS","LOG.LIK","CONF","R2.ADJ","COMMON.TREND"
"Mexico",95.0180233372378,95.0180233372378,95.0180233372378,95.0180233372378,94.993741446395,95.0180233372378,95.0180233372378,94.993741446395
