"","MAPE","MSE","THEIL","BIAS","LOG.LIK","CONF","R2.ADJ","COMMON.TREND"
"1",98.389200386875,98.389200386875,98.389200386875,98.336024359441,98.372087645774,98.336024359441,98.389200386875,98.336024359441
"2",98.7456138332979,98.7456138332979,98.7456138332979,98.6175062535197,98.7009380741977,98.6175062535197,98.7456138332979,98.6175062535197
"3",99.1435718328716,99.1435718328716,99.1435718328716,98.9242885298639,99.0745557658824,98.9242885298639,99.1435718328716,98.9242885298639
"4",99.5456947924129,99.5456947924129,99.5456947924129,99.2322528782329,99.4592620263789,99.2322528782329,99.5456947924129,99.2322528782329
"5",99.9489041543528,99.9489041543528,99.9489041543528,99.5415856137251,99.8556303661102,99.5415856137251,99.9489041543528,99.5415856137251
"6",100.345945210576,100.345945210576,100.345945210576,99.8489593920549,100.256521278591,99.8489593920549,100.345945210576,99.8489593920549
