"","MAPE","MSE","THEIL","BIAS","LOG.LIK","CONF","R2.ADJ","COMMON.TREND"
"1",99.6964097921737,99.6964097921737,99.6964097921737,99.6964097921737,99.6582765014024,99.6571939277305,99.6571939277305,99.6571939277305
"2",100.007256367314,100.007256367314,100.007256367314,100.007256367314,99.9110944593179,99.879711484918,99.879711484918,99.879711484918
"3",100.355457644357,100.355457644357,100.355457644357,100.355457644357,100.185157212224,100.092714096523,100.092714096523,100.092714096523
