"","MAPE","MSE","THEIL","BIAS","LOG.LIK","CONF","R2.ADJ","COMMON.TREND"
"1",99.9241924408633,99.9241924408633,99.9241924408633,99.9241924408633,99.892679873903,99.8742362168558,99.8742362168558,99.8742362168558
"2",100.379191072416,100.379191072416,100.379191072416,100.379191072416,100.305941295949,100.263048503343,100.263048503343,100.263048503343
"3",100.85427009772,100.85427009772,100.85427009772,100.85427009772,100.739123426572,100.646462566242,100.646462566242,100.646462566242
"4",101.346147404622,101.346147404622,101.346147404622,101.346147404622,101.191158539538,101.028343662195,101.028343662195,101.028343662195
"5",101.846569037446,101.846569037446,101.846569037446,101.846569037446,101.655706228827,101.405636280535,101.405636280535,101.405636280535
"6",102.349651199064,102.349651199064,102.349651199064,102.349651199064,102.127614367048,101.77770068128,101.77770068128,101.77770068128
