"","MAPE","MSE","THEIL","BIAS","LOG.LIK","CONF","R2.ADJ","COMMON.TREND"
"Centro.norte",99.6387509207322,99.6285273023176,99.6387509207322,99.6285273023176,99.6387509207322,99.6343634433164,99.6343634433164,99.6343634433164
