"","MAPE","MSE","THEIL","BIAS","LOG.LIK","CONF","R2.ADJ","COMMON.TREND"
"1",99.2174511044164,99.2174511044164,99.2174511044164,98.8878663994496,99.1728375421606,98.8878663994496,98.8878663994496,98.8878663994496
"2",99.6915242943118,99.6915242943118,99.6915242943118,98.9158175625699,99.5732524672103,98.9158175625699,98.9158175625699,98.9158175625699
"3",100.219349127568,100.219349127568,100.219349127568,98.9462316414617,100.018165918611,98.9462316414617,98.9462316414617,98.9462316414617
