"","MAPE","MSE","THEIL","BIAS","LOG.LIK","CONF","R2.ADJ","COMMON.TREND"
"Centro.sur",94.5397561816326,94.5397561816326,94.5397561816326,94.5397561816326,94.5397561816326,94.5397561816326,94.5397561816326,94.5365189385016
