"","MAPE","MSE","THEIL","BIAS","LOG.LIK","CONF","R2.ADJ","COMMON.TREND"
"Mexico",102.96636409365,102.96636409365,102.96636409365,102.96636409365,102.895272923741,102.895272923741,102.895272923741,102.895272923741
