"","MAPE","MSE","THEIL","BIAS","LOG.LIK","CONF","R2.ADJ","COMMON.TREND"
"1",100.293476734637,100.293476734637,100.293476734637,100.28565630692,100.28565630692,100.322930908099,100.322930908099,100.293476734637
"2",100.643293964846,100.643293964846,100.643293964846,100.644424412301,100.644424412301,100.715045558795,100.715045558795,100.643293964846
"3",100.984667162975,100.984667162975,100.984667162975,101.027737898689,101.027737898689,101.120966363054,101.120966363054,100.984667162975
"4",101.309226234179,101.309226234179,101.309226234179,101.414544847533,101.414544847533,101.521863361354,101.521863361354,101.309226234179
"5",101.623397499992,101.623397499992,101.623397499992,101.807119197142,101.807119197142,101.92001160578,101.92001160578,101.623397499992
"6",101.92864669215,101.92864669215,101.92864669215,102.200510322102,102.200510322102,102.311107007712,102.311107007712,101.92864669215
