"","MAPE","MSE","THEIL","BIAS","LOG.LIK","CONF","R2.ADJ","COMMON.TREND"
"1",103.50419835815,103.50419835815,103.50419835815,103.481725062774,103.50419835815,103.479830183623,103.50419835815,103.479830183623
"2",103.855636053107,103.855636053107,103.855636053107,103.805239928734,103.855636053107,103.793191683025,103.855636053107,103.793191683025
"3",104.244988649939,104.244988649939,104.244988649939,104.169264728535,104.244988649939,104.123620239731,104.244988649939,104.123620239731
"4",104.665600711371,104.665600711371,104.665600711371,104.567697436696,104.665600711371,104.472459054762,104.665600711371,104.472459054762
"5",105.105932966119,105.105932966119,105.105932966119,104.989515042013,105.105932966119,104.831968375435,105.105932966119,104.831968375435
"6",105.554129336676,105.554129336676,105.554129336676,105.422303127671,105.554129336676,105.195002843586,105.554129336676,105.195002843586
