"","MAPE","MSE","THEIL","BIAS","LOG.LIK","CONF","R2.ADJ","COMMON.TREND"
"1",94.82336807289,94.82336807289,94.82336807289,94.82336807289,94.8099401088475,94.82336807289,94.82336807289,94.8099401088475
"2",95.1639347262609,95.1639347262609,95.1639347262609,95.1639347262609,95.1539413813024,95.1639347262609,95.1639347262609,95.1539413813024
"3",95.4857775861721,95.4857775861721,95.4857775861721,95.4857775861721,95.4695705811429,95.4857775861721,95.4857775861721,95.4695705811429
