"","MAPE","MSE","THEIL","BIAS","LOG.LIK","CONF","R2.ADJ","COMMON.TREND"
"1",96.384485256636,96.384485256636,96.384485256636,96.384485256636,96.384485256636,96.4646388554956,96.4646388554956,96.384485256636
"2",96.87910668727,96.87910668727,96.87910668727,96.87910668727,96.87910668727,97.031247124395,97.031247124395,96.87910668727
"3",97.2490398192221,97.2490398192221,97.2490398192221,97.2490398192221,97.2490398192221,97.4656634194538,97.4656634194538,97.2490398192221
