"","MAPE","MSE","THEIL","BIAS","LOG.LIK","CONF","R2.ADJ","COMMON.TREND"
"1",94.9634942469378,94.9634942469378,94.9634942469378,95.5830206881699,94.9634942469378,95.5830206881699,95.5830206881699,94.9950226396995
"2",95.6529916689649,95.6529916689649,95.6529916689649,97.1677420687321,95.6529916689649,97.1677420687321,97.1677420687321,95.7346486712508
"3",95.8801702369182,95.8801702369182,95.8801702369182,98.2936249660353,95.8801702369182,98.2936249660353,98.2936249660353,95.9934496889237
"4",95.9848308761475,95.9848308761475,95.9848308761475,99.1463419135702,95.9848308761475,99.1463419135702,99.1463419135702,96.11993982038
"5",95.8976228930957,95.8976228930957,95.8976228930957,99.6830683028084,95.8976228930957,99.6830683028084,99.6830683028084,96.0397343907976
"6",95.7483390453329,95.7483390453329,95.7483390453329,100.070368802448,95.7483390453329,100.070368802448,100.070368802448,95.8890627516504
