"","MAPE","MSE","THEIL","BIAS","LOG.LIK","CONF","R2.ADJ","COMMON.TREND"
"Nacional",101.773573040232,101.773573040232,101.773573040232,101.773573040232,101.773573040232,101.719603466105,101.719603466105,101.719603466105
