"","MAPE","MSE","THEIL","BIAS","LOG.LIK","CONF","R2.ADJ","COMMON.TREND"
"1",100.226607952436,100.226607952436,100.226607952436,100.317206951739,100.317206951739,100.226607952436,100.226607952436,100.226607952436
"2",100.526287737129,100.526287737129,100.526287737129,100.772165445139,100.772165445139,100.526287737129,100.526287737129,100.526287737129
"3",100.778321012,100.778321012,100.778321012,101.248580769483,101.248580769483,100.778321012,100.778321012,100.778321012
