"","MAPE","MSE","THEIL","BIAS","LOG.LIK","CONF","R2.ADJ","COMMON.TREND"
"Centro.sur",101.488020564973,101.488020564973,101.488020564973,101.488020564973,101.540995834918,101.540995834918,101.540995834918,101.488020564973
