"","MAPE","MSE","THEIL","BIAS","LOG.LIK","CONF","R2.ADJ","COMMON.TREND"
"Sur",100.42055690205,100.42055690205,100.42055690205,100.42055690205,100.42055690205,100.368510062442,100.368510062442,100.368510062442
