"","MAPE","MSE","THEIL","BIAS","LOG.LIK","CONF","R2.ADJ","COMMON.TREND"
"Nacional",99.2174511044164,99.2174511044164,99.2174511044164,98.8878663994496,99.1728375421606,98.8878663994496,98.8878663994496,98.8878663994496
