"","MAPE","MSE","THEIL","BIAS","LOG.LIK","CONF","R2.ADJ","COMMON.TREND"
"1",95.0180233372378,95.0180233372378,95.0180233372378,95.0180233372378,94.993741446395,95.0180233372378,95.0180233372378,94.993741446395
"2",95.3673842303135,95.3673842303135,95.3673842303135,95.3673842303135,95.2883664389931,95.3673842303135,95.3673842303135,95.2883664389931
"3",95.7182920268157,95.7182920268157,95.7182920268157,95.7182920268157,95.5710892249548,95.7182920268157,95.7182920268157,95.5710892249548
"4",96.03854334261,96.03854334261,96.03854334261,96.03854334261,95.8210876447858,96.03854334261,96.03854334261,95.8210876447858
"5",96.3325611455015,96.3325611455015,96.3325611455015,96.3325611455015,96.0535795277391,96.3325611455015,96.3325611455015,96.0535795277391
"6",96.6095996907836,96.6095996907836,96.6095996907836,96.6095996907836,96.2830427633204,96.6095996907836,96.6095996907836,96.2830427633204
