"","MAPE","MSE","THEIL","BIAS","LOG.LIK","CONF","R2.ADJ","COMMON.TREND"
"1",99.0513153249822,99.0513153249822,99.0513153249822,99.0513153249822,99.0352756619789,98.9007488917398,99.0513153249822,98.9007488917398
"2",99.4783490429663,99.4783490429663,99.4783490429663,99.4783490429663,99.4184143750415,99.1700224526538,99.4783490429663,99.1700224526538
"3",99.9654345281864,99.9654345281864,99.9654345281864,99.9654345281864,99.8628477939087,99.4558833917621,99.9654345281864,99.4558833917621
