"","MAPE","MSE","THEIL","BIAS","LOG.LIK","CONF","R2.ADJ","COMMON.TREND"
"Nacional",98.6459745066326,98.6459745066326,98.6459745066326,98.6459745066326,98.6459745066326,98.4689326740987,98.4689326740987,98.4689326740987
