"","MAPE","MSE","THEIL","BIAS","LOG.LIK","CONF","R2.ADJ","COMMON.TREND"
"1",93.5855209920253,93.5855209920253,93.5855209920253,93.6191595368486,93.5679206623902,93.5855209920253,93.5855209920253,93.5679206623902
"2",93.7021810980584,93.7021810980584,93.7021810980584,93.8575794895619,93.751595185305,93.7021810980584,93.7021810980584,93.751595185305
"3",93.7955715284849,93.7955715284849,93.7955715284849,94.0874986825705,93.9195241921478,93.7955715284849,93.7955715284849,93.9195241921478
