"","MAPE","MSE","THEIL","BIAS","LOG.LIK","CONF","R2.ADJ","COMMON.TREND"
"Sur",94.5480203862291,94.5480203862291,94.5480203862291,94.5480203862291,94.6573290115325,94.5480203862291,94.5480203862291,94.6573290115325
