"","MAPE","MSE","THEIL","BIAS","LOG.LIK","CONF","R2.ADJ","COMMON.TREND"
"1",97.1575425092116,97.1575425092116,97.1575425092116,97.1575425092116,97.1575425092116,97.1210882018953,97.1210882018953,97.1210882018953
"2",97.5866666591388,97.5866666591388,97.5866666591388,97.5866666591388,97.5866666591388,97.5371872595241,97.5371872595241,97.5371872595241
"3",98.0115422028002,98.0115422028002,98.0115422028002,98.0115422028002,98.0115422028002,97.9319195118605,97.9319195118605,97.9319195118605
