"","MAPE","MSE","THEIL","BIAS","LOG.LIK","CONF","R2.ADJ","COMMON.TREND"
"1",95.1165936097208,95.1165936097208,95.1165936097208,95.1022220088256,95.1022220088256,95.1022220088256,95.1022220088256,95.1165936097208
"2",95.5636128274943,95.5636128274943,95.5636128274943,95.5203153090427,95.5203153090427,95.5203153090427,95.5203153090427,95.5636128274943
"3",96.0011021145372,96.0011021145372,96.0011021145372,95.9498563341749,95.9498563341749,95.9498563341749,95.9498563341749,96.0011021145372
