"","MAPE","MSE","THEIL","BIAS","LOG.LIK","CONF","R2.ADJ","COMMON.TREND"
"1",98.8512369227106,98.8512369227106,98.8512369227106,98.8512369227106,98.8299305018096,98.8512369227106,98.8512369227106,98.8273373330703
"2",99.1785492686721,99.1785492686721,99.1785492686721,99.1785492686721,99.1257350270044,99.1785492686721,99.1785492686721,99.1163619789062
"3",99.5424748188465,99.5424748188465,99.5424748188465,99.5424748188465,99.4655895576649,99.5424748188465,99.5424748188465,99.4273071060008
"4",99.9110985321773,99.9110985321773,99.9110985321773,99.9110985321773,99.8203832302019,99.9110985321773,99.9110985321773,99.7361558682524
"5",100.281022607183,100.281022607183,100.281022607183,100.281022607183,100.190352849096,100.281022607183,100.281022607183,100.043537118603
"6",100.644506138812,100.644506138812,100.644506138812,100.644506138812,100.567302195453,100.644506138812,100.644506138812,100.346280354955
