"","MAPE","MSE","THEIL","BIAS","LOG.LIK","CONF","R2.ADJ","COMMON.TREND"
"Centro.norte",93.6099416328363,93.6099416328363,93.6099416328363,93.6099416328363,93.6514385343301,93.6514385343301,93.6514385343301,93.6514385343301
