"","MAPE","MSE","THEIL","BIAS","LOG.LIK","CONF","R2.ADJ","COMMON.TREND"
"1",101.133960755351,101.133960755351,101.133960755351,101.133960755351,101.237245875302,101.133960755351,101.133960755351,101.133960755351
"2",101.504577104456,101.504577104456,101.504577104456,101.504577104456,101.632906404949,101.504577104456,101.504577104456,101.504577104456
"3",101.730370695809,101.730370695809,101.730370695809,101.730370695809,102.05271871901,101.730370695809,101.730370695809,101.730370695809
