"","MAPE","MSE","THEIL","BIAS","LOG.LIK","CONF","R2.ADJ","COMMON.TREND"
"Mexico",92.6985639047884,92.7338816106417,92.7338816106417,92.6985639047884,92.7165247252168,92.7338816106417,92.7338816106417,92.7165247252168
