"","MAPE","MSE","THEIL","BIAS","LOG.LIK","CONF","R2.ADJ","COMMON.TREND"
"1",100.226607952454,100.226607952454,100.226607952454,100.317206951739,100.317206951739,100.226607952454,100.226607952454,100.226607952454
"2",100.526287737173,100.526287737173,100.526287737173,100.772165445139,100.772165445139,100.526287737173,100.526287737173,100.526287737173
"3",100.778321012051,100.778321012051,100.778321012051,101.248580769483,101.248580769483,100.778321012051,100.778321012051,100.778321012051
"4",100.999887073089,100.999887073089,100.999887073089,101.725320982999,101.725320982999,100.999887073089,100.999887073089,100.999887073089
"5",101.208771195254,101.208771195254,101.208771195254,102.193970899337,102.193970899337,101.208771195254,101.208771195254,101.208771195254
"6",101.417271918759,101.417271918759,101.417271918759,102.651168791054,102.651168791054,101.417271918759,101.417271918759,101.417271918759
