"","MAPE","MSE","THEIL","BIAS","LOG.LIK","CONF","R2.ADJ","COMMON.TREND"
"Frontera.norte",95.530351644488,95.530351644488,95.530351644488,95.530351644488,95.7956072049458,96.4795481017753,96.4795481017753,95.7956072049458
