"","MAPE","MSE","THEIL","BIAS","LOG.LIK","CONF","R2.ADJ","COMMON.TREND"
"1",103.135861303237,103.135861303237,103.135861303237,103.135861303237,103.135861303237,103.146350679153,103.146350679153,103.140329388892
"2",103.49027785631,103.49027785631,103.49027785631,103.49027785631,103.49027785631,103.512176503055,103.512176503055,103.495772191323
"3",103.816842568055,103.816842568055,103.816842568055,103.816842568055,103.816842568055,103.848974308742,103.848974308742,103.808457122121
"4",104.141768350604,104.141768350604,104.141768350604,104.141768350604,104.141768350604,104.182816305045,104.182816305045,104.103432445436
"5",104.486520588651,104.486520588651,104.486520588651,104.486520588651,104.486520588651,104.535268483986,104.535268483986,104.402987296284
"6",104.848865658384,104.848865658384,104.848865658384,104.848865658384,104.848865658384,104.904075419923,104.904075419923,104.708667660533
