"","MAPE","MSE","THEIL","BIAS","LOG.LIK","CONF","R2.ADJ","COMMON.TREND"
"1",95.1125708549881,95.1125708549881,95.1125708549881,95.2346004870096,95.1566585044442,95.2346004870096,95.2346004870096,95.1566585044442
"2",95.2721352385426,95.2721352385426,95.2721352385426,95.4906177914552,95.3222001914757,95.4906177914552,95.4906177914552,95.3222001914757
"3",95.4519594159251,95.4519594159251,95.4519594159251,95.7410677764268,95.4672249999448,95.7410677764268,95.7410677764268,95.4672249999448
