"","MAPE","MSE","THEIL","BIAS","LOG.LIK","CONF","R2.ADJ","COMMON.TREND"
"1",94.6952095079876,94.6952095079876,94.6952095079876,94.6952095079876,94.6573290115325,94.5480203861454,94.5480203861454,94.6573290115325
"2",94.7733777329573,94.7733777329573,94.7733777329573,94.7733777329573,94.6734248051942,94.2974160465132,94.2974160465132,94.6734248051942
"3",94.8668422612114,94.8668422612114,94.8668422612114,94.8668422612114,94.7009371697974,94.1335574094974,94.1335574094974,94.7009371697974
