"","MAPE","MSE","THEIL","BIAS","LOG.LIK","CONF","R2.ADJ","COMMON.TREND"
"Centro.sur",100.321582164306,100.321582164306,100.321582164306,100.386354247504,100.386354247504,100.321582164306,100.321582164306,100.321582164306
