"","MAPE","MSE","THEIL","BIAS","LOG.LIK","CONF","R2.ADJ","COMMON.TREND"
"1",101.707339450918,101.707339450918,101.707339450918,101.707339450918,102.123838619109,101.707339450918,101.707339450918,101.707339450918
"2",101.117123212302,101.117123212302,101.117123212302,101.117123212302,102.399056331027,101.117123212302,101.117123212302,101.117123212302
"3",100.550108164918,100.550108164918,100.550108164918,100.550108164918,102.786245441986,100.550108164918,100.550108164918,100.550108164918
