"","MAPE","MSE","THEIL","BIAS","LOG.LIK","CONF","R2.ADJ","COMMON.TREND"
"1",99.070791623447,99.070791623447,99.070791623447,99.070791623447,99.070791623447,98.9544875004751,98.9544875004751,98.9544875004751
"2",99.1429091939868,99.1429091939868,99.1429091939868,99.1429091939868,99.1429091939868,98.9091480856754,98.9091480856754,98.9091480856754
"3",99.3207805993278,99.3207805993278,99.3207805993278,99.3207805993278,99.3207805993278,98.9988566907529,98.9988566907529,98.9988566907529
"4",99.5634575094484,99.5634575094484,99.5634575094484,99.5634575094484,99.5634575094484,99.196907196767,99.196907196767,99.196907196767
"5",99.8450873439618,99.8450873439618,99.8450873439618,99.8450873439618,99.8450873439618,99.4742267188214,99.4742267188214,99.4742267188214
"6",100.147887518763,100.147887518763,100.147887518763,100.147887518763,100.147887518763,99.8051949194757,99.8051949194757,99.8051949194757
