"","MAPE","MSE","THEIL","BIAS","LOG.LIK","CONF","R2.ADJ","COMMON.TREND"
"1",101.254450043173,101.254450043173,101.254450043173,101.254450043173,101.303567580461,101.254450043173,101.303567580461,101.254450043173
"2",101.575745381132,101.575745381132,101.575745381132,101.575745381132,101.675984609024,101.575745381132,101.675984609024,101.575745381132
"3",101.898884379013,101.898884379013,101.898884379013,101.898884379013,102.084171603904,101.898884379013,102.084171603904,101.898884379013
"4",102.207043723304,102.207043723304,102.207043723304,102.207043723304,102.486250813011,102.207043723304,102.486250813011,102.207043723304
"5",102.50356707463,102.50356707463,102.50356707463,102.50356707463,102.888944472832,102.50356707463,102.888944472832,102.50356707463
"6",102.784006665041,102.784006665041,102.784006665041,102.784006665041,103.279992719563,102.784006665041,103.279992719563,102.784006665041
