"","MAPE","MSE","THEIL","BIAS","LOG.LIK","CONF","R2.ADJ","COMMON.TREND"
"Centro.sur",99.6525164105934,99.5885901948352,99.5885901948352,99.6525164105934,99.6525164105934,99.5885901948352,99.5885901948352,99.5885901948352
