"","MAPE","MSE","THEIL","BIAS","LOG.LIK","CONF","R2.ADJ","COMMON.TREND"
"1",98.2801291357999,98.2801291357999,98.2801291357999,98.3796662291874,98.2801291357999,98.3796662291874,98.3796662291874,98.3796662291874
"2",98.5926985041704,98.5926985041704,98.5926985041704,98.6314738090112,98.5926985041704,98.6314738090112,98.6314738090112,98.6314738090112
"3",98.8227981987435,98.8227981987435,98.8227981987435,98.7065027527134,98.8227981987435,98.7065027527134,98.7065027527134,98.7065027527134
