"","MAPE","MSE","THEIL","BIAS","LOG.LIK","CONF","R2.ADJ","COMMON.TREND"
"1",95.8392318030187,95.8392318030187,95.8392318030187,95.8619911590913,95.8392318030187,95.8619911590913,95.8619911590913,95.8392318030187
"2",96.2091615192508,96.2091615192508,96.2091615192508,96.2631932439972,96.2091615192508,96.2631932439972,96.2631932439972,96.2091615192508
"3",96.541327352636,96.541327352636,96.541327352636,96.6271535132227,96.541327352636,96.6271535132227,96.6271535132227,96.541327352636
"4",96.8499197604461,96.8499197604461,96.8499197604461,96.9576027812509,96.8499197604461,96.9576027812509,96.9576027812509,96.8499197604461
"5",97.1305143855692,97.1305143855692,97.1305143855692,97.253422126837,97.1305143855692,97.253422126837,97.253422126837,97.1305143855692
"6",97.3871993444442,97.3871993444442,97.3871993444442,97.5216403250485,97.3871993444442,97.5216403250485,97.5216403250485,97.3871993444442
