"","MAPE","MSE","THEIL","BIAS","LOG.LIK","CONF","R2.ADJ","COMMON.TREND"
"1",101.133562888607,101.133562888607,101.133562888607,101.133562888607,101.425691633158,101.133562888607,101.133562888607,101.133562888607
"2",101.067212043912,101.067212043912,101.067212043912,101.067212043912,101.619292229462,101.067212043912,101.067212043912,101.067212043912
"3",101.013803834649,101.013803834649,101.013803834649,101.013803834649,101.889493281554,101.013803834649,101.013803834649,101.013803834649
"4",100.96507850714,100.96507850714,100.96507850714,100.96507850714,102.204814310779,100.96507850714,100.96507850714,100.96507850714
"5",100.953745952811,100.953745952811,100.953745952811,100.953745952811,102.526019999171,100.953745952811,100.953745952811,100.953745952811
"6",101.00330245836,101.00330245836,101.00330245836,101.00330245836,102.848186050649,101.00330245836,101.00330245836,101.00330245836
