"","MAPE","MSE","THEIL","BIAS","LOG.LIK","CONF","R2.ADJ","COMMON.TREND"
"Centro.norte",96.5447602202564,96.5416080230474,96.5416080230474,96.5447602202564,96.5300230739194,96.5447602202564,96.5447602202564,96.5447602202564
