"","MAPE","MSE","THEIL","BIAS","LOG.LIK","CONF","R2.ADJ","COMMON.TREND"
"1",103.486166608463,103.486166608463,103.486166608463,103.384254570225,103.486166608463,103.384254570225,103.384254570225,103.384254570225
"2",103.760997810751,103.760997810751,103.760997810751,103.499038705383,103.760997810751,103.499038705383,103.499038705383,103.499038705383
"3",103.95182030632,103.95182030632,103.95182030632,103.501999524644,103.95182030632,103.501999524644,103.501999524644,103.501999524644
