"","MAPE","MSE","THEIL","BIAS","LOG.LIK","CONF","R2.ADJ","COMMON.TREND"
"1",101.339173728126,101.339173728126,101.339173728126,101.339173728126,101.339173728126,101.301566123179,101.301566123179,101.301566123179
"2",101.500275455487,101.500275455487,101.500275455487,101.500275455487,101.500275455487,101.45727995715,101.45727995715,101.45727995715
"3",101.740711564044,101.740711564044,101.740711564044,101.740711564044,101.740711564044,101.605839806817,101.605839806817,101.605839806817
"4",102.025696255565,102.025696255565,102.025696255565,102.025696255565,102.025696255565,101.769410639329,101.769410639329,101.769410639329
"5",102.360708620409,102.360708620409,102.360708620409,102.360708620409,102.360708620409,101.944744697915,101.944744697915,101.944744697915
"6",102.705141147976,102.705141147976,102.705141147976,102.705141147976,102.705141147976,102.110732426324,102.110732426324,102.110732426324
