"","MAPE","MSE","THEIL","BIAS","LOG.LIK","CONF","R2.ADJ","COMMON.TREND"
"1",93.5855209920253,93.5855209920253,93.5855209920253,93.6191595368486,93.5679206623902,93.5855209920253,93.5855209920253,93.5679206623902
"2",93.7021810980584,93.7021810980584,93.7021810980584,93.8575794895619,93.751595185305,93.7021810980584,93.7021810980584,93.751595185305
"3",93.7955715284849,93.7955715284849,93.7955715284849,94.0874986825705,93.9195241921478,93.7955715284849,93.7955715284849,93.9195241921478
"4",93.9699222081974,93.9699222081974,93.9699222081974,94.3929638869544,94.1563156334055,93.9699222081974,93.9699222081974,94.1563156334055
"5",94.1810092454913,94.1810092454913,94.1810092454913,94.7132329262712,94.4112736981976,94.1810092454913,94.1810092454913,94.4112736981976
"6",94.4011196752683,94.4011196752683,94.4011196752683,95.0174520887506,94.6624675257672,94.4011196752683,94.4011196752683,94.6624675257672
