"","MAPE","MSE","THEIL","BIAS","LOG.LIK","CONF","R2.ADJ","COMMON.TREND"
"Frontera.norte",96.3878212425037,96.3878212425037,96.3878212425037,96.3878212425037,97.073492003164,96.3878212425037,96.3878212425037,97.073492003164
