"","MAPE","MSE","THEIL","BIAS","LOG.LIK","CONF","R2.ADJ","COMMON.TREND"
"Centro.norte",101.51275004723,101.51275004723,101.51275004723,101.51275004723,101.51275004723,101.450520667814,101.450520667814,101.450520667814
