"","MAPE","MSE","THEIL","BIAS","LOG.LIK","CONF","R2.ADJ","COMMON.TREND"
"1",97.1396624783534,97.1396624783534,97.1396624783534,97.1396624783534,97.4647423452562,97.1396624783534,97.1396624783534,97.4647423452562
"2",96.8400483828362,96.8400483828362,96.8400483828362,96.8400483828362,97.1568750274369,96.8400483828362,96.8400483828362,97.1568750274369
"3",96.5551420127199,96.5551420127199,96.5551420127199,96.5551420127199,96.6684356356485,96.5551420127199,96.5551420127199,96.6684356356485
"4",96.4741650548845,96.4741650548845,96.4741650548845,96.4741650548845,96.2594121625517,96.4741650548845,96.4741650548845,96.2594121625517
"5",96.6272875137584,96.6272875137584,96.6272875137584,96.6272875137584,95.9908390821732,96.6272875137584,96.6272875137584,95.9908390821732
"6",96.9022049529566,96.9022049529566,96.9022049529566,96.9022049529566,95.8120571388004,96.9022049529566,96.9022049529566,95.8120571388004
