"","MAPE","MSE","THEIL","BIAS","LOG.LIK","CONF","R2.ADJ","COMMON.TREND"
"Noroeste",105.361584206571,105.361584206571,105.361584206571,105.361584206571,106.053576182734,105.361584206571,105.361584206571,105.361584206571
