"","MAPE","MSE","THEIL","BIAS","LOG.LIK","CONF","R2.ADJ","COMMON.TREND"
"1",94.4737037850242,94.4737037850242,94.4737037850242,94.4737037850242,94.4700564410435,94.4737037850242,94.4737037850242,94.4700564410435
"2",94.7615565106525,94.7615565106525,94.7615565106525,94.7615565106525,94.7377090166468,94.7615565106525,94.7615565106525,94.7377090166468
"3",95.0348977531135,95.0348977531135,95.0348977531135,95.0348977531135,94.9994083694538,95.0348977531135,95.0348977531135,94.9994083694538
"4",95.3056326885771,95.3056326885771,95.3056326885771,95.3056326885771,95.2651601837297,95.3056326885771,95.3056326885771,95.2651601837297
"5",95.5705681366279,95.5705681366279,95.5705681366279,95.5705681366279,95.5376297660854,95.5705681366279,95.5705681366279,95.5376297660854
"6",95.824474889496,95.824474889496,95.824474889496,95.824474889496,95.81296742449,95.824474889496,95.824474889496,95.81296742449
