"","MAPE","MSE","THEIL","BIAS","LOG.LIK","CONF","R2.ADJ","COMMON.TREND"
"1",101.254450043173,101.254450043173,101.254450043173,101.254450043173,101.303567580461,101.254450043173,101.303567580461,101.254450043173
"2",101.575745381132,101.575745381132,101.575745381132,101.575745381132,101.675984609024,101.575745381132,101.675984609024,101.575745381132
"3",101.898884379014,101.898884379014,101.898884379014,101.898884379014,102.084171603904,101.898884379014,102.084171603904,101.898884379014
"4",102.207043723307,102.207043723307,102.207043723307,102.207043723307,102.486250813011,102.207043723307,102.486250813011,102.207043723307
"5",102.503567074636,102.503567074636,102.503567074636,102.503567074636,102.888944472833,102.503567074636,102.888944472833,102.503567074636
"6",102.784006665047,102.784006665047,102.784006665047,102.784006665047,103.279992719563,102.784006665047,103.279992719563,102.784006665047
