"","MAPE","MSE","THEIL","BIAS","LOG.LIK","CONF","R2.ADJ","COMMON.TREND"
"1",100.609172200143,100.609172200143,100.609172200143,100.609172200143,101.416796158602,100.609172200143,100.609172200143,101.416796158602
"2",100.539309196378,100.539309196378,100.539309196378,100.539309196378,101.752934339923,100.539309196378,100.539309196378,101.752934339923
"3",100.702886733574,100.702886733574,100.702886733574,100.702886733574,101.995670811179,100.702886733574,100.702886733574,101.995670811179
