"","MAPE","MSE","THEIL","BIAS","LOG.LIK","CONF","R2.ADJ","COMMON.TREND"
"Mexico",102.099405078413,102.099405078413,102.099405078413,102.099405078413,102.150884530902,102.099405078413,102.099405078413,102.099405078413
