"","MAPE","MSE","THEIL","BIAS","LOG.LIK","CONF","R2.ADJ","COMMON.TREND"
"Nacional",99.4644624552722,99.4644624552722,99.4644624552722,99.4644624552722,99.4644624552722,99.3165205614875,99.3165205614875,99.3165205614875
