"","MAPE","MSE","THEIL","BIAS","LOG.LIK","CONF","R2.ADJ","COMMON.TREND"
"1",96.1344536213296,96.2425818897429,96.1344536213296,96.2425818897429,96.1344536213296,96.3228934593929,96.3228934593929,96.1344536213296
"2",96.2769515432302,96.5081280994325,96.2769515432302,96.5081280994325,96.2769515432302,96.6929681204906,96.6929681204906,96.2769515432302
"3",96.3281579715641,96.7183726122539,96.3281579715641,96.7183726122539,96.3281579715641,96.990819443911,96.990819443911,96.3281579715641
"4",96.2680234923869,96.8362198216912,96.2680234923869,96.8362198216912,96.2680234923869,97.1846112064098,97.1846112064098,96.2680234923869
"5",96.1674059034236,96.9154042402101,96.1674059034236,96.9154042402101,96.1674059034236,97.3436152835879,97.3436152835879,96.1674059034236
"6",96.0524114988911,96.9655743249457,96.0524114988911,96.9655743249457,96.0524114988911,97.4969166319309,97.4969166319309,96.0524114988911
