"","MAPE","MSE","THEIL","BIAS","LOG.LIK","CONF","R2.ADJ","COMMON.TREND"
"1",95.4678569440691,95.4678569440691,95.4678569440691,95.4678569440691,95.4678569440691,95.4678569440691,95.4678569440691,95.4946197942585
"2",95.8165808283237,95.8165808283237,95.8165808283237,95.8165808283237,95.8165808283237,95.8165808283237,95.8165808283237,95.8600573059246
"3",96.142726813437,96.142726813437,96.142726813437,96.142726813437,96.142726813437,96.142726813437,96.142726813437,96.206762301348
"4",96.420607504735,96.420607504735,96.420607504735,96.420607504735,96.420607504735,96.420607504735,96.420607504735,96.5120753698452
"5",96.671424294899,96.671424294899,96.671424294899,96.671424294899,96.671424294899,96.671424294899,96.671424294899,96.7869607465434
"6",96.911325397426,96.911325397426,96.911325397426,96.911325397426,96.911325397426,96.911325397426,96.911325397426,97.0381579390337
