"","MAPE","MSE","THEIL","BIAS","LOG.LIK","CONF","R2.ADJ","COMMON.TREND"
"Centro.norte",98.390366140841,98.390366140841,98.390366140841,98.3044385946573,98.3768356758037,98.3044385946573,98.3044385946573,98.3044385946573
