"","MAPE","MSE","THEIL","BIAS","LOG.LIK","CONF","R2.ADJ","COMMON.TREND"
"1",99.0328164612968,99.0328164612968,99.0328164612968,99.0328164612968,99.06757262738,99.0181116463143,99.0181116463143,99.0328164612968
"2",99.2704090124315,99.2704090124315,99.2704090124315,99.2704090124315,99.3514452024887,99.23218027101,99.23218027101,99.2704090124315
"3",99.4494931502909,99.4494931502909,99.4494931502909,99.4494931502909,99.5829370430766,99.4126098967209,99.4126098967209,99.4494931502909
"4",99.7257529328391,99.7257529328391,99.7257529328391,99.7257529328391,99.9186549926412,99.6928459590098,99.6928459590098,99.7257529328391
"5",100.015263333559,100.015263333559,100.015263333559,100.015263333559,100.269696529134,100.006640996069,100.006640996069,100.015263333559
"6",100.340628923197,100.340628923197,100.340628923197,100.340628923197,100.655895852375,100.363426103328,100.363426103328,100.340628923197
