"","MAPE","MSE","THEIL","BIAS","LOG.LIK","CONF","R2.ADJ","COMMON.TREND"
"1",98.4276637186191,98.4276637186191,98.4276637186191,98.4504611415503,98.4276637186191,98.2508863875874,98.2508863875874,98.2508863875874
"2",99.0303270113326,99.0303270113326,99.0303270113326,99.0854130128738,99.0303270113326,98.5303444418755,98.5303444418755,98.5303444418755
"3",99.5564790527259,99.5564790527259,99.5564790527259,99.6393514595389,99.5564790527259,98.6717423357366,98.6717423357366,98.6717423357366
