"","MAPE","MSE","THEIL","BIAS","LOG.LIK","CONF","R2.ADJ","COMMON.TREND"
"1",95.2764082766126,95.2764082766126,95.2764082766126,95.2764082766126,95.2198577747485,94.8312400675434,94.8312400675434,94.8312400675434
"2",95.3964010234026,95.3964010234026,95.3964010234026,95.3964010234026,95.257047586331,94.519160402515,94.519160402515,94.519160402515
"3",95.6749841523851,95.6749841523851,95.6749841523851,95.6749841523851,95.4310060026056,94.382100904463,94.382100904463,94.382100904463
