"","MAPE","MSE","THEIL","BIAS","LOG.LIK","CONF","R2.ADJ","COMMON.TREND"
"1",99.1883889997068,99.1883889997068,99.1883889997068,99.1883889997068,99.1470887432664,99.1307546539156,99.1307546539156,99.1307546539156
"2",99.6134856851423,99.6134856851423,99.6134856851423,99.6134856851423,99.5292846680728,99.4616465520434,99.4616465520434,99.4616465520434
"3",100.044233061076,100.044233061076,100.044233061076,100.044233061076,99.9201881754164,99.7761873448295,99.7761873448295,99.7761873448295
