"","MAPE","MSE","THEIL","BIAS","LOG.LIK","CONF","R2.ADJ","COMMON.TREND"
"Nacional",103.486166608463,103.486166608463,103.486166608463,103.402616197104,103.486166608463,103.384254570228,103.384254570228,103.384254570228
