"","MAPE","MSE","THEIL","BIAS","LOG.LIK","CONF","R2.ADJ","COMMON.TREND"
"1",102.099405078413,102.099405078413,102.099405078413,102.099405078413,102.150884530902,102.099405078413,102.099405078413,102.099405078413
"2",102.471880283843,102.471880283843,102.471880283843,102.471880283843,102.59027684998,102.471880283843,102.471880283843,102.471880283843
"3",102.823306493089,102.823306493089,102.823306493089,102.823306493089,103.016983732134,102.823306493089,102.823306493089,102.823306493089
