"","MAPE","MSE","THEIL","BIAS","LOG.LIK","CONF","R2.ADJ","COMMON.TREND"
"Centro.norte",101.560526092537,101.572062834257,101.560526092537,101.537037010885,101.560526092537,101.537037010885,101.572062834257,101.537037010885
