"","MAPE","MSE","THEIL","BIAS","LOG.LIK","CONF","R2.ADJ","COMMON.TREND"
"Sur",96.2735353892686,96.2735353892686,96.2735353892686,96.2735353892686,96.2735353892686,96.2489290709794,96.2489290709794,96.2489290709794
