"","MAPE","MSE","THEIL","BIAS","LOG.LIK","CONF","R2.ADJ","COMMON.TREND"
"1",99.9241924408633,99.9241924408633,99.9241924408633,99.9241924408633,99.892679873903,99.8742362168558,99.8742362168558,99.8742362168558
"2",100.379191072416,100.379191072416,100.379191072416,100.379191072416,100.305941295949,100.263048503343,100.263048503343,100.263048503343
"3",100.85427009772,100.85427009772,100.85427009772,100.85427009772,100.739123426572,100.646462566242,100.646462566242,100.646462566242
