"","MAPE","MSE","THEIL","BIAS","LOG.LIK","CONF","R2.ADJ","COMMON.TREND"
"1",100.447512124248,100.447512124248,100.447512124248,100.616107447785,100.616107447785,100.447512124248,100.447512124248,100.447512124248
"2",100.444576111561,100.444576111561,100.444576111561,100.614526815766,100.614526815766,100.444576111561,100.444576111561,100.444576111561
"3",100.703222419685,100.703222419685,100.703222419685,100.74444077777,100.74444077777,100.703222419685,100.703222419685,100.703222419685
"4",101.049207712875,101.049207712875,101.049207712875,100.923964850837,100.923964850837,101.049207712875,101.049207712875,101.049207712875
"5",101.379285557493,101.379285557493,101.379285557493,101.110324004063,101.110324004063,101.379285557493,101.379285557493,101.379285557493
"6",101.659881512745,101.659881512745,101.659881512745,101.291650109458,101.291650109458,101.659881512745,101.659881512745,101.659881512745
