"","MAPE","MSE","THEIL","BIAS","LOG.LIK","CONF","R2.ADJ","COMMON.TREND"
"1",98.2801291357999,98.2801291357999,98.2801291357999,98.3796662291874,98.2801291357999,98.3796662291874,98.3796662291874,98.3796662291874
"2",98.5926985041704,98.5926985041704,98.5926985041704,98.6314738090112,98.5926985041704,98.6314738090112,98.6314738090112,98.6314738090112
"3",98.8227981987435,98.8227981987435,98.8227981987435,98.7065027527134,98.8227981987435,98.7065027527134,98.7065027527134,98.7065027527134
"4",98.9501499019396,98.9501499019396,98.9501499019396,98.7056805411464,98.9501499019396,98.7056805411464,98.7056805411464,98.7056805411464
"5",99.0760286371802,99.0760286371802,99.0760286371802,98.7717706069252,99.0760286371802,98.7717706069252,98.7717706069252,98.7717706069252
"6",99.1953506498551,99.1953506498551,99.1953506498551,98.9027729188954,99.1953506498551,98.9027729188954,98.9027729188954,98.9027729188954
