"","MAPE","MSE","THEIL","BIAS","LOG.LIK","CONF","R2.ADJ","COMMON.TREND"
"1",99.3459198789832,99.3459198789832,99.3459198789832,99.3921693426374,99.3921693426374,99.3459198789832,99.3459198789832,99.3459198789832
"2",99.6909591195589,99.6909591195589,99.6909591195589,99.8107747731023,99.8107747731023,99.6909591195589,99.6909591195589,99.6909591195589
"3",100.023202647889,100.023202647889,100.023202647889,100.226641048494,100.226641048494,100.023202647889,100.023202647889,100.023202647889
"4",100.371538352254,100.371538352254,100.371538352254,100.666197487094,100.666197487094,100.371538352254,100.371538352254,100.371538352254
"5",100.726511418786,100.726511418786,100.726511418786,101.114393789499,101.114393789499,100.726511418786,100.726511418786,100.726511418786
"6",101.087388631772,101.087388631772,101.087388631772,101.569220658478,101.569220658478,101.087388631772,101.087388631772,101.087388631772
