"","MAPE","MSE","THEIL","BIAS","LOG.LIK","CONF","R2.ADJ","COMMON.TREND"
"1",98.4880411617365,98.4880411617365,98.4880411617365,98.4880411617365,98.5252741493997,98.332782391482,98.332782391482,98.332782391482
"2",98.9305395844981,98.9305395844981,98.9305395844981,98.9305395844981,98.9911935819004,98.6029106173808,98.6029106173808,98.6029106173808
"3",99.2663113690168,99.2663113690168,99.2663113690168,99.2663113690168,99.3617126686341,98.75662069692,98.75662069692,98.75662069692
