"","MAPE","MSE","THEIL","BIAS","LOG.LIK","CONF","R2.ADJ","COMMON.TREND"
"1",99.0738893082938,99.0738893082938,99.0738893082938,99.0738893082938,99.0738893082938,98.9816829277182,99.0738893082938,98.9816829277182
"2",99.4225815162894,99.4225815162894,99.4225815162894,99.4225815162894,99.4225815162894,99.2283319813608,99.4225815162894,99.2283319813608
"3",99.857895535301,99.857895535301,99.857895535301,99.857895535301,99.857895535301,99.5220105074176,99.857895535301,99.5220105074176
"4",100.305459551091,100.305459551091,100.305459551091,100.305459551091,100.305459551091,99.8148526990045,100.305459551091,99.8148526990045
"5",100.770000042286,100.770000042286,100.770000042286,100.770000042286,100.770000042286,100.115001415416,100.770000042286,100.115001415416
"6",101.230577513311,101.230577513311,101.230577513311,101.230577513311,101.230577513311,100.411966795797,101.230577513311,100.411966795797
