"","MAPE","MSE","THEIL","BIAS","LOG.LIK","CONF","R2.ADJ","COMMON.TREND"
"1",95.7509567193409,96.645685828055,96.645685828055,95.5782733413214,95.7509567193409,96.645685828055,96.645685828055,95.7509567193409
"2",95.4519130885041,97.4883707619749,97.4883707619749,95.0610530231308,95.4519130885041,97.4883707619749,97.4883707619749,95.4519130885041
"3",95.198565621875,98.2556435539281,98.2556435539281,94.5816689409525,95.198565621875,98.2556435539281,98.2556435539281,95.198565621875
