"","MAPE","MSE","THEIL","BIAS","LOG.LIK","CONF","R2.ADJ","COMMON.TREND"
"Noreste",95.6378090768362,95.6378090768362,95.6378090768362,95.6378090768362,95.5969028199424,95.6378090768362,95.6378090768362,95.7076018301524
