"","MAPE","MSE","THEIL","BIAS","LOG.LIK","CONF","R2.ADJ","COMMON.TREND"
"Nacional",103.137618499406,103.137618499406,103.137618499406,103.137618499406,103.137618499406,102.960041039735,102.960041039735,102.960041039735
