"","MAPE","MSE","THEIL","BIAS","LOG.LIK","CONF","R2.ADJ","COMMON.TREND"
"Sur",99.9402644758302,99.9402644758302,99.9402644758302,99.9402644758302,99.9477354643979,99.7405552943763,99.7405552943763,99.9477354643979
