"","MAPE","MSE","THEIL","BIAS","LOG.LIK","CONF","R2.ADJ","COMMON.TREND"
"Noreste",99.4692243989792,99.4692243989792,99.4692243989792,99.1790310776047,99.4665572479552,99.1790310776047,99.1790310776047,99.1790310776047
