"","MAPE","MSE","THEIL","BIAS","LOG.LIK","CONF","R2.ADJ","COMMON.TREND"
"1",94.8001723481285,94.8001723481285,94.8001723481285,94.8001723481285,94.7789073970328,94.8001723481285,94.8001723481285,94.7789073970328
"2",95.0963379789248,95.0963379789248,95.0963379789248,95.0963379789248,94.9920045480896,95.0963379789248,95.0963379789248,94.9920045480896
"3",95.3888034356744,95.3888034356744,95.3888034356744,95.3888034356744,95.1200855414057,95.3888034356744,95.3888034356744,95.1200855414057
"4",95.6290324264807,95.6290324264807,95.6290324264807,95.6290324264807,95.1921704367941,95.6290324264807,95.6290324264807,95.1921704367941
"5",95.8473531381171,95.8473531381171,95.8473531381171,95.8473531381171,95.2301978963317,95.8473531381171,95.8473531381171,95.2301978963317
"6",96.0840717366411,96.0840717366411,96.0840717366411,96.0840717366411,95.2799886671829,96.0840717366411,96.0840717366411,95.2799886671829
