"","MAPE","MSE","THEIL","BIAS","LOG.LIK","CONF","R2.ADJ","COMMON.TREND"
"1",99.962868031391,99.962868031391,99.962868031391,99.6181990688448,99.9605938975737,99.6181990688448,99.6181990688448,99.962868031391
"2",100.240170999542,100.240170999542,100.240170999542,99.565562725184,100.2077908622,99.565562725184,99.565562725184,100.240170999542
"3",100.606637223069,100.606637223069,100.606637223069,99.5227218296247,100.556085512026,99.5227218296247,99.5227218296247,100.606637223069
"4",100.964228599087,100.964228599087,100.964228599087,99.4875448350923,100.896756361764,99.4875448350923,99.4875448350923,100.964228599087
"5",101.360205876558,101.360205876558,101.360205876558,99.5014320837903,101.286979435437,99.5014320837903,99.5014320837903,101.360205876558
"6",101.749872105651,101.749872105651,101.749872105651,99.5538920073115,101.679782088045,99.5538920073115,99.5538920073115,101.749872105651
