"","MAPE","MSE","THEIL","BIAS","LOG.LIK","CONF","R2.ADJ","COMMON.TREND"
"1",98.5728205378084,98.5728205378084,98.5728205378084,98.5728205378084,98.6260422928879,98.3490804601276,98.3490804601276,98.3490804601276
"2",98.7744550627153,98.7744550627153,98.7744550627153,98.7744550627153,98.9042392717278,98.3012202451468,98.3012202451468,98.3012202451468
"3",98.5689210858495,98.5689210858495,98.5689210858495,98.5689210858495,98.78546292928,97.8551383464023,97.8551383464023,97.8551383464023
"4",98.6635867388659,98.6635867388659,98.6635867388659,98.6635867388659,98.989525119491,97.7140597072805,97.7140597072805,97.7140597072805
"5",98.8114520896898,98.8114520896898,98.8114520896898,98.8114520896898,99.2506371759819,97.6946756784108,97.6946756784108,97.6946756784108
"6",99.0961845129129,99.0961845129129,99.0961845129129,99.0961845129129,99.6474682560813,97.8820036023275,97.8820036023275,97.8820036023275
