"","MAPE","MSE","THEIL","BIAS","LOG.LIK","CONF","R2.ADJ","COMMON.TREND"
"1",94.5397561816326,94.5397561816326,94.5397561816326,94.5365189385016,94.5397561816326,94.5397561816326,94.5397561816326,94.5365189385016
"2",94.8757569005358,94.8757569005358,94.8757569005358,94.8964831211872,94.8757569005358,94.8757569005358,94.8757569005358,94.8964831211872
"3",95.2057847475113,95.2057847475113,95.2057847475113,95.2574268952928,95.2057847475113,95.2057847475113,95.2057847475113,95.2574268952928
"4",95.4977083071614,95.4977083071614,95.4977083071614,95.5890543252367,95.4977083071614,95.4977083071614,95.4977083071614,95.5890543252367
"5",95.7457768797508,95.7457768797508,95.7457768797508,95.8741700279503,95.7457768797508,95.7457768797508,95.7457768797508,95.8741700279503
"6",95.972328449073,95.972328449073,95.972328449073,96.1279779505376,95.972328449073,95.972328449073,95.972328449073,96.1279779505376
