"","MAPE","MSE","THEIL","BIAS","LOG.LIK","CONF","R2.ADJ","COMMON.TREND"
"1",95.0457467681621,95.0457467681621,95.0457467681621,95.0457467681621,95.3212094530831,95.0457467681621,95.0457467681621,95.3921378650945
"2",95.1071481062419,95.1071481062419,95.1071481062419,95.1071481062419,95.6209780978792,95.1071481062419,95.1071481062419,95.7864198782743
"3",95.2227905762207,95.2227905762207,95.2227905762207,95.2227905762207,95.9060921615332,95.2227905762207,95.2227905762207,96.1835649745834
"4",95.2520582527357,95.2520582527357,95.2520582527357,95.2520582527357,96.058835895944,95.2520582527357,95.2520582527357,96.4664753195694
"5",95.2559007447987,95.2559007447987,95.2559007447987,95.2559007447987,96.1329230194748,95.2559007447987,95.2559007447987,96.6685562461444
"6",95.3200708156817,95.3200708156817,95.3200708156817,95.3200708156817,96.2028364179621,95.3200708156817,95.3200708156817,96.8467535896867
