"","MAPE","MSE","THEIL","BIAS","LOG.LIK","CONF","R2.ADJ","COMMON.TREND"
"Mexico",95.4690839398974,95.4690839398974,95.4690839398974,95.4826562179755,95.4175462315613,95.4826562179755,95.4826562179755,95.4175462315613
