"","MAPE","MSE","THEIL","BIAS","LOG.LIK","CONF","R2.ADJ","COMMON.TREND"
"1",95.8581199954036,95.8581199954036,95.8581199954036,95.8581199954036,95.8581199954036,95.5317809554112,95.5317809554112,95.9418792425614
"2",95.9826612029979,95.9826612029979,95.9826612029979,95.9826612029979,95.9826612029979,94.8878985686112,94.8878985686112,96.2122611881422
"3",96.4816873868067,96.4816873868067,96.4816873868067,96.4816873868067,96.4816873868067,94.9328576979794,94.9328576979794,96.8630712001238
"4",96.9445064510647,96.9445064510647,96.9445064510647,96.9445064510647,96.9445064510647,95.2042687482104,95.2042687482104,97.4509693981833
"5",97.2378953867312,97.2378953867312,97.2378953867312,97.2378953867312,97.2378953867312,95.5106705359486,95.5106705359486,97.8342746638361
"6",97.4196278107934,97.4196278107934,97.4196278107934,97.4196278107934,97.4196278107934,95.8202090674544,95.8202090674544,98.0820428029857
