"","MAPE","MSE","THEIL","BIAS","LOG.LIK","CONF","R2.ADJ","COMMON.TREND"
"Noreste",102.156849900507,102.156849900507,102.156849900507,102.127846811655,102.156849900507,102.127846811655,102.127846811655,102.127846811655
