"","MAPE","MSE","THEIL","BIAS","LOG.LIK","CONF","R2.ADJ","COMMON.TREND"
"1",105.361584206571,105.361584206571,105.361584206571,105.361584206571,106.053576182734,105.361584206571,105.361584206571,105.361584206571
"2",104.211920099225,104.211920099225,104.211920099225,104.211920099225,106.202203234666,104.211920099225,104.211920099225,104.211920099225
"3",103.003318545111,103.003318545111,103.003318545111,103.003318545111,106.186649527111,103.003318545111,103.003318545111,103.003318545111
