"","MAPE","MSE","THEIL","BIAS","LOG.LIK","CONF","R2.ADJ","COMMON.TREND"
"1",95.0048163833364,95.0048163833364,95.0048163833364,95.0048163833364,95.0892100721772,95.0048163833364,95.0048163833364,95.0048163833364
"2",94.9760124475527,94.9760124475527,94.9760124475527,94.9760124475527,94.9935949776184,94.9760124475527,94.9760124475527,94.9760124475527
"3",94.9578637617393,94.9578637617393,94.9578637617393,94.9578637617393,94.9170736799027,94.9578637617393,94.9578637617393,94.9578637617393
