"","MAPE","MSE","THEIL","BIAS","LOG.LIK","CONF","R2.ADJ","COMMON.TREND"
"1",94.8312400676799,94.8312400676799,94.8312400676799,94.8312400676799,95.2198577747485,94.8312400676799,94.8312400676799,94.8312400676799
"2",94.5191604026784,94.5191604026784,94.5191604026784,94.5191604026784,95.2570475863309,94.5191604026784,94.5191604026784,94.5191604026784
"3",94.3821009046569,94.3821009046569,94.3821009046569,94.3821009046569,95.4310060026053,94.3821009046569,94.3821009046569,94.3821009046569
"4",94.346729475937,94.346729475937,94.346729475937,94.346729475937,95.5961367767494,94.346729475937,94.346729475937,94.346729475937
"5",94.3591800309604,94.3591800309604,94.3591800309604,94.3591800309604,95.7093513283255,94.3591800309604,94.3591800309604,94.3591800309604
"6",94.4446168560135,94.4446168560135,94.4446168560135,94.4446168560135,95.7973224879033,94.4446168560135,94.4446168560135,94.4446168560135
