"","MAPE","MSE","THEIL","BIAS","LOG.LIK","CONF","R2.ADJ","COMMON.TREND"
"1",100.776309725835,100.776309725835,100.776309725835,100.776309725835,100.776309725835,100.77205421342,100.77205421342,100.77205421342
"2",101.020352982401,101.020352982401,101.020352982401,101.020352982401,101.020352982401,100.955745942684,100.955745942684,100.955745942684
"3",101.281514664855,101.281514664855,101.281514664855,101.281514664855,101.281514664855,101.136477373503,101.136477373503,101.136477373503
