"","MAPE","MSE","THEIL","BIAS","LOG.LIK","CONF","R2.ADJ","COMMON.TREND"
"1",102.455602005,102.455602005,102.455602005,102.77069115949,102.77069115949,102.455602005,102.455602005,102.455602005
"2",99.8725101464856,99.8725101464856,99.8725101464856,101.387867106831,101.387867106831,99.8725101464856,99.8725101464856,99.8725101464856
"3",99.0098340143642,99.0098340143642,99.0098340143642,102.029003343331,102.029003343331,99.0098340143642,99.0098340143642,99.0098340143642
