"","MAPE","MSE","THEIL","BIAS","LOG.LIK","CONF","R2.ADJ","COMMON.TREND"
"1",97.7313719340307,97.7313719340307,97.7313719340307,97.7836586409231,97.6925156384503,97.6925156384503,97.6925156384503,97.6925156384503
"2",98.1576295330537,98.1576295330537,98.1576295330537,98.2431185242171,98.0363182265072,98.0363182265072,98.0363182265072,98.0363182265072
"3",98.5295506307294,98.5295506307294,98.5295506307294,98.6557517779086,98.3223204848257,98.3223204848257,98.3223204848257,98.3223204848257
