"","MAPE","MSE","THEIL","BIAS","LOG.LIK","CONF","R2.ADJ","COMMON.TREND"
"Centro.sur",97.7571579261991,97.7571579261991,97.7571579261991,97.6615361868474,97.6615361868474,97.6615361868474,97.6615361868474,97.6615361868474
