"","MAPE","MSE","THEIL","BIAS","LOG.LIK","CONF","R2.ADJ","COMMON.TREND"
"1",96.8312497957445,96.8312497957445,96.8312497957445,96.8004943370531,96.8004943370531,96.8004943370531,96.8004943370531,96.8004943370531
"2",97.2717707048167,97.2717707048167,97.2717707048167,97.2330016491244,97.2330016491244,97.2330016491244,97.2330016491244,97.2330016491244
"3",97.5590763421141,97.5590763421141,97.5590763421141,97.4991018004008,97.4991018004008,97.4991018004008,97.4991018004008,97.4991018004008
"4",97.8057933223665,97.8057933223665,97.8057933223665,97.7253261780309,97.7253261780309,97.7253261780309,97.7253261780309,97.7253261780309
"5",97.9927604742139,97.9927604742139,97.9927604742139,97.8905603000923,97.8905603000923,97.8905603000923,97.8905603000923,97.8905603000923
"6",98.1552655119088,98.1552655119088,98.1552655119088,98.0326616388219,98.0326616388219,98.0326616388219,98.0326616388219,98.0326616388219
