"","MAPE","MSE","THEIL","BIAS","LOG.LIK","CONF","R2.ADJ","COMMON.TREND"
"1",99.2225504134679,99.2225504134679,99.2225504134679,99.8124770056797,99.5209600867527,99.2225504134679,99.2225504134679,99.2225504134679
"2",99.5733145222819,99.5733145222819,99.5733145222819,100.580191707687,100.070276379411,99.5733145222819,99.5733145222819,99.5733145222819
"3",100.097690610532,100.097690610532,100.097690610532,101.482754948402,100.738717994196,100.097690610532,100.097690610532,100.097690610532
"4",100.644528459497,100.644528459497,100.644528459497,102.29407456511,101.358283839788,100.644528459497,100.644528459497,100.644528459497
"5",101.177502738631,101.177502738631,101.177502738631,102.961429045587,101.862970352693,101.177502738631,101.177502738631,101.177502738631
"6",101.661993903451,101.661993903451,101.661993903451,103.503817162881,102.258862057044,101.661993903451,101.661993903451,101.661993903451
