"","MAPE","MSE","THEIL","BIAS","LOG.LIK","CONF","R2.ADJ","COMMON.TREND"
"1",95.6760501614168,95.6760501614168,95.6760501614168,95.6760501614168,95.732914242668,95.6760501614168,95.6760501614168,95.6760501614168
"2",96.0361470150737,96.0361470150737,96.0361470150737,96.0361470150737,96.1449503760868,96.0361470150737,96.0361470150737,96.0361470150737
"3",96.3864068216607,96.3864068216607,96.3864068216607,96.3864068216607,96.5836589599597,96.3864068216607,96.3864068216607,96.3864068216607
