"","MAPE","MSE","THEIL","BIAS","LOG.LIK","CONF","R2.ADJ","COMMON.TREND"
"1",102.507259851911,102.507259851911,102.507259851911,102.507259851911,102.721286201791,102.507259851911,102.507259851911,102.507259851911
"2",102.709271871666,102.709271871666,102.709271871666,102.709271871666,103.123283807293,102.709271871666,102.709271871666,102.709271871666
"3",102.859478254566,102.859478254566,102.859478254566,102.859478254566,103.501742126509,102.859478254566,102.859478254566,102.859478254566
