"","MAPE","MSE","THEIL","BIAS","LOG.LIK","CONF","R2.ADJ","COMMON.TREND"
"1",93.6191595368486,93.6191595368486,93.6191595368486,93.6191595368486,93.5679206623902,93.5855209920259,93.5855209920259,93.5679206623902
"2",93.8575794895619,93.8575794895619,93.8575794895619,93.8575794895619,93.751595185305,93.7021810980611,93.7021810980611,93.751595185305
"3",94.0874986825705,94.0874986825705,94.0874986825705,94.0874986825705,93.9195241921479,93.7955715284016,93.7955715284016,93.9195241921479
"4",94.3929638869544,94.3929638869544,94.3929638869544,94.3929638869544,94.1563156334055,93.9699222080754,93.9699222080754,94.1563156334055
"5",94.7132329262712,94.7132329262712,94.7132329262712,94.7132329262712,94.4112736981976,94.1810092453538,94.1810092453538,94.4112736981976
"6",95.0174520887506,95.0174520887506,95.0174520887506,95.0174520887506,94.6624675257673,94.4011196750531,94.4011196750531,94.6624675257673
