"","MAPE","MSE","THEIL","BIAS","LOG.LIK","CONF","R2.ADJ","COMMON.TREND"
"1",96.4904446379306,96.4904446379306,96.4904446379306,96.4519025377786,96.4519025377786,96.478947859616,96.478947859616,96.4904446379306
"2",96.8102093547824,96.8102093547824,96.8102093547824,96.7241214884606,96.7241214884606,96.7965037895529,96.7965037895529,96.8102093547824
"3",97.0932448124163,97.0932448124163,97.0932448124163,96.9599319103021,96.9599319103021,97.0905849020356,97.0905849020356,97.0932448124163
