"","MAPE","MSE","THEIL","BIAS","LOG.LIK","CONF","R2.ADJ","COMMON.TREND"
"1",96.2132673362081,96.2132673362081,96.2132673362081,96.2132673362081,96.0923127670336,96.2634162005064,96.2634162005064,96.2132673362081
"2",96.7207315246248,96.7207315246248,96.7207315246248,96.7207315246248,96.4428745303598,96.8876931790206,96.8876931790206,96.7207315246248
"3",97.1307016729009,97.1307016729009,97.1307016729009,97.1307016729009,96.6529695185257,97.3905655605901,97.3905655605901,97.1307016729009
"4",97.4309895234017,97.4309895234017,97.4309895234017,97.4309895234017,96.7227318967467,97.7468432411,97.7468432411,97.4309895234017
"5",97.6679446247104,97.6679446247104,97.6679446247104,97.6679446247104,96.7191970045836,98.0166984132607,98.0166984132607,97.6679446247104
"6",97.859249905477,97.859249905477,97.859249905477,97.859249905477,96.6791751378184,98.2438912661552,98.2438912661552,97.859249905477
