"","MAPE","MSE","THEIL","BIAS","LOG.LIK","CONF","R2.ADJ","COMMON.TREND"
"Nacional",94.4751826720013,94.4751826720013,94.4751826720013,94.4751826720013,94.4507319468325,94.3467849876246,94.3467849876246,94.3467849876246
