"","MAPE","MSE","THEIL","BIAS","LOG.LIK","CONF","R2.ADJ","COMMON.TREND"
"Sur",97.2391337988294,97.2391337988294,97.2391337988294,97.2391337988294,97.1743788867801,97.2088649081831,97.2088649081831,97.2088649081831
