"","MAPE","MSE","THEIL","BIAS","LOG.LIK","CONF","R2.ADJ","COMMON.TREND"
"1",94.475182672001,94.475182672001,94.475182672001,94.475182672001,94.4507319468325,94.3467849875654,94.3467849875654,94.3467849875654
"2",94.9476154051092,94.9476154051092,94.9476154051092,94.9476154051092,94.8808857786485,94.4753881953767,94.4753881953767,94.4753881953767
"3",95.3048461821425,95.3048461821425,95.3048461821425,95.3048461821425,95.1872248040118,94.348649917705,94.348649917705,94.348649917705
"4",95.6364600118985,95.6364600118985,95.6364600118985,95.6364600118985,95.4683526231159,94.1777283727355,94.1777283727355,94.1777283727355
"5",95.9288806704289,95.9288806704289,95.9288806704289,95.9288806704289,95.7207217637623,94.049431399798,94.049431399798,94.049431399798
"6",96.1755806795453,96.1755806795453,96.1755806795453,96.1755806795453,95.9444702713919,94.0070950666363,94.0070950666363,94.0070950666363
