"","MAPE","MSE","THEIL","BIAS","LOG.LIK","CONF","R2.ADJ","COMMON.TREND"
"1",98.4276637186191,98.4276637186191,98.4276637186191,98.4504611415503,98.4276637186191,98.2508863875874,98.2508863875874,98.2508863875874
"2",99.0303270113326,99.0303270113326,99.0303270113326,99.0854130128738,99.0303270113326,98.5303444418755,98.5303444418755,98.5303444418755
"3",99.5564790527259,99.5564790527259,99.5564790527259,99.6393514595389,99.5564790527259,98.6717423357366,98.6717423357366,98.6717423357366
"4",100.028849291929,100.028849291929,100.028849291929,100.133894692043,100.028849291929,98.7448777158705,98.7448777158705,98.7448777158705
"5",100.459233884253,100.459233884253,100.459233884253,100.586995998077,100.459233884253,98.8077511432097,98.8077511432097,98.8077511432097
"6",100.855181482869,100.855181482869,100.855181482869,101.012639829534,100.855181482869,98.8898600731068,98.8898600731068,98.8898600731068
