"","MAPE","MSE","THEIL","BIAS","LOG.LIK","CONF","R2.ADJ","COMMON.TREND"
"1",95.9235402314067,95.9235402314067,95.9235402314067,95.9235402314067,96.9025787954281,95.9235402314067,95.9235402314067,96.9025787954281
"2",94.9763888840965,94.9763888840965,94.9763888840965,94.9763888840965,96.5329791550537,94.9763888840965,94.9763888840965,96.5329791550537
"3",94.5168751867685,94.5168751867685,94.5168751867685,94.5168751867685,96.1448013190827,94.5168751867685,94.5168751867685,96.1448013190827
"4",94.427723625132,94.427723625132,94.427723625132,94.427723625132,95.8204140436164,94.427723625132,94.427723625132,95.8204140436164
"5",94.6358608143242,94.6358608143242,94.6358608143242,94.6358608143242,95.6136348534806,94.6358608143242,94.6358608143242,95.6136348534806
"6",94.9921791559025,94.9921791559025,94.9921791559025,94.9921791559025,95.5009521943615,94.9921791559025,94.9921791559025,95.5009521943615
