"","MAPE","MSE","THEIL","BIAS","LOG.LIK","CONF","R2.ADJ","COMMON.TREND"
"1",104.0347091541,104.0347091541,104.0347091541,104.0347091541,104.0347091541,103.352085293048,103.352085293048,103.352085293048
"2",104.794910874404,104.794910874404,104.794910874404,104.794910874404,104.794910874404,103.25335693775,103.25335693775,103.25335693775
"3",105.571416438117,105.571416438117,105.571416438117,105.571416438117,105.571416438117,103.31237302985,103.31237302985,103.31237302985
