"","MAPE","MSE","THEIL","BIAS","LOG.LIK","CONF","R2.ADJ","COMMON.TREND"
"1",95.4949288844439,95.4949288844439,95.4949288844439,95.4949288844439,96.300476936535,95.4949288844439,95.4949288844439,96.7033379024492
"2",95.953204583003,95.953204583003,95.953204583003,95.953204583003,96.6798247188248,95.953204583003,95.953204583003,97.5046831375679
"3",96.5477611220811,96.5477611220811,96.5477611220811,96.5477611220811,96.8011053908147,96.5477611220811,96.5477611220811,97.9728460264802
