"","MAPE","MSE","THEIL","BIAS","LOG.LIK","CONF","R2.ADJ","COMMON.TREND"
"1",95.7589792009041,95.7589792009041,95.7589792009041,95.4159135908685,95.1918790166537,95.7589792009041,95.7589792009041,95.4159135908685
"2",97.0728846154638,97.0728846154638,97.0728846154638,96.2162002327373,95.616885983853,97.0728846154638,97.0728846154638,96.2162002327373
"3",98.0892564051859,98.0892564051859,98.0892564051859,96.773723356351,95.766382618193,98.0892564051859,98.0892564051859,96.773723356351
