"","MAPE","MSE","THEIL","BIAS","LOG.LIK","CONF","R2.ADJ","COMMON.TREND"
"1",93.9375478030955,93.9375478030955,93.9375478030955,93.9375478030955,93.9476439758697,93.9375478030955,93.9375478030955,93.9476439758697
"2",94.2657055492528,94.2657055492528,94.2657055492528,94.2657055492528,94.3008069672942,94.2657055492528,94.2657055492528,94.3008069672942
"3",94.5874751471227,94.5874751471227,94.5874751471227,94.5874751471227,94.6459937991089,94.5874751471227,94.5874751471227,94.6459937991089
