"","MAPE","MSE","THEIL","BIAS","LOG.LIK","CONF","R2.ADJ","COMMON.TREND"
"1",103.716831952576,103.716831952576,103.716831952576,103.716831952576,103.716831952576,103.50858707847,103.50858707847,103.50858707847
"2",103.791345227821,103.791345227821,103.791345227821,103.791345227821,103.791345227821,103.364933345813,103.364933345813,103.364933345813
"3",103.981620960994,103.981620960994,103.981620960994,103.981620960994,103.981620960994,103.327407594443,103.327407594443,103.327407594443
"4",104.287510675102,104.287510675102,104.287510675102,104.287510675102,104.287510675102,103.423662624251,103.423662624251,103.423662624251
"5",104.668866182072,104.668866182072,104.668866182072,104.668866182072,104.668866182072,103.615110666004,103.615110666004,103.615110666004
"6",105.091993523139,105.091993523139,105.091993523139,105.091993523139,105.091993523139,103.877051575673,103.877051575673,103.877051575673
