"","MAPE","MSE","THEIL","BIAS","LOG.LIK","CONF","R2.ADJ","COMMON.TREND"
"1",96.1485292605814,96.1485292605814,96.1485292605814,96.1485292605814,96.1558123397379,96.1433429840943,96.1433429840943,96.1433429840943
"2",96.4857832695297,96.4857832695297,96.4857832695297,96.4857832695297,96.5014371737878,96.5193427016785,96.5193427016785,96.5193427016785
"3",96.8180126944794,96.8180126944794,96.8180126944794,96.8180126944794,96.8520389817225,96.8603321811044,96.8603321811044,96.8603321811044
"4",97.1150427801331,97.1150427801331,97.1150427801331,97.1150427801331,97.1655373744243,97.1611963226961,97.1611963226961,97.1611963226961
"5",97.4107532753891,97.4107532753891,97.4107532753891,97.4107532753891,97.480525418883,97.4532008365365,97.4532008365365,97.4532008365365
"6",97.694860565802,97.694860565802,97.694860565802,97.694860565802,97.7869833352046,97.7382634253306,97.7382634253306,97.7382634253306
