"","MAPE","MSE","THEIL","BIAS","LOG.LIK","CONF","R2.ADJ","COMMON.TREND"
"Frontera.norte",95.7509567193409,96.645685828055,96.645685828055,95.5782733413214,95.7509567193409,96.645685828055,96.645685828055,95.7509567193409
