"","MAPE","MSE","THEIL","BIAS","LOG.LIK","CONF","R2.ADJ","COMMON.TREND"
"1",95.7521455068213,95.7521455068213,95.7521455068213,95.7521455068213,95.7087900483704,95.669968815134,95.669968815134,95.669968815134
"2",96.2846001910613,96.2846001910613,96.2846001910613,96.2846001910613,96.2072549450166,96.1748962986087,96.1748962986087,96.1748962986087
"3",96.8064723286162,96.8064723286162,96.8064723286162,96.8064723286162,96.6864820241695,96.6544400248245,96.6544400248245,96.6544400248245
