"","MAPE","MSE","THEIL","BIAS","LOG.LIK","CONF","R2.ADJ","COMMON.TREND"
"Centro.norte",98.389200386875,98.389200386875,98.389200386875,98.336024359441,98.372087645774,98.336024359441,98.389200386875,98.336024359441
