"","MAPE","MSE","THEIL","BIAS","LOG.LIK","CONF","R2.ADJ","COMMON.TREND"
"1",95.2719995501519,95.2719995501519,95.2719995501519,95.2719995501519,95.2130985819311,95.2719995501519,95.2719995501519,95.2130985819311
"2",95.1555514355714,95.1555514355714,95.1555514355714,95.1555514355714,95.0009166571173,95.1555514355714,95.1555514355714,95.0009166571173
"3",95.1986075623166,95.1986075623166,95.1986075623166,95.1986075623166,94.9273548926349,95.1986075623166,95.1986075623166,94.9273548926349
