"","MAPE","MSE","THEIL","BIAS","LOG.LIK","CONF","R2.ADJ","COMMON.TREND"
"1",99.9069653145031,99.9069653145031,99.9069653145031,99.9069653145031,99.8476831461853,99.7793680245494,99.7793680245494,99.7793680245494
"2",100.307646772489,100.307646772489,100.307646772489,100.307646772489,100.188689216748,99.9350261091596,99.9350261091596,99.9350261091596
"3",100.725492666465,100.725492666465,100.725492666465,100.725492666465,100.546761397459,100.049103917637,100.049103917637,100.049103917637
"4",101.163115078135,101.163115078135,101.163115078135,101.163115078135,100.933683925366,100.164876962564,100.164876962564,100.164876962564
"5",101.610463736021,101.610463736021,101.610463736021,101.610463736021,101.34637314603,100.30300727036,100.30300727036,100.30300727036
"6",102.057347346452,102.057347346452,102.057347346452,102.057347346452,101.777912897449,100.472364615471,100.472364615471,100.472364615471
