"","MAPE","MSE","THEIL","BIAS","LOG.LIK","CONF","R2.ADJ","COMMON.TREND"
"1",94.4751826720013,94.4751826720013,94.4751826720013,94.4751826720013,94.4507319468325,94.3467849876246,94.3467849876246,94.3467849876246
"2",94.9476154051131,94.9476154051131,94.9476154051131,94.9476154051131,94.8808857786484,94.4753881954188,94.4753881954188,94.4753881954188
"3",95.3048461821536,95.3048461821536,95.3048461821536,95.3048461821536,95.1872248040117,94.3486499176241,94.3486499176241,94.3486499176241
