"","MAPE","MSE","THEIL","BIAS","LOG.LIK","CONF","R2.ADJ","COMMON.TREND"
"Noroeste",97.6535771759825,97.6535771759825,97.6535771759825,97.6535771759825,97.1069984528553,97.6535771759825,97.6535771759825,97.3999520458052
