"","MAPE","MSE","THEIL","BIAS","LOG.LIK","CONF","R2.ADJ","COMMON.TREND"
"1",96.2735353892686,96.2735353892686,96.2735353892686,96.2735353892686,96.2735353892686,96.2489290709794,96.2489290709794,96.2489290709794
"2",96.5172176361159,96.5172176361159,96.5172176361159,96.5172176361159,96.5172176361159,96.4810811746452,96.4810811746452,96.4810811746452
"3",96.8069042600043,96.8069042600043,96.8069042600043,96.8069042600043,96.8069042600043,96.7276558726142,96.7276558726142,96.7276558726142
