"","MAPE","MSE","THEIL","BIAS","LOG.LIK","CONF","R2.ADJ","COMMON.TREND"
"1",92.6985639047884,92.7338816106417,92.7338816106417,92.6985639047884,92.7165247252168,92.7338816106417,92.7338816106417,92.7165247252168
"2",92.9363888397097,92.9631767129994,92.9631767129994,92.9363888397097,92.982534965669,92.9631767129994,92.9631767129994,92.982534965669
"3",93.1670401087779,93.1727616319187,93.1727616319187,93.1670401087779,93.2385920610574,93.1727616319187,93.1727616319187,93.2385920610574
