"","MAPE","MSE","THEIL","BIAS","LOG.LIK","CONF","R2.ADJ","COMMON.TREND"
"1",104.604805021476,104.718935567995,104.718935567995,104.604805021476,104.604805021476,103.909099119519,103.909099119519,103.909099119519
"2",104.045830274326,104.205915372737,104.205915372737,104.045830274326,104.045830274326,102.765997375192,102.765997375192,102.765997375192
"3",103.463913653935,103.703717346009,103.703717346009,103.463913653935,103.463913653935,102.035389421717,102.035389421717,102.035389421717
