"","MAPE","MSE","THEIL","BIAS","LOG.LIK","CONF","R2.ADJ","COMMON.TREND"
"1",95.2764082766134,95.2764082766134,95.2764082766134,95.2764082766134,95.2198577747485,94.8312400676799,94.8312400676799,94.8312400676799
"2",95.3964010234022,95.3964010234022,95.3964010234022,95.3964010234022,95.2570475863309,94.5191604026787,94.5191604026787,94.5191604026787
"3",95.67498415238,95.67498415238,95.67498415238,95.67498415238,95.4310060026053,94.3821009045614,94.3821009045614,94.3821009045614
"4",95.960635134673,95.960635134673,95.960635134673,95.960635134673,95.5961367767494,94.3467294756985,94.3467294756985,94.3467294756985
"5",96.1927661591186,96.1927661591186,96.1927661591186,96.1927661591186,95.7093513283255,94.3591800306157,94.3591800306157,94.3591800306157
"6",96.3820887503668,96.3820887503668,96.3820887503668,96.3820887503668,95.7973224879032,94.444616855657,94.444616855657,94.444616855657
