"","MAPE","MSE","THEIL","BIAS","LOG.LIK","CONF","R2.ADJ","COMMON.TREND"
"1",97.1783010851145,97.1686243933122,97.1686243933122,97.1783010851145,97.1953072658756,97.1783010851145,97.1783010851145,97.1783010851145
"2",97.4997153846489,97.539660071956,97.539660071956,97.4997153846489,97.5951980311459,97.4997153846489,97.4997153846489,97.4997153846489
"3",97.724806137362,97.8431450339689,97.8431450339689,97.724806137362,97.9258789438215,97.724806137362,97.724806137362,97.724806137362
