"","MAPE","MSE","THEIL","BIAS","LOG.LIK","CONF","R2.ADJ","COMMON.TREND"
"1",102.453685019539,102.453685019539,102.453685019539,102.621844415563,102.411266155792,102.453685019539,102.453685019539,102.453685019539
"2",102.461932066041,102.461932066041,102.461932066041,103.012898911376,102.589400245809,102.461932066041,102.461932066041,102.461932066041
"3",102.327591848468,102.327591848468,102.327591848468,103.384237114644,102.753892355868,102.327591848468,102.327591848468,102.327591848468
