"","MAPE","MSE","THEIL","BIAS","LOG.LIK","CONF","R2.ADJ","COMMON.TREND"
"1",95.9079552728579,95.9079552728579,95.8634376026767,95.8831021646092,95.9079552728579,95.8634376026767,95.8634376026767,95.8634376026767
"2",96.3077560777194,96.3077560777194,96.239029613579,96.2617622953504,96.3077560777194,96.239029613579,96.239029613579,96.239029613579
"3",96.7170545441841,96.7170545441841,96.5957836786148,96.6414173681406,96.7170545441841,96.5957836786148,96.5957836786148,96.5957836786148
