"","MAPE","MSE","THEIL","BIAS","LOG.LIK","CONF","R2.ADJ","COMMON.TREND"
"1",99.7027167778722,99.7027167778722,99.7027167778722,99.7027167778722,99.674236976228,99.6298847123796,99.6298847123796,99.6298847123796
"2",100.085028610401,100.085028610401,100.085028610401,100.085028610401,100.006491376484,99.9291382722814,99.9291382722814,99.9291382722814
"3",100.512653240167,100.512653240167,100.512653240167,100.512653240167,100.379910659861,100.240543029385,100.240543029385,100.240543029385
"4",100.971508809257,100.971508809257,100.971508809257,100.971508809257,100.782244145412,100.562473359561,100.562473359561,100.562473359561
"5",101.450245735026,101.450245735026,101.450245735026,101.450245735026,101.206339167509,100.887179027953,100.887179027953,100.887179027953
"6",101.937535458121,101.937535458121,101.937535458121,101.937535458121,101.642705099151,101.21066040103,101.21066040103,101.21066040103
