"","MAPE","MSE","THEIL","BIAS","LOG.LIK","CONF","R2.ADJ","COMMON.TREND"
"1",101.133960755351,101.133960755351,101.133960755351,101.133960755351,101.237245875302,101.133960755351,101.133960755351,101.133960755351
"2",101.504577104456,101.504577104456,101.504577104456,101.504577104456,101.632906404949,101.504577104456,101.504577104456,101.504577104456
"3",101.730370695809,101.730370695809,101.730370695809,101.730370695809,102.05271871901,101.730370695809,101.730370695809,101.730370695809
"4",101.800898604368,101.800898604368,101.800898604368,101.800898604368,102.449773407115,101.800898604368,101.800898604368,101.800898604368
"5",101.79590894402,101.79590894402,101.79590894402,101.79590894402,102.801197244478,101.79590894402,101.79590894402,101.79590894402
"6",101.807234945074,101.807234945074,101.807234945074,101.807234945074,103.108541449423,101.807234945074,101.807234945074,101.807234945074
