"","MAPE","MSE","THEIL","BIAS","LOG.LIK","CONF","R2.ADJ","COMMON.TREND"
"1",100.935448161268,100.935448161268,100.935448161268,100.935448161268,100.935448161268,100.935448161268,100.935448161268,100.912941259126
"2",101.321497274034,101.321497274034,101.321497274034,101.321497274034,101.321497274034,101.321497274034,101.321497274034,101.261257963528
"3",101.708400188123,101.708400188123,101.708400188123,101.708400188123,101.708400188123,101.708400188123,101.708400188123,101.589019664906
"4",102.096913837716,102.096913837716,102.096913837716,102.096913837716,102.096913837716,102.096913837716,102.096913837716,101.905032141925
"5",102.485116481488,102.485116481488,102.485116481488,102.485116481488,102.485116481488,102.485116481488,102.485116481488,102.213311518327
"6",102.868745213068,102.868745213068,102.868745213068,102.868745213068,102.868745213068,102.868745213068,102.868745213068,102.514584406023
