"","MAPE","MSE","THEIL","BIAS","LOG.LIK","CONF","R2.ADJ","COMMON.TREND"
"1",99.2255860784686,99.2255860784686,99.2255860784686,99.2255860784686,99.2255860784686,99.1848023815813,99.2255860784686,99.1848023815813
"2",99.5832495466101,99.5832495466101,99.5832495466101,99.5832495466101,99.5832495466101,99.4867412563878,99.5832495466101,99.4867412563878
"3",99.9470102949269,99.9470102949269,99.9470102949269,99.9470102949269,99.9470102949269,99.7902669533256,99.9470102949269,99.7902669533256
"4",100.33716089667,100.33716089667,100.33716089667,100.33716089667,100.33716089667,100.11782082743,100.33716089667,100.11782082743
"5",100.733452039544,100.733452039544,100.733452039544,100.733452039544,100.733452039544,100.452897831433,100.733452039544,100.452897831433
"6",101.134671131595,101.134671131595,101.134671131595,101.134671131595,101.134671131595,100.794455807393,101.134671131595,100.794455807393
