"","MAPE","MSE","THEIL","BIAS","LOG.LIK","CONF","R2.ADJ","COMMON.TREND"
"1",98.8512369227106,98.8512369227106,98.8512369227106,98.8273373330702,98.8299305018096,98.8512369227106,98.8512369227106,98.8273373330702
"2",99.1785492686721,99.1785492686721,99.1785492686721,99.1163619789059,99.1257350270044,99.1785492686721,99.1785492686721,99.1163619789059
"3",99.5424748188479,99.5424748188479,99.5424748188479,99.4273071059993,99.4655895576649,99.5424748188479,99.5424748188479,99.4273071059993
"4",99.9110985321784,99.9110985321784,99.9110985321784,99.7361558682555,99.8203832302019,99.9110985321784,99.9110985321784,99.7361558682555
"5",100.281022607186,100.281022607186,100.281022607186,100.043537118599,100.190352849096,100.281022607186,100.281022607186,100.043537118599
"6",100.644506138815,100.644506138815,100.644506138815,100.346280354943,100.567302195453,100.644506138815,100.644506138815,100.346280354943
