"","MAPE","MSE","THEIL","BIAS","LOG.LIK","CONF","R2.ADJ","COMMON.TREND"
"1",96.8479467727409,96.8479467727409,96.8479467727409,96.8479467727409,96.8479467727409,96.8277040815723,96.8277040815723,96.8277040815723
"2",97.1942495153002,97.1942495153002,97.1942495153002,97.1942495153002,97.1942495153002,97.0975652946259,97.0975652946259,97.0975652946259
"3",97.4641000663422,97.4641000663422,97.4641000663422,97.4641000663422,97.4641000663422,97.318737581369,97.318737581369,97.318737581369
"4",97.7723631838659,97.7723631838659,97.7723631838659,97.7723631838659,97.7723631838659,97.56911584032,97.56911584032,97.56911584032
"5",98.0621967774079,98.0621967774079,98.0621967774079,98.0621967774079,98.0621967774079,97.8127705880731,97.8127705880731,97.8127705880731
"6",98.3579664821292,98.3579664821292,98.3579664821292,98.3579664821292,98.3579664821292,98.0652072459668,98.0652072459668,98.0652072459668
