"","MAPE","MSE","THEIL","BIAS","LOG.LIK","CONF","R2.ADJ","COMMON.TREND"
"Noreste",98.7888691172776,98.7888691172776,98.7888691172776,98.7888691172776,98.849336832478,98.7040358984088,98.7040358984088,98.7040358984088
