"","MAPE","MSE","THEIL","BIAS","LOG.LIK","CONF","R2.ADJ","COMMON.TREND"
"Frontera.norte",96.0472846606797,96.0472846606797,96.0472846606797,96.0472846606797,96.1250806701429,96.0472846606797,96.0472846606797,95.8479601666192
