"","MAPE","MSE","THEIL","BIAS","LOG.LIK","CONF","R2.ADJ","COMMON.TREND"
"1",99.369186468216,99.369186468216,99.369186468216,99.369186468216,99.369186468216,99.3587114873248,99.3587114873248,99.3587114873248
"2",99.7325824215411,99.7325824215411,99.7325824215411,99.7325824215411,99.7325824215411,99.6845681277791,99.6845681277791,99.6845681277791
"3",100.105257479822,100.105257479822,100.105257479822,100.105257479822,100.105257479822,100.006548001185,100.006548001185,100.006548001185
