"","MAPE","MSE","THEIL","BIAS","LOG.LIK","CONF","R2.ADJ","COMMON.TREND"
"1",99.1850331867624,99.1850331867624,99.1850331867624,99.1850331867624,99.2255860784686,99.1848023815816,99.1848023815816,99.1848023815816
"2",99.4929794241384,99.4929794241384,99.4929794241384,99.4929794241384,99.5832495466101,99.4867412563907,99.4867412563907,99.4867412563907
"3",99.8072928121927,99.8072928121927,99.8072928121927,99.8072928121927,99.9470102949269,99.7902669533105,99.7902669533105,99.7902669533105
