"","MAPE","MSE","THEIL","BIAS","LOG.LIK","CONF","R2.ADJ","COMMON.TREND"
"1",98.3798824166843,98.3798824166843,98.3798824166843,98.2936276660612,98.4818016746643,98.2936276660612,98.2936276660612,98.2936276660612
"2",98.6322801767568,98.6322801767568,98.6322801767568,98.3729318490257,98.8285272750386,98.3729318490257,98.3729318490257,98.3729318490257
"3",98.6709784738504,98.6709784738504,98.6709784738504,98.2784417975112,98.9970291409321,98.2784417975112,98.2784417975112,98.2784417975112
