"","MAPE","MSE","THEIL","BIAS","LOG.LIK","CONF","R2.ADJ","COMMON.TREND"
"1",99.2225504134679,99.2225504134679,99.2225504134679,99.8124770056797,99.5209600867527,99.2225504134679,99.2225504134679,99.2225504134679
"2",99.5733145222819,99.5733145222819,99.5733145222819,100.580191707687,100.070276379411,99.5733145222819,99.5733145222819,99.5733145222819
"3",100.097690610532,100.097690610532,100.097690610532,101.482754948402,100.738717994196,100.097690610532,100.097690610532,100.097690610532
