"","MAPE","MSE","THEIL","BIAS","LOG.LIK","CONF","R2.ADJ","COMMON.TREND"
"1",99.0920367809201,99.0920367809201,99.0920367809201,99.0920367809201,99.0645075616775,99.0803739336169,99.0803739336169,99.0803739336169
"2",99.426475915849,99.426475915849,99.426475915849,99.426475915849,99.3716710718049,99.3909238837648,99.3909238837648,99.3909238837648
"3",99.7811961692301,99.7811961692301,99.7811961692301,99.7811961692301,99.7079313175084,99.698961853704,99.698961853704,99.698961853704
