"","MAPE","MSE","THEIL","BIAS","LOG.LIK","CONF","R2.ADJ","COMMON.TREND"
"Nacional",96.2651020233554,96.2651020233554,96.2651020233554,96.2651020233554,96.2651020233554,96.2232490522098,96.2232490522098,96.2232490522098
