"","MAPE","MSE","THEIL","BIAS","LOG.LIK","CONF","R2.ADJ","COMMON.TREND"
"Centro.norte",102.905600001971,102.905600001971,102.905600001971,102.90549238345,102.905600001971,102.91998146182,102.91998146182,102.90549238345
