"","MAPE","MSE","THEIL","BIAS","LOG.LIK","CONF","R2.ADJ","COMMON.TREND"
"1",99.4925416238099,99.4925416238099,99.4925416238099,99.4925416238099,99.4925416238099,99.4314417660491,99.4314417660491,99.4314417660491
"2",99.6424899877721,99.6424899877721,99.6424899877721,99.6424899877721,99.6424899877721,99.5148469308021,99.5148469308021,99.5148469308021
"3",99.8256916905248,99.8256916905248,99.8256916905248,99.8256916905248,99.8256916905248,99.5925358831506,99.5925358831506,99.5925358831506
