"","MAPE","MSE","THEIL","BIAS","LOG.LIK","CONF","R2.ADJ","COMMON.TREND"
"Centro.norte",99.0920367809193,99.0920367809193,99.0920367809193,99.0920367809193,99.0645075616775,99.0803739336278,99.0803739336278,99.0803739336278
