"","MAPE","MSE","THEIL","BIAS","LOG.LIK","CONF","R2.ADJ","COMMON.TREND"
"1",100.33407304785,100.33407304785,100.33407304785,100.368646447557,100.368646447557,100.33407304785,100.33407304785,100.33407304785
"2",100.697999682851,100.697999682851,100.697999682851,100.77702563754,100.77702563754,100.697999682851,100.697999682851,100.697999682851
"3",101.057631342588,101.057631342588,101.057631342588,101.214257653588,101.214257653588,101.057631342588,101.057631342588,101.057631342588
"4",101.403156752733,101.403156752733,101.403156752733,101.653861243725,101.653861243725,101.403156752733,101.403156752733,101.403156752733
"5",101.739211492269,101.739211492269,101.739211492269,102.09584221917,102.09584221917,101.739211492269,101.739211492269,101.739211492269
"6",102.066465903284,102.066465903284,102.066465903284,102.535767501298,102.535767501298,102.066465903284,102.066465903284,102.066465903284
