"","MAPE","MSE","THEIL","BIAS","LOG.LIK","CONF","R2.ADJ","COMMON.TREND"
"1",97.2180692844112,97.2180692844112,97.2180692844112,97.2180692844112,97.1070362565515,97.236596293686,97.236596293686,97.2180692844112
"2",97.7931192608746,97.7931192608746,97.7931192608746,97.7931192608746,97.543779114577,97.8304440300584,97.8304440300584,97.7931192608746
"3",98.1938840186899,98.1938840186899,98.1938840186899,98.1938840186899,97.7719828789166,98.225212782791,98.225212782791,98.1938840186899
"4",98.5165647872208,98.5165647872208,98.5165647872208,98.5165647872208,97.9038856522075,98.5166955558961,98.5166955558961,98.5165647872208
"5",98.8044639201556,98.8044639201556,98.8044639201556,98.8044639201556,97.9910487853779,98.7773021028509,98.7773021028509,98.8044639201556
"6",99.0648816460814,99.0648816460814,99.0648816460814,99.0648816460814,98.0528960417841,99.0298693912448,99.0298693912448,99.0648816460814
