"","MAPE","MSE","THEIL","BIAS","LOG.LIK","CONF","R2.ADJ","COMMON.TREND"
"1",100.416321311474,100.416321311474,100.416321311474,100.416321311474,100.814231759135,100.416321311474,100.416321311474,100.416321311474
"2",100.275031611211,100.275031611211,100.275031611211,100.275031611211,100.974497805642,100.275031611211,100.275031611211,100.275031611211
"3",100.43351003973,100.43351003973,100.43351003973,100.43351003973,101.226236397739,100.43351003973,100.43351003973,100.43351003973
"4",100.761275802876,100.761275802876,100.761275802876,100.761275802876,101.501877132897,100.761275802876,100.761275802876,100.761275802876
"5",101.16079261777,101.16079261777,101.16079261777,101.16079261777,101.767633706457,101.16079261777,101.16079261777,101.16079261777
"6",101.572292986418,101.572292986418,101.572292986418,101.572292986418,102.014302998797,101.572292986418,101.572292986418,101.572292986418
