"","MAPE","MSE","THEIL","BIAS","LOG.LIK","CONF","R2.ADJ","COMMON.TREND"
"Centro.norte",93.5006329486582,93.5054971733234,93.5006329486582,93.5054971733234,93.5054971733234,93.4813074891158,93.4813074891158,93.4813074891158
