"","MAPE","MSE","THEIL","BIAS","LOG.LIK","CONF","R2.ADJ","COMMON.TREND"
"1",99.563387056646,99.563387056646,99.563387056646,99.563387056646,99.6713930538853,99.5040130018363,99.5040130018363,99.5040130018363
"2",99.5023921676046,99.5023921676046,99.5023921676046,99.5023921676046,99.7223071085874,99.4213427685429,99.4213427685429,99.4213427685429
"3",99.5598825847738,99.5598825847738,99.5598825847738,99.5598825847738,99.9229976347507,99.407345471463,99.407345471463,99.407345471463
"4",99.7075927593419,99.7075927593419,99.7075927593419,99.7075927593419,100.20904567236,99.468091096136,99.468091096136,99.468091096136
"5",99.921051993434,99.921051993434,99.921051993434,99.921051993434,100.564300730034,99.5804688466054,99.5804688466054,99.5804688466054
"6",100.160674893402,100.160674893402,100.160674893402,100.160674893402,100.944093585325,99.7259063914362,99.7259063914362,99.7259063914362
