"","MAPE","MSE","THEIL","BIAS","LOG.LIK","CONF","R2.ADJ","COMMON.TREND"
"1",95.4678569440691,95.4678569440691,95.4678569440691,95.4678569440691,95.4678569440691,95.4678569440691,95.4678569440691,95.4946197942585
"2",95.8165808283237,95.8165808283237,95.8165808283237,95.8165808283237,95.8165808283237,95.8165808283237,95.8165808283237,95.8600573059246
"3",96.142726813437,96.142726813437,96.142726813437,96.142726813437,96.142726813437,96.142726813437,96.142726813437,96.206762301348
