"","MAPE","MSE","THEIL","BIAS","LOG.LIK","CONF","R2.ADJ","COMMON.TREND"
"1",94.8896855060858,94.8896855060858,94.8896855060858,94.8896855060858,94.9905642975754,94.8896855060858,94.8896855060858,94.8896855060858
"2",94.8961356540196,94.8961356540196,94.8961356540196,94.8961356540196,95.0559965049327,94.8961356540196,94.8961356540196,94.8961356540196
"3",94.9314732959264,94.9314732959264,94.9314732959264,94.9314732959264,95.122149985928,94.9314732959264,94.9314732959264,94.9314732959264
