"","MAPE","MSE","THEIL","BIAS","LOG.LIK","CONF","R2.ADJ","COMMON.TREND"
"1",95.669968815134,95.669968815134,95.669968815134,95.669968815134,95.7087900483704,95.669968815134,95.669968815134,95.669968815134
"2",96.1748962986067,96.1748962986067,96.1748962986067,96.1748962986067,96.2072549450166,96.1748962986067,96.1748962986067,96.1748962986067
"3",96.6544400248637,96.6544400248637,96.6544400248637,96.6544400248637,96.6864820241695,96.6544400248637,96.6544400248637,96.6544400248637
"4",97.0283415150657,97.0283415150657,97.0283415150657,97.0283415150657,97.0568205576836,97.0283415150657,97.0283415150657,97.0283415150657
"5",97.3491101465979,97.3491101465979,97.3491101465979,97.3491101465979,97.3561026623494,97.3491101465979,97.3491101465979,97.3491101465979
"6",97.646776261239,97.646776261239,97.646776261239,97.646776261239,97.6012372950685,97.646776261239,97.646776261239,97.646776261239
