"","MAPE","MSE","THEIL","BIAS","LOG.LIK","CONF","R2.ADJ","COMMON.TREND"
"1",99.1021404605107,99.1021404605107,99.1021404605107,99.1021404605107,101.052326937679,99.1021404605107,99.1021404605107,101.052326937679
"2",98.3513937287011,98.3513937287011,98.3513937287011,98.3513937287011,101.744714039706,98.3513937287011,98.3513937287011,101.744714039706
"3",98.1916984551708,98.1916984551708,98.1916984551708,98.1916984551708,102.258103954912,98.1916984551708,98.1916984551708,102.258103954912
"4",98.4302018068713,98.4302018068713,98.4302018068713,98.4302018068713,102.716885125139,98.4302018068713,98.4302018068713,102.716885125139
"5",98.849344758919,98.849344758919,98.849344758919,98.849344758919,103.126822053827,98.849344758919,98.849344758919,103.126822053827
"6",99.2298540777486,99.2298540777486,99.2298540777486,99.2298540777486,103.497864667516,99.2298540777486,99.2298540777486,103.497864667516
