"","MAPE","MSE","THEIL","BIAS","LOG.LIK","CONF","R2.ADJ","COMMON.TREND"
"1",96.2651020233554,96.2651020233554,96.2651020233554,96.2651020233554,96.2651020233554,96.2232490522098,96.2232490522098,96.2232490522098
"2",96.7183887504592,96.7183887504592,96.7183887504592,96.7183887504592,96.7183887504592,96.6249107321208,96.6249107321208,96.6249107321208
"3",97.1022243408469,97.1022243408469,97.1022243408469,97.1022243408469,97.1022243408469,96.9515057741014,96.9515057741014,96.9515057741014
"4",97.4249468736434,97.4249468736434,97.4249468736434,97.4249468736434,97.4249468736434,97.201085587136,97.201085587136,97.201085587136
"5",97.7003052152026,97.7003052152026,97.7003052152026,97.7003052152026,97.7003052152026,97.3915116951096,97.3915116951096,97.3915116951096
"6",97.9403507140393,97.9403507140393,97.9403507140393,97.9403507140393,97.9403507140393,97.5447412854952,97.5447412854952,97.5447412854952
