"","MAPE","MSE","THEIL","BIAS","LOG.LIK","CONF","R2.ADJ","COMMON.TREND"
"1",98.3770952128065,98.3770952128065,98.3770952128065,98.3770952128065,98.4286648540367,98.2856532773098,98.2856532773098,98.2856532773098
"2",98.704597892595,98.704597892595,98.704597892595,98.704597892595,98.7737333377125,98.4694590969745,98.4694590969745,98.4694590969745
"3",98.9507028429484,98.9507028429484,98.9507028429484,98.9507028429484,99.0548289413788,98.5483823825352,98.5483823825352,98.5483823825352
