"","MAPE","MSE","THEIL","BIAS","LOG.LIK","CONF","R2.ADJ","COMMON.TREND"
"1",98.9597317593369,98.9597317593369,98.9597317593369,98.9597317593369,99.0329455146207,98.9597317593369,98.9597317593369,98.9597317593369
"2",99.0058086405295,99.0058086405295,99.0058086405295,99.0058086405295,99.1953715061014,99.0058086405295,99.0058086405295,99.0058086405295
"3",99.1436561756595,99.1436561756595,99.1436561756595,99.1436561756595,99.4326223703882,99.1436561756595,99.1436561756595,99.1436561756595
