"","MAPE","MSE","THEIL","BIAS","LOG.LIK","CONF","R2.ADJ","COMMON.TREND"
"1",104.285873572764,104.285873572764,104.285873572764,104.285873572764,104.874665918473,104.285873572764,104.285873572764,104.285873572764
"2",103.460943395069,103.460943395069,103.460943395069,103.460943395069,104.741926570428,103.460943395069,103.460943395069,103.460943395069
"3",102.809511380695,102.809511380695,102.809511380695,102.809511380695,104.553492170778,102.809511380695,102.809511380695,102.809511380695
"4",102.601526843889,102.601526843889,102.601526843889,102.601526843889,104.514932725414,102.601526843889,102.601526843889,102.601526843889
"5",102.68464656262,102.68464656262,102.68464656262,102.68464656262,104.579975107343,102.68464656262,102.68464656262,102.68464656262
"6",102.882643305843,102.882643305843,102.882643305843,102.882643305843,104.714618056981,102.882643305843,102.882643305843,102.882643305843
