"","MAPE","MSE","THEIL","BIAS","LOG.LIK","CONF","R2.ADJ","COMMON.TREND"
"Mexico",99.3921693426374,99.3459198789832,99.3459198789832,99.3921693426374,99.3921693426374,99.3459198789832,99.3459198789832,99.3459198789832
