"","MAPE","MSE","THEIL","BIAS","LOG.LIK","CONF","R2.ADJ","COMMON.TREND"
"1",101.307233340693,101.307233340693,101.307233340693,101.307233340693,101.330449567391,101.330449567391,101.330449567391,101.307233340693
"2",101.601120500457,101.601120500457,101.601120500457,101.601120500457,101.65509940228,101.65509940228,101.65509940228,101.601120500457
"3",101.907568482173,101.907568482173,101.907568482173,101.907568482173,102.018503489374,102.018503489374,102.018503489374,101.907568482173
"4",102.211000529979,102.211000529979,102.211000529979,102.211000529979,102.390270851484,102.390270851484,102.390270851484,102.211000529979
"5",102.506204364009,102.506204364009,102.506204364009,102.506204364009,102.762661448996,102.762661448996,102.762661448996,102.506204364009
"6",102.791292654554,102.791292654554,102.791292654554,102.791292654554,103.12790190868,103.12790190868,103.12790190868,102.791292654554
