"","MAPE","MSE","THEIL","BIAS","LOG.LIK","CONF","R2.ADJ","COMMON.TREND"
"1",96.8312497957214,96.8312497957214,96.8312497957214,96.8004943370537,96.8004943370537,96.8004943370537,96.8004943370537,96.8004943370537
"2",97.2717707048157,97.2717707048157,97.2717707048157,97.2330016491246,97.2330016491246,97.2330016491246,97.2330016491246,97.2330016491246
"3",97.5590763422062,97.5590763422062,97.5590763422062,97.4991018003978,97.4991018003978,97.4991018003978,97.4991018003978,97.4991018003978
