"","MAPE","MSE","THEIL","BIAS","LOG.LIK","CONF","R2.ADJ","COMMON.TREND"
"1",103.137618499406,103.137618499406,103.137618499406,103.137618499406,103.137618499406,102.960041039735,102.960041039735,102.960041039735
"2",103.32195038852,103.32195038852,103.32195038852,103.32195038852,103.32195038852,102.902973258202,102.902973258202,102.902973258202
"3",103.629211458838,103.629211458838,103.629211458838,103.629211458838,103.629211458838,102.940516163693,102.940516163693,102.940516163693
