"","MAPE","MSE","THEIL","BIAS","LOG.LIK","CONF","R2.ADJ","COMMON.TREND"
"1",20.3010673229314,20.3010673229314,20.3010673229314,20.3746261151605,20.4152034692087,20.319590345175,20.319590345175,20.4344978986641
"2",20.2344460136997,20.2344460136997,20.2344460136997,20.3181541161894,20.3110870289491,20.2970007144855,20.2970007144855,20.3875556883922
"3",20.3158221872085,20.3158221872085,20.3158221872085,20.554936922931,20.18577301641,20.4365291855411,20.4365291855411,20.3842756292448
"4",20.3915794961693,20.3915794961693,20.3915794961693,20.7876108285211,20.0573902865544,20.3922368954636,20.3922368954636,20.2469269390481
"5",20.4999936941466,20.4999936941466,20.4999936941466,20.9072208468171,20.0296318971372,20.4263722723138,20.4263722723138,20.2698281734141
"6",20.6094652036446,20.6094652036446,20.6094652036446,20.9830505993095,20.0507930061709,20.5208455815611,20.5208455815611,20.307932806678
