"","MAPE","MSE","THEIL","BIAS","LOG.LIK","CONF","R2.ADJ","COMMON.TREND"
"1",17.8868920969149,17.8868920969149,17.8868920969149,17.9680432105726,17.8415389254547,17.9534858011915,17.9534858011915,18.0477666808708
"2",17.8085725681393,17.8085725681393,17.8085725681393,18.0520056462299,17.9278104363118,17.807337148402,17.807337148402,18.2216461322244
"3",17.842982446248,17.842982446248,17.842982446248,18.3118616040329,18.0088280098181,17.8663676590808,17.8663676590808,18.2768553114399
