"","MAPE","MSE","THEIL","BIAS","LOG.LIK","CONF","R2.ADJ","COMMON.TREND"
"1",19.7884610618282,19.7884610618282,19.7884610618282,20.0263952906405,20.2050826841612,19.7884610618282,19.7884610618282,19.8445445557024
"2",19.7572047461197,19.7572047461197,19.7572047461197,20.0090964177264,20.213037715359,19.7572047461197,19.7572047461197,19.8583034556286
"3",19.8930985682917,19.8930985682917,19.8930985682917,20.028452483448,20.1877970422702,19.8930985682917,19.8930985682917,20.0027651189542
"4",19.8240754417597,19.8240754417597,19.8240754417597,19.9056292240317,20.2234486858258,19.8240754417597,19.8240754417597,19.9318679849264
"5",19.8596275599022,19.8596275599022,19.8596275599022,19.9182056734123,20.1902384752158,19.8596275599022,19.8596275599022,19.9854215344161
"6",19.951937483149,19.951937483149,19.951937483149,19.9699265738767,20.2227582792741,19.951937483149,19.951937483149,20.1013986179028
