"","MAPE","MSE","THEIL","BIAS","LOG.LIK","CONF","R2.ADJ","COMMON.TREND"
"Tipo.de.cambio",18.5301492283515,18.5301492283515,18.5301492283515,18.7554694342622,18.8131478699503,18.3531845109949,18.3531845109949,18.6219746913617
