"","MAPE","MSE","THEIL","BIAS","LOG.LIK","CONF","R2.ADJ","COMMON.TREND"
"1",17.7388373076057,17.7388373076057,17.8388499238665,18.1131545768985,17.7994535341648,17.8767733957995,17.8454390770352,17.711977405441
"2",17.7271530068267,17.7271530068267,17.9231184846381,18.5912434691318,17.8156867132366,17.9987402302699,18.0346288748526,17.8713216409077
"3",17.6289652242466,17.6289652242466,17.8663830270525,18.6420667873847,17.8618445112457,17.970550767093,17.9480027211839,17.9724836925946
