"","MAPE","MSE","THEIL","BIAS","LOG.LIK","CONF","R2.ADJ","COMMON.TREND"
"Tipo.de.cambio",20.6917623137285,20.6917623137285,20.6917623137285,20.6811962659613,20.5885413288754,20.6988751593238,20.6839870092431,20.4574452644288
