"","MAPE","MSE","THEIL","BIAS","LOG.LIK","CONF","R2.ADJ","COMMON.TREND"
"1",18.817167685883,18.817167685883,18.817167685883,18.9383666980944,19.063826238911,18.4243425096951,18.4243425096951,19.6441654595309
"2",18.9143042116136,18.9143042116136,18.9143042116136,19.0889802711067,19.2679925586934,18.0271738326491,18.0271738326491,19.1813121573258
"3",19.1763684613723,19.1763684613723,19.1763684613723,19.2177835989182,19.4993085398772,18.0244472605697,18.0244472605697,18.7711484434463
