"","MAPE","MSE","THEIL","BIAS","LOG.LIK","CONF","R2.ADJ","COMMON.TREND"
"Tipo.de.cambio",18.981179744824,18.981179744824,18.981179744824,19.1511797366276,19.0009286312498,19.029410178843,18.5668637981338,19.0113217165655
