"","MAPE","MSE","THEIL","BIAS","LOG.LIK","CONF","R2.ADJ","COMMON.TREND"
"Tipo.de.cambio",17.8868920969149,17.8868920969149,17.8868920969149,17.9680432105726,17.8415389254547,17.9534858011915,17.9534858011915,17.8868920969149
