"","MAPE","MSE","THEIL","BIAS","LOG.LIK","CONF","R2.ADJ","COMMON.TREND"
"1",19.8531610888738,19.8531610888738,19.8897369398205,19.6955144121502,19.6162954950474,19.9967051476279,19.9967051476279,19.9327911476102
"2",19.7654731804413,19.7654731804413,19.9522463134294,19.675796478179,19.658231214956,20.0300848390156,20.0300848390156,19.8849816715048
"3",19.723170108166,19.723170108166,19.9523411854846,19.7708308099212,19.6382360727703,19.9793285851604,19.9793285851604,19.8911796700931
