"","MAPE","MSE","THEIL","BIAS","LOG.LIK","CONF","R2.ADJ","COMMON.TREND"
"1",19.2069830974153,19.2069830974153,19.2069830974153,19.0658527576224,19.1347081967839,19.1230343130259,19.259075552813,18.9934598153779
"2",19.5287406932086,19.5287406932086,19.5287406932086,19.2251859741289,19.3744076023622,19.3347324002664,19.5757206826327,19.0583261829888
"3",19.572294669693,19.572294669693,19.572294669693,19.2739816739414,19.506643827021,19.2541336936629,19.5755636676607,19.2207813936507
