"","MAPE","MSE","THEIL","BIAS","LOG.LIK","CONF","R2.ADJ","COMMON.TREND"
"1",20.3010673229314,20.3010673229314,20.3010673229314,20.3746261151605,20.4152034692087,20.319590345175,20.319590345175,20.4344978986641
"2",20.2344460136997,20.2344460136997,20.2344460136997,20.3181541161894,20.3110870289491,20.2970007144855,20.2970007144855,20.3875556883922
"3",20.3158221872085,20.3158221872085,20.3158221872085,20.554936922931,20.18577301641,20.4365291855411,20.4365291855411,20.3842756292448
