"","MAPE","MSE","THEIL","BIAS","LOG.LIK","CONF","R2.ADJ","COMMON.TREND"
"Tipo.de.cambio",18.9124766105025,18.8793189273348,18.8793189273348,19.5485903020619,18.581132101127,18.8793189273348,19.5505077439404,18.4988040309568
