"","MAPE","MSE","THEIL","BIAS","LOG.LIK","CONF","R2.ADJ","COMMON.TREND"
"1",18.9124766105025,18.8793189273348,18.8793189273348,19.5485903020619,18.581132101127,18.8793189273348,19.5505077439404,18.4988040309568
"2",19.3433048928592,19.2432311903961,19.2432311903961,20.5360264278694,18.5573820789224,19.2432311903961,20.4350986531445,18.4302778133085
"3",19.4381513890651,19.2893364834385,19.2893364834385,20.6312887931903,18.5782744742004,19.2893364834385,20.406790027756,18.2510849548874
