"","MAPE","MSE","THEIL","BIAS","LOG.LIK","CONF","R2.ADJ","COMMON.TREND"
"1",17.7751839471855,17.7751839471855,17.7751839471855,17.8041568872843,18.1008739353818,17.8429210096456,17.8429210096456,17.971578628231
"2",18.0377900040939,18.0377900040939,18.0377900040939,18.0953437123154,18.1918696987965,17.8092806973262,17.8092806973262,18.2482326138153
"3",18.4480174952059,18.4480174952059,18.4480174952059,18.5896212724609,18.3210997619412,17.9181671398664,17.9181671398664,18.5412406933196
