"","MAPE","MSE","THEIL","BIAS","LOG.LIK","CONF","R2.ADJ","COMMON.TREND"
"1",17.8868920969149,17.8868920969149,17.8868920969149,17.9680432105726,17.8415389254547,17.9534858011915,17.9534858011915,18.0414908580722
"2",17.8085725681393,17.8085725681393,17.8085725681393,18.0520056462299,17.9278104363118,17.807337148402,17.807337148402,17.9821568744342
"3",17.842982446248,17.842982446248,17.842982446248,18.3118616040329,18.0088280098181,17.8663676590808,17.8663676590808,17.9605849445473
"4",17.7591443040487,17.7591443040487,17.7591443040487,18.5856107266816,18.0729608350556,17.8953012605376,17.8953012605376,17.923249334268
"5",17.6803807972953,17.6803807972953,17.6803807972953,18.7002874628039,18.1158310533671,17.7654374473059,17.7654374473059,18.156842827112
"6",17.4698776754077,17.4698776754077,17.4698776754077,18.7581144796081,18.1375257969146,17.5531215568014,17.5531215568014,18.1982540949638
