"","MAPE","MSE","THEIL","BIAS","LOG.LIK","CONF","R2.ADJ","COMMON.TREND"
"1",17.7751839471855,17.7751839471855,17.7751839471855,17.8041568872843,18.1008739353818,17.8429210096456,17.8429210096456,17.971578628231
"2",18.0377900040939,18.0377900040939,18.0377900040939,18.0953437123154,18.1918696987965,17.8092806973262,17.8092806973262,18.2482326138153
"3",18.4480174952059,18.4480174952059,18.4480174952059,18.5896212724609,18.3210997619412,17.9181671398664,17.9181671398664,18.5412406933196
"4",18.3793135574256,18.3793135574256,18.3793135574256,18.5996041742326,18.4374045728283,17.8837177981536,17.8837177981536,18.5705977390394
"5",18.284112712917,18.284112712917,18.284112712917,18.7308901630108,18.5239724732567,17.9322711206241,17.9322711206241,18.5406658956159
"6",18.4305118194705,18.4305118194705,18.4305118194705,19.0349878710702,18.5764057593088,18.0192486754646,18.0192486754646,18.5263806108642
