"","MAPE","MSE","THEIL","BIAS","LOG.LIK","CONF","R2.ADJ","COMMON.TREND"
"1",19.2786033021725,19.2786033021725,19.2786033021725,19.2046896848292,19.2536913735877,18.9475587531447,18.9475587531447,18.9829830006893
"2",20.2814521003045,20.2814521003045,20.2814521003045,20.1148191416749,19.3259904178113,19.826729637849,19.826729637849,18.890054615614
"3",21.2576437606012,21.2576437606012,21.2576437606012,21.1101694578679,19.4544751082629,20.4967211784664,20.4967211784664,18.9733812299401
