"","MAPE","MSE","THEIL","BIAS","LOG.LIK","CONF","R2.ADJ","COMMON.TREND"
"Tipo.de.cambio",17.7751839471855,17.7751839471855,17.7751839471855,17.8041568872843,18.1008739353818,17.8429210096456,17.8429210096456,17.8429210096456
