"","MAPE","MSE","THEIL","BIAS","LOG.LIK","CONF","R2.ADJ","COMMON.TREND"
"1",22.7271198130121,22.7271198130121,22.7271198130121,22.1639853779176,22.0478631392708,22.0786496814506,22.7271198130121,22.0777603822671
"2",23.142259756386,23.142259756386,23.142259756386,22.4632586654395,22.3640877904982,22.3477221308352,23.142259756386,22.1856877754459
"3",22.9564671460271,22.9564671460271,22.9564671460271,22.2418904955702,22.4896937572478,21.9816360056194,22.9564671460271,22.0142445277096
