"","MAPE","MSE","THEIL","BIAS","LOG.LIK","CONF","R2.ADJ","COMMON.TREND"
"1",19.4607388283395,19.4607388283395,19.4607388283395,19.4402776388044,18.9695395483047,19.1458150003515,19.8189632282606,18.8499506180102
"2",19.7959353824221,19.7959353824221,19.7959353824221,19.7608033524277,19.2019059060714,19.2595226626496,20.2833211611954,18.8141410710158
"3",20.238278129134,20.238278129134,20.238278129134,20.0379313641161,19.3976572030568,19.4752114079609,20.6931555014163,18.8553951738103
