"","MAPE","MSE","THEIL","BIAS","LOG.LIK","CONF","R2.ADJ","COMMON.TREND"
"Tipo.de.cambio",18.9945597600533,18.9945597600533,18.9945597600533,19.1577885940633,18.7311724126688,19.1932670895498,19.1932670895498,19.1932670895498
