"","MAPE","MSE","THEIL","BIAS","LOG.LIK","CONF","R2.ADJ","COMMON.TREND"
"1",18.981179744824,18.981179744824,18.981179744824,19.1511797366276,19.0009286312498,19.029410178843,18.5668637981338,19.0113217165655
"2",18.9290927279334,18.9290927279334,18.9290927279334,19.1623821637502,18.9681627175768,19.0119729390661,17.9079602402773,19.0048932409655
"3",18.9308347512409,18.9308347512409,18.9308347512409,19.1041737086496,18.9955936717012,18.903547599536,17.6609688880304,19.028104779658
