"","MAPE","MSE","THEIL","BIAS","LOG.LIK","CONF","R2.ADJ","COMMON.TREND"
"1",18.5103559542833,18.5103559542833,18.5103559542833,18.5747804979444,18.4641590444194,18.4841666059952,18.6469518156038,18.3805245278635
"2",18.467867425241,18.467867425241,18.467867425241,18.4291724804015,18.3880196846521,18.265369807057,18.9913577293505,18.62193239674
"3",18.4611851676969,18.4611851676969,18.4611851676969,18.4810092538131,18.4066555389885,18.2347221723558,19.1152446490012,18.9661158212641
