"","MAPE","MSE","THEIL","BIAS","LOG.LIK","CONF","R2.ADJ","COMMON.TREND"
"1",19.2340450590692,19.2340450590692,19.2340450590692,19.1532223581545,19.1937306571206,19.133672293643,19.2201194288775,18.9435690909303
"2",19.3457177548954,19.3457177548954,19.3457177548954,19.303002296483,19.4021249360293,19.093013629983,19.3036204423898,19.0201226886745
"3",19.4564032002346,19.4564032002346,19.4564032002346,19.3904831253294,19.5501807341318,19.0247369492679,19.3595714558669,19.0734206326174
"4",19.5773378657966,19.5773378657966,19.5773378657966,19.4337739128478,19.6476594722219,18.9879760610381,19.4035642159494,18.930828894261
"5",19.520724196296,19.520724196296,19.520724196296,19.4434825365324,19.7043298488068,18.8360735172724,19.2930540429847,18.7625047127009
"6",19.509900175972,19.509900175972,19.509900175972,19.4312263007299,19.7315592065068,18.7917005073065,19.2811878991162,18.8232114012426
