"","MAPE","MSE","THEIL","BIAS","LOG.LIK","CONF","R2.ADJ","COMMON.TREND"
"1",22.7271198130121,22.7271198130121,22.7271198130121,22.1639853779176,22.0478631392708,22.0786496814506,22.7271198130121,22.0894624587788
"2",23.142259756386,23.142259756386,23.142259756386,22.4632586654395,22.3640877904982,22.3477221308352,23.142259756386,22.2129457496811
"3",22.9564671460271,22.9564671460271,22.9564671460271,22.2418904955702,22.4896937572478,21.9816360056194,22.9564671460271,22.0444274055612
"4",23.0069563226436,23.0069563226436,23.0069563226436,22.3417379030918,22.6523330466192,21.95113608772,23.0069563226436,22.3848932346596
"5",23.6190026871163,23.6190026871163,23.6190026871163,22.7868766082686,22.8054099653964,22.2501992550575,23.6190026871163,22.9604839195154
"6",23.9399693347106,23.9399693347106,23.9399693347106,23.0638611570788,22.9459150022884,22.3772819355723,23.9399693347106,23.0562017214966
