"","MAPE","MSE","THEIL","BIAS","LOG.LIK","CONF","R2.ADJ","COMMON.TREND"
"1",17.7388373076057,17.7388373076057,17.8388499238665,18.1131545768985,17.7994535341648,17.8767733957995,17.9915771690316,17.711977405441
"2",17.7271530068267,17.7271530068267,17.9231184846381,18.5912434691318,17.8156867132366,17.9987402302699,18.3173452384426,17.8713216409077
"3",17.6289652242466,17.6289652242466,17.8663830270525,18.6420667873847,17.8618445112457,17.970550767093,18.4244268265254,17.9724836925946
"4",17.6372264492578,17.6372264492578,17.7579224960157,18.8002087230481,17.9053844342449,18.0387400077959,18.6466037912201,17.9675019787093
"5",17.5720286108719,17.5720286108719,17.6149392580484,19.1003751159226,17.9349617816795,18.1533946225121,18.8297579944733,17.9386664127134
"6",17.5250344712798,17.5250344712798,17.7600790640365,19.3550945758855,17.9472837451506,18.075389574799,18.8425063102648,18.0845147654119
