"","MAPE","MSE","THEIL","BIAS","LOG.LIK","CONF","R2.ADJ","COMMON.TREND"
"1",20.6917623137285,20.6917623137285,20.6917623137285,20.6811962659613,20.5885413288754,20.6988751593238,20.6839870092431,20.4574452644288
"2",20.6706009817288,20.6706009817288,20.6706009817288,20.6929875080417,20.7234514580799,20.5310319271509,20.5117963650102,20.4443971477812
"3",20.6365886777097,20.6365886777097,20.6365886777097,20.7349987777195,20.7551699603459,20.463846157266,20.483456830924,20.4609043457393
