"","MAPE","MSE","THEIL","BIAS","LOG.LIK","CONF","R2.ADJ","COMMON.TREND"
"1",18.817167685883,18.817167685883,18.817167685883,18.9383666980944,19.063826238911,18.4243425096951,18.4243425096951,19.6441654595309
"2",18.9143042116136,18.9143042116136,18.9143042116136,19.0889802711067,19.2679925586934,18.0271738326491,18.0271738326491,19.1813121573258
"3",19.1763684613723,19.1763684613723,19.1763684613723,19.2177835989182,19.4993085398772,18.0244472605697,18.0244472605697,18.7711484434463
"4",19.3514942379622,19.3514942379622,19.3514942379622,19.3991957035186,19.7693525751414,18.1571365827627,18.1571365827627,18.9836645479226
"5",19.5880754885078,19.5880754885078,19.5880754885078,19.5632896587087,20.0125106752523,18.3943131655231,18.3943131655231,19.6900679263578
"6",19.8527913331857,19.8527913331857,19.8527913331857,19.7138307794965,20.2305772171245,18.6809338689056,18.6809338689056,19.7914814762419
