"","MAPE","MSE","THEIL","BIAS","LOG.LIK","CONF","R2.ADJ","COMMON.TREND"
"Tipo.de.cambio",19.7884610618282,19.7884610618282,19.7884610618282,20.0263952906405,20.2050826841612,19.7884610618282,19.7884610618282,19.8445445557024
