"","MAPE","MSE","THEIL","BIAS","LOG.LIK","CONF","R2.ADJ","COMMON.TREND"
"1",19.2648066055301,19.2648066055301,19.2648066055301,19.0095493091033,19.2297890260189,19.120761397374,18.9898874973901,19.2391701425893
"2",19.2592112881994,19.2592112881994,19.2592112881994,19.026355898476,19.2424838339525,19.1150170001551,18.8725013176824,19.3485320616481
"3",19.2062477658257,19.2062477658257,19.2062477658257,19.1303681004839,19.1970348090644,19.0554762509229,18.8223691685393,19.4467759186677
