"","MAPE","MSE","THEIL","BIAS","LOG.LIK","CONF","R2.ADJ","COMMON.TREND"
"1",20.009173967328,20.009173967328,20.009173967328,20.2433787709604,20.2299832455693,20.1430471370321,20.0132022331224,19.8729562000159
"2",20.0230596751437,20.0230596751437,20.0230596751437,20.1559750037408,20.280159237526,20.13921989189,19.825061806072,19.8481018688577
"3",20.8095463167751,20.8095463167751,20.8095463167751,20.8374330314687,20.3665047659394,20.3542405786866,20.5752946980568,19.9560048817662
