"","MAPE","MSE","THEIL","BIAS","LOG.LIK","CONF","R2.ADJ","COMMON.TREND"
"Tipo.de.cambio",19.2069830974153,19.2069830974153,19.2069830974153,19.0658527576224,19.1347081967839,19.1230343130259,19.259075552813,18.9934598153779
