"","MAPE","MSE","THEIL","BIAS","LOG.LIK","CONF","R2.ADJ","COMMON.TREND"
"1",18.9945597600533,18.9945597600533,18.9945597600533,19.1577885940633,18.7311724126688,19.1932670895498,19.1932670895498,19.1932670895498
"2",19.0693576303786,19.0693576303786,19.0693576303786,19.7275354441588,18.7459116217756,19.2959832241597,19.2959832241597,19.2959832241597
"3",19.0045105984572,19.0045105984572,19.0045105984572,19.8416268843169,18.8059194742236,19.2966346631864,19.2966346631864,19.2966346631864
