"","MAPE","MSE","THEIL","BIAS","LOG.LIK","CONF","R2.ADJ","COMMON.TREND"
"Tipo.de.cambio",19.4607388283395,19.4607388283395,19.4607388283395,19.4402776388044,18.9695395483047,19.1458150003515,19.2393021136963,18.8499506180102
