"","MAPE","MSE","THEIL","BIAS","LOG.LIK","CONF","R2.ADJ","COMMON.TREND"
"1",18.2012613986032,18.3297302284753,18.3297302284753,18.3972077157761,18.1095149638893,18.3805415805827,18.3805415805827,18.1847479820571
"2",18.1629590634268,18.410723040286,18.410723040286,18.546611465255,17.9483371831003,18.3929578274849,18.3929578274849,18.1609354237778
"3",18.1987489750143,18.4812495284121,18.4812495284121,18.5366147901382,17.8419769557384,18.3171003159826,18.3171003159826,18.2101108101159
"4",18.2840208324448,18.5578670144962,18.5578670144962,18.5021396127466,17.7775748473702,18.2776815975477,18.2776815975477,18.3286139873559
"5",18.3948125748994,18.8232673820845,18.8232673820845,18.5700073354082,17.739674270002,18.3587704037813,18.3587704037813,18.4122613185654
"6",18.5171165203125,19.0184660117966,19.0184660117966,18.5378466848686,17.7211146003457,18.2875468532708,18.2875468532708,18.4729226026076
