"","MAPE","MSE","THEIL","BIAS","LOG.LIK","CONF","R2.ADJ","COMMON.TREND"
"Tipo.de.cambio",18.9616012518911,18.9616012518911,18.9616012518911,19.0794850122426,19.0108628339177,19.0194284709248,19.0194284709248,18.9668332819806
