"","MAPE","MSE","THEIL","BIAS","LOG.LIK","CONF","R2.ADJ","COMMON.TREND"
"Tipo.de.cambio",20.3010673229314,20.3010673229314,20.3010673229314,20.3746261151605,20.4152034692087,20.319590345175,20.319590345175,20.4344978986641
