"","MAPE","MSE","THEIL","BIAS","LOG.LIK","CONF","R2.ADJ","COMMON.TREND"
"1",18.9616012518911,18.9616012518911,18.9616012518911,19.0794850122426,19.0108628339177,19.0194284709248,19.0194284709248,18.9668332819806
"2",18.8775816445696,18.8775816445696,18.8775816445696,19.211420667114,19.0572556879753,18.8989667756165,18.8989667756165,18.8970072419201
"3",19.0299237042494,19.0299237042494,19.0299237042494,19.1802249379754,19.0982529402051,18.82700848939,18.82700848939,19.0786740726245
"4",19.1176605293766,19.1176605293766,19.1176605293766,19.2580584465064,19.1526754321635,18.7490263930054,18.7490263930054,19.2193026439109
"5",19.0340672713566,19.0340672713566,19.0340672713566,19.3795085794309,19.207815588199,18.7736227924815,18.7736227924815,19.1823850633272
"6",18.9564103204004,18.9564103204004,18.9564103204004,19.3362670574348,19.2655987628578,18.6361088259554,18.6361088259554,19.1402671739356
