"","MAPE","MSE","THEIL","BIAS","LOG.LIK","CONF","R2.ADJ","COMMON.TREND"
"Tipo.de.cambio",18.6108208891655,18.750209223951,18.6108208891655,18.5978096060193,18.6786324978562,18.6374472833492,18.8847577747988,18.5978096060193
