"","MAPE","MSE","THEIL","BIAS","LOG.LIK","CONF","R2.ADJ","COMMON.TREND"
"Tipo.de.cambio",19.2648066055301,19.2648066055301,19.2648066055301,19.0095493091033,19.2297890260189,19.120761397374,18.9898874973901,19.2391701425893
