"","MAPE","MSE","THEIL","BIAS","LOG.LIK","CONF","R2.ADJ","COMMON.TREND"
"1",17.6710808296813,17.6710808296813,17.6710808296813,17.7839846118716,17.866979328531,17.5914064671305,17.5914064671305,17.5795146792627
"2",17.6588898280321,17.6588898280321,17.6588898280321,18.0340361662389,17.956556104538,17.5561884376588,17.5561884376588,17.6246229155733
"3",17.561399684767,17.561399684767,17.561399684767,18.3479766087033,18.0350394494987,17.6456839462296,17.6456839462296,17.6638894619716
"4",17.5798452580309,17.5798452580309,17.5798452580309,18.4917423896655,18.0867476776054,17.5067180515257,17.5067180515257,17.6744900683639
"5",17.331722306602,17.331722306602,17.331722306602,18.5839517806544,18.112432131372,17.4162783625638,17.4162783625638,17.5827082524832
"6",17.0377395157647,17.0377395157647,17.0377395157647,18.7102730535922,18.1124313789199,17.3938127210645,17.3938127210645,17.4289029662012
