"","MAPE","MSE","THEIL","BIAS","LOG.LIK","CONF","R2.ADJ","COMMON.TREND"
"1",19.8531610888738,19.8531610888738,19.8897369398205,19.6955144121502,19.6162954950474,19.9967051476279,19.9967051476279,19.9327911476102
"2",19.7654731804413,19.7654731804413,19.9522463134294,19.675796478179,19.658231214956,20.0300848390156,20.0300848390156,19.8849816715048
"3",19.723170108166,19.723170108166,19.9523411854846,19.7708308099212,19.6382360727703,19.9793285851604,19.9793285851604,19.8911796700931
"4",19.8322574870496,19.8322574870496,20.1618500570225,19.9179783050865,19.6406255115323,20.2613295456122,20.2613295456122,20.0187141279387
"5",19.7811589335461,19.7811589335461,20.2929583890807,19.9673675166581,19.6409211576821,20.444329578309,20.444329578309,19.9984042013926
"6",19.8879898066022,19.8879898066022,20.3148255769863,20.0459139243945,19.6481653312051,20.622582931401,20.622582931401,20.1928055361816
